row_type,ref,handle,name,category,status,moq,currency,price_25,price_50,price_100,price_250,price_500,cost_price,lead_weeks_min,lead_weeks_max,colours,sizes,personalisation_methods,personalisation_positions,artwork_required,description,materials,weight_gsm,care,provenance,country_of_origin,supplier,supplier_ref,colour,sku,price_adjustment,stock_on_hand,reorder_point,image_url,image_alt,image_position,method,position,max_width_mm,max_height_mm,max_colours,artwork_format,notes,setup_cost,priced_by,band_small_max_mm,band_medium_max_mm,mult_2_colours,mult_3_colours,mult_4_colours,size_band,qty_min,unit_cost,provisional
deco_method,,,,,,,,,,,,,,,,,,,,,,,,,,,,,,,,,,,,,embroidery,,,,,,Setup per job. Confirm whether charged per position.,35.00,size,99,150,,,,,,,
deco_method,,,,,,,,,,,,,,,,,,,,,,,,,,,,,,,,,,,,,screen,,,,,,Multipliers absolute against 1 colour. Confirm whether setup is per screen.,40.00,quantity,,,1.200,1.320,1.386,,,,
deco_method,,,,,,,,,,,,,,,,,,,,,,,,,,,,,,,,,,,,,dtf,,,,,,No setup cost recorded.,,size,99,150,,,,,,,
deco_method,,,,,,,,,,,,,,,,,,,,,,,,,,,,,,,,,,,,,dtg,,,,,,"No setup recorded. DTF + 50%, provisional.",,size,99,150,,,,,,,
deco_rate,,,,,,,,,,,,,,,,,,,,,,,,,,,,,,,,,,,,,embroidery,,,,,,,,,,,,,,small,,0.60,
deco_rate,,,,,,,,,,,,,,,,,,,,,,,,,,,,,,,,,,,,,embroidery,,,,,,,,,,,,,,medium,,0.85,
deco_rate,,,,,,,,,,,,,,,,,,,,,,,,,,,,,,,,,,,,,embroidery,,,,,,,,,,,,,,large,,1.20,
deco_rate,,,,,,,,,,,,,,,,,,,,,,,,,,,,,,,,,,,,,dtf,,,,,,,,,,,,,,small,,0.60,
deco_rate,,,,,,,,,,,,,,,,,,,,,,,,,,,,,,,,,,,,,dtf,,,,,,,,,,,,,,medium,,0.90,
deco_rate,,,,,,,,,,,,,,,,,,,,,,,,,,,,,,,,,,,,,dtf,,,,,,,,,,,,,,large,,1.20,
deco_rate,,,,,,,,,,,,,,,,,,,,,,,,,,,,,,,,,,,,,dtg,,,,,,DTF + 50%,,,,,,,,small,,0.90,yes
deco_rate,,,,,,,,,,,,,,,,,,,,,,,,,,,,,,,,,,,,,dtg,,,,,,DTF + 50%,,,,,,,,medium,,1.35,yes
deco_rate,,,,,,,,,,,,,,,,,,,,,,,,,,,,,,,,,,,,,dtg,,,,,,DTF + 50%,,,,,,,,large,,1.80,yes
deco_rate,,,,,,,,,,,,,,,,,,,,,,,,,,,,,,,,,,,,,screen,,,,,,1 colour. 1-9 pieces.,,,,,,,,,1,4.50,
deco_rate,,,,,,,,,,,,,,,,,,,,,,,,,,,,,,,,,,,,,screen,,,,,,1 colour. 10-24 pieces.,,,,,,,,,10,4.30,
deco_rate,,,,,,,,,,,,,,,,,,,,,,,,,,,,,,,,,,,,,screen,,,,,,1 colour. 25-49 pieces.,,,,,,,,,25,4.10,
deco_rate,,,,,,,,,,,,,,,,,,,,,,,,,,,,,,,,,,,,,screen,,,,,,1 colour. 50-99 pieces.,,,,,,,,,50,3.70,
deco_rate,,,,,,,,,,,,,,,,,,,,,,,,,,,,,,,,,,,,,screen,,,,,,"1 colour. 100-249, interpolated pieces.",,,,,,,,,100,2.64,yes
deco_rate,,,,,,,,,,,,,,,,,,,,,,,,,,,,,,,,,,,,,screen,,,,,,"1 colour. 250-499, interpolated pieces.",,,,,,,,,250,1.68,yes
deco_rate,,,,,,,,,,,,,,,,,,,,,,,,,,,,,,,,,,,,,screen,,,,,,1 colour. 500+ pieces.,,,,,,,,,500,1.20,
product,MP-0001,baby-bib,Baby Bib,Accessories,published,25,EUR,19.75,16.59,13.56,11.14,9.99,2.95,3,5,c001|c054,One size,embroidery|screen,front,yes,"Shell: Interlock, 100% Cotton - Organic Ring Spun Combed, Panel washed","Shell: Interlock, 100% Cotton - Organic Ring Spun Combed, Panel washed",210,,,,Stanley/Stella,STAU029,,,,,,,,,,,,,,,cost 2.95; worst-case decoration 5.86 at 100; market blank 3.68; ours 3.68x market,,,,,,,,,,,
variant,MP-0001,,,,published,,,,,,,,,,,,,,,,,,,,,,,,c001,MP0001-C001,0.00,,,,,,,,,,,,,,,,,,,,,,,
variant,MP-0001,,,,published,,,,,,,,,,,,,,,,,,,,,,,,c054,MP0001-C054,0.00,,,,,,,,,,,,,,,,,,,,,,,
image,MP-0001,,,,,,,,,,,,,,,,,,,,,,,,,,,,,,,,,"https://res.cloudinary.com/www-stanleystella-com/image/upload/c_lpad,w_1600,f_auto,q_auto/v1/TechnicalNames/SFM0_STAU029_C001.jpg?_i=AB",Baby Bib in White,1,,,,,,,,,,,,,,,,,,
image,MP-0001,,,,,,,,,,,,,,,,,,,,,,,,,,,,c054,,,,,"https://res.cloudinary.com/www-stanleystella-com/image/upload/c_lpad,w_1600,f_auto,q_auto/v1/TechnicalNames/PBM0_STAU029_C054.jpg?_i=AB",Baby Bib in Natural Raw,2,,,,,,,,,,,,,,,,,,
decoration,MP-0001,,,,,,,,,,,,,,,,,,,,,,,,,,,,,,,,,,,,embroidery,front,160,160,6,Vector or DST,Default maximum for the category — confirm per product.,,,,,,,,,,,
decoration,MP-0001,,,,,,,,,,,,,,,,,,,,,,,,,,,,,,,,,,,,screen,front,300,400,4,Vector,Default maximum for the category — confirm per product.,,,,,,,,,,,
product,MP-0002,bucket-hat,Bucket Hat,Accessories,published,25,EUR,26.36,23.20,20.17,17.76,16.61,7.25,3,5,c002|c250|c007,S/M|M/L,embroidery|screen,front,yes,"Shell: Canvas, 80% Cotton - Recycled,20% Polyester - Recycled, Fabric washed | Lining: Plain Weave, 100% Cotton - Organic Ring Spun Combed","Shell: Canvas, 80% Cotton - Recycled,20% Polyester - Recycled, Fabric washed | Lining: Plain Weave, 100% Cotton - Organic Ring Spun Combed",300,,,,Stanley/Stella,STAU893,,,,,,,,,,,,,,,cost 7.25; worst-case decoration 5.86 at 100; market blank 9.00; ours 2.24x market,,,,,,,,,,,
variant,MP-0002,,,,published,,,,,,,,,,,,,,,,,,,,,,,,c002,MP0002-C002,0.00,,,,,,,,,,,,,,,,,,,,,,,
variant,MP-0002,,,,published,,,,,,,,,,,,,,,,,,,,,,,,c250,MP0002-C250,0.00,,,,,,,,,,,,,,,,,,,,,,,
variant,MP-0002,,,,published,,,,,,,,,,,,,,,,,,,,,,,,c007,MP0002-C007,0.00,,,,,,,,,,,,,,,,,,,,,,,
image,MP-0002,,,,,,,,,,,,,,,,,,,,,,,,,,,,,,,,,"https://res.cloudinary.com/www-stanleystella-com/image/upload/c_lpad,w_1600,f_auto,q_auto/v1/TechnicalNames/SFM5_STAU893_C002.jpg?_i=AB",Bucket Hat in Black,1,,,,,,,,,,,,,,,,,,
image,MP-0002,,,,,,,,,,,,,,,,,,,,,,,,,,,,c250,,,,,"https://res.cloudinary.com/www-stanleystella-com/image/upload/c_lpad,w_1600,f_auto,q_auto/v1/TechnicalNames/SFM0_STAU893_C250.jpg?_i=AB",Bucket Hat in Heather Grey,2,,,,,,,,,,,,,,,,,,
image,MP-0002,,,,,,,,,,,,,,,,,,,,,,,,,,,,c007,,,,,"https://res.cloudinary.com/www-stanleystella-com/image/upload/c_lpad,w_1600,f_auto,q_auto/v1/TechnicalNames/SFM5_STAU893_C007.jpg?_i=AB",Bucket Hat in Natural,3,,,,,,,,,,,,,,,,,,
decoration,MP-0002,,,,,,,,,,,,,,,,,,,,,,,,,,,,,,,,,,,,embroidery,front,160,160,6,Vector or DST,Default maximum for the category — confirm per product.,,,,,,,,,,,
decoration,MP-0002,,,,,,,,,,,,,,,,,,,,,,,,,,,,,,,,,,,,screen,front,300,400,4,Vector,Default maximum for the category — confirm per product.,,,,,,,,,,,
product,MP-0003,duffle-bag,Duffle Bag,Accessories,published,25,EUR,38.13,34.97,31.94,29.53,28.38,14.90,3,5,c002|c250|c007,One size,embroidery|screen,front,yes,"Shell: Canvas, 80% Cotton - Recycled,20% Polyester - Recycled, Fabric washed | Lining: Plain Weave, 100% Cotton - Organic Ring Spun Combed","Shell: Canvas, 80% Cotton - Recycled,20% Polyester - Recycled, Fabric washed | Lining: Plain Weave, 100% Cotton - Organic Ring Spun Combed",300,,,,Stanley/Stella,STAU892,,,,,,,,,,,,,,,cost 14.90; worst-case decoration 5.86 at 100; market blank 18.27; ours 1.75x market,,,,,,,,,,,
variant,MP-0003,,,,published,,,,,,,,,,,,,,,,,,,,,,,,c002,MP0003-C002,0.00,,,,,,,,,,,,,,,,,,,,,,,
variant,MP-0003,,,,published,,,,,,,,,,,,,,,,,,,,,,,,c250,MP0003-C250,0.00,,,,,,,,,,,,,,,,,,,,,,,
variant,MP-0003,,,,published,,,,,,,,,,,,,,,,,,,,,,,,c007,MP0003-C007,0.00,,,,,,,,,,,,,,,,,,,,,,,
image,MP-0003,,,,,,,,,,,,,,,,,,,,,,,,,,,,,,,,,"https://res.cloudinary.com/www-stanleystella-com/image/upload/c_lpad,w_1600,f_auto,q_auto/v1/TechnicalNames/SFM0_STAU892_C002.jpg?_i=AB",Duffle Bag in Black,1,,,,,,,,,,,,,,,,,,
image,MP-0003,,,,,,,,,,,,,,,,,,,,,,,,,,,,c250,,,,,"https://res.cloudinary.com/www-stanleystella-com/image/upload/c_lpad,w_1600,f_auto,q_auto/v1/TechnicalNames/SFM5_STAU892_C250.jpg?_i=AB",Duffle Bag in Heather Grey,2,,,,,,,,,,,,,,,,,,
image,MP-0003,,,,,,,,,,,,,,,,,,,,,,,,,,,,c007,,,,,"https://res.cloudinary.com/www-stanleystella-com/image/upload/c_lpad,w_1600,f_auto,q_auto/v1/TechnicalNames/SFM6_STAU892_C007.jpg?_i=AB",Duffle Bag in Natural,3,,,,,,,,,,,,,,,,,,
decoration,MP-0003,,,,,,,,,,,,,,,,,,,,,,,,,,,,,,,,,,,,embroidery,front,160,160,6,Vector or DST,Default maximum for the category — confirm per product.,,,,,,,,,,,
decoration,MP-0003,,,,,,,,,,,,,,,,,,,,,,,,,,,,,,,,,,,,screen,front,300,400,4,Vector,Default maximum for the category — confirm per product.,,,,,,,,,,,
product,MP-0004,fielder,Fielder,Accessories,published,25,EUR,,,,,,,3,5,c002|c727|c151|c153,One size,embroidery|screen,front,yes,"Shell: Jersey Knit, 100% Cotton - Organic Ring Spun Combed, Garment washed","Shell: Jersey Knit, 100% Cotton - Organic Ring Spun Combed, Garment washed",,,,,Stanley/Stella,STAU297,,,,,,,,,,,,,,,No supplier cost on file — quote on inquiry.,,,,,,,,,,,
variant,MP-0004,,,,published,,,,,,,,,,,,,,,,,,,,,,,,c002,MP0004-C002,0.00,,,,,,,,,,,,,,,,,,,,,,,
variant,MP-0004,,,,published,,,,,,,,,,,,,,,,,,,,,,,,c727,MP0004-C727,0.00,,,,,,,,,,,,,,,,,,,,,,,
variant,MP-0004,,,,published,,,,,,,,,,,,,,,,,,,,,,,,c151,MP0004-C151,0.00,,,,,,,,,,,,,,,,,,,,,,,
variant,MP-0004,,,,published,,,,,,,,,,,,,,,,,,,,,,,,c153,MP0004-C153,0.00,,,,,,,,,,,,,,,,,,,,,,,
image,MP-0004,,,,,,,,,,,,,,,,,,,,,,,,,,,,,,,,,"https://res.cloudinary.com/www-stanleystella-com/image/upload/c_lpad,w_1600,f_auto,q_auto/v1/TechnicalNames/SBM0_STAU297_C002.jpg?_i=AB",Fielder in Black,1,,,,,,,,,,,,,,,,,,
image,MP-0004,,,,,,,,,,,,,,,,,,,,,,,,,,,,c727,,,,,"https://res.cloudinary.com/www-stanleystella-com/image/upload/c_lpad,w_1600,f_auto,q_auto/v1/TechnicalNames/SBM0_STAU297_C727.jpg?_i=AB",Fielder in French Navy,2,,,,,,,,,,,,,,,,,,
image,MP-0004,,,,,,,,,,,,,,,,,,,,,,,,,,,,c151,,,,,"https://res.cloudinary.com/www-stanleystella-com/image/upload/c_lpad,w_1600,f_auto,q_auto/v1/TechnicalNames/SFD1_STAU297_C151.jpg?_i=AB",Fielder in Deep Plum,3,,,,,,,,,,,,,,,,,,
image,MP-0004,,,,,,,,,,,,,,,,,,,,,,,,,,,,c153,,,,,"https://res.cloudinary.com/www-stanleystella-com/image/upload/c_lpad,w_1600,f_auto,q_auto/v1/TechnicalNames/SBM0_STAU297_C153.jpg?_i=AB",Fielder in Faded Olive,4,,,,,,,,,,,,,,,,,,
decoration,MP-0004,,,,,,,,,,,,,,,,,,,,,,,,,,,,,,,,,,,,embroidery,front,160,160,6,Vector or DST,Default maximum for the category — confirm per product.,,,,,,,,,,,
decoration,MP-0004,,,,,,,,,,,,,,,,,,,,,,,,,,,,,,,,,,,,screen,front,300,400,4,Vector,Default maximum for the category — confirm per product.,,,,,,,,,,,
product,MP-0005,fisherman-beanie,Fisherman Beanie,Accessories,published,25,EUR,26.44,23.28,20.25,17.83,16.69,7.30,3,5,c002|c727|c086|c115|c089|c702|c223|c730|c135|c007|c650,One size,embroidery|screen,front,yes,"Shell: 1x1 Fisherman rib, 95% Cotton - Organic Ring Spun Combed,5% Elastane, Fabric washed","Shell: 1x1 Fisherman rib, 95% Cotton - Organic Ring Spun Combed,5% Elastane, Fabric washed",,,,,Stanley/Stella,STAU771,,,,,,,,,,,,,,,cost 7.30; worst-case decoration 5.86 at 100; market blank 8.83; ours 2.29x market,,,,,,,,,,,
variant,MP-0005,,,,published,,,,,,,,,,,,,,,,,,,,,,,,c002,MP0005-C002,0.00,,,,,,,,,,,,,,,,,,,,,,,
variant,MP-0005,,,,published,,,,,,,,,,,,,,,,,,,,,,,,c727,MP0005-C727,0.00,,,,,,,,,,,,,,,,,,,,,,,
variant,MP-0005,,,,published,,,,,,,,,,,,,,,,,,,,,,,,c086,MP0005-C086,0.00,,,,,,,,,,,,,,,,,,,,,,,
variant,MP-0005,,,,published,,,,,,,,,,,,,,,,,,,,,,,,c115,MP0005-C115,0.00,,,,,,,,,,,,,,,,,,,,,,,
variant,MP-0005,,,,published,,,,,,,,,,,,,,,,,,,,,,,,c089,MP0005-C089,0.00,,,,,,,,,,,,,,,,,,,,,,,
variant,MP-0005,,,,published,,,,,,,,,,,,,,,,,,,,,,,,c702,MP0005-C702,0.00,,,,,,,,,,,,,,,,,,,,,,,
variant,MP-0005,,,,published,,,,,,,,,,,,,,,,,,,,,,,,c223,MP0005-C223,0.00,,,,,,,,,,,,,,,,,,,,,,,
variant,MP-0005,,,,published,,,,,,,,,,,,,,,,,,,,,,,,c730,MP0005-C730,0.00,,,,,,,,,,,,,,,,,,,,,,,
variant,MP-0005,,,,published,,,,,,,,,,,,,,,,,,,,,,,,c135,MP0005-C135,0.00,,,,,,,,,,,,,,,,,,,,,,,
variant,MP-0005,,,,published,,,,,,,,,,,,,,,,,,,,,,,,c007,MP0005-C007,0.00,,,,,,,,,,,,,,,,,,,,,,,
variant,MP-0005,,,,published,,,,,,,,,,,,,,,,,,,,,,,,c650,MP0005-C650,0.00,,,,,,,,,,,,,,,,,,,,,,,
image,MP-0005,,,,,,,,,,,,,,,,,,,,,,,,,,,,,,,,,"https://res.cloudinary.com/www-stanleystella-com/image/upload/c_lpad,w_1600,f_auto,q_auto/v1/TechnicalNames/SFD1_STAU771_C002.jpg?_i=AB",Fisherman Beanie in Black,1,,,,,,,,,,,,,,,,,,
image,MP-0005,,,,,,,,,,,,,,,,,,,,,,,,,,,,c727,,,,,"https://res.cloudinary.com/www-stanleystella-com/image/upload/c_lpad,w_1600,f_auto,q_auto/v1/TechnicalNames/SFD1_STAU771_C727.jpg?_i=AB",Fisherman Beanie in French Navy,2,,,,,,,,,,,,,,,,,,
image,MP-0005,,,,,,,,,,,,,,,,,,,,,,,,,,,,c086,,,,,"https://res.cloudinary.com/www-stanleystella-com/image/upload/c_lpad,w_1600,f_auto,q_auto/v1/TechnicalNames/PFM0_STAU771_C086.jpg?_i=AB",Fisherman Beanie in Red Earth,3,,,,,,,,,,,,,,,,,,
image,MP-0005,,,,,,,,,,,,,,,,,,,,,,,,,,,,c115,,,,,"https://res.cloudinary.com/www-stanleystella-com/image/upload/c_lpad,w_1600,f_auto,q_auto/v1/TechnicalNames/PBM0_STAU771_C115.jpg?_i=AB",Fisherman Beanie in Purple Love,4,,,,,,,,,,,,,,,,,,
image,MP-0005,,,,,,,,,,,,,,,,,,,,,,,,,,,,c089,,,,,"https://res.cloudinary.com/www-stanleystella-com/image/upload/c_lpad,w_1600,f_auto,q_auto/v1/TechnicalNames/SFM5_STAU771_C089.jpg?_i=AB",Fisherman Beanie in Aloe,5,,,,,,,,,,,,,,,,,,
image,MP-0005,,,,,,,,,,,,,,,,,,,,,,,,,,,,c702,,,,,"https://res.cloudinary.com/www-stanleystella-com/image/upload/c_lpad,w_1600,f_auto,q_auto/v1/TechnicalNames/PFM0_STAU771_C702.jpg?_i=AB",Fisherman Beanie in Stargazer,6,,,,,,,,,,,,,,,,,,
image,MP-0005,,,,,,,,,,,,,,,,,,,,,,,,,,,,c223,,,,,"https://res.cloudinary.com/www-stanleystella-com/image/upload/c_lpad,w_1600,f_auto,q_auto/v1/TechnicalNames/PFM0_STAU771_C223.jpg?_i=AB",Fisherman Beanie in Khaki,7,,,,,,,,,,,,,,,,,,
image,MP-0005,,,,,,,,,,,,,,,,,,,,,,,,,,,,c730,,,,,"https://res.cloudinary.com/www-stanleystella-com/image/upload/c_lpad,w_1600,f_auto,q_auto/v1/TechnicalNames/PBM0_STAU771_C730.jpg?_i=AB",Fisherman Beanie in Heritage Brown,8,,,,,,,,,,,,,,,,,,
image,MP-0005,,,,,,,,,,,,,,,,,,,,,,,,,,,,c135,,,,,"https://res.cloudinary.com/www-stanleystella-com/image/upload/c_lpad,w_1600,f_auto,q_auto/v1/TechnicalNames/PBM0_STAU771_C135.jpg?_i=AB",Fisherman Beanie in Mocha,9,,,,,,,,,,,,,,,,,,
image,MP-0005,,,,,,,,,,,,,,,,,,,,,,,,,,,,c007,,,,,"https://res.cloudinary.com/www-stanleystella-com/image/upload/c_lpad,w_1600,f_auto,q_auto/v1/TechnicalNames/SFM6_STAU771_C007.jpg?_i=AB",Fisherman Beanie in Natural,10,,,,,,,,,,,,,,,,,,
image,MP-0005,,,,,,,,,,,,,,,,,,,,,,,,,,,,c650,,,,,"https://res.cloudinary.com/www-stanleystella-com/image/upload/c_lpad,w_1600,f_auto,q_auto/v1/TechnicalNames/PFM0_STAU771_C650.jpg?_i=AB",Fisherman Beanie in Mid Heather Grey,11,,,,,,,,,,,,,,,,,,
decoration,MP-0005,,,,,,,,,,,,,,,,,,,,,,,,,,,,,,,,,,,,embroidery,front,160,160,6,Vector or DST,Default maximum for the category — confirm per product.,,,,,,,,,,,
decoration,MP-0005,,,,,,,,,,,,,,,,,,,,,,,,,,,,,,,,,,,,screen,front,300,400,4,Vector,Default maximum for the category — confirm per product.,,,,,,,,,,,
product,MP-0006,fisherman-beanie-2-0,Fisherman Beanie 2.0,Accessories,published,25,EUR,26.44,23.28,20.25,17.83,16.69,7.30,3,5,c002|c727|c150|c136|c223|c153|c135|c007,One size,embroidery|screen,front,yes,"Shell: 2x2 Rib, 93% Cotton - Organic,1% Elastane,6% Polyamide - Recycled, Fabric washed","Shell: 2x2 Rib, 93% Cotton - Organic,1% Elastane,6% Polyamide - Recycled, Fabric washed",,,,,Stanley/Stella,STAU296,,,,,,,,,,,,,,,cost 7.30; worst-case decoration 5.86 at 100; market blank 8.88; ours 2.28x market,,,,,,,,,,,
variant,MP-0006,,,,published,,,,,,,,,,,,,,,,,,,,,,,,c002,MP0006-C002,0.00,,,,,,,,,,,,,,,,,,,,,,,
variant,MP-0006,,,,published,,,,,,,,,,,,,,,,,,,,,,,,c727,MP0006-C727,0.00,,,,,,,,,,,,,,,,,,,,,,,
variant,MP-0006,,,,published,,,,,,,,,,,,,,,,,,,,,,,,c150,MP0006-C150,0.00,,,,,,,,,,,,,,,,,,,,,,,
variant,MP-0006,,,,published,,,,,,,,,,,,,,,,,,,,,,,,c136,MP0006-C136,0.00,,,,,,,,,,,,,,,,,,,,,,,
variant,MP-0006,,,,published,,,,,,,,,,,,,,,,,,,,,,,,c223,MP0006-C223,0.00,,,,,,,,,,,,,,,,,,,,,,,
variant,MP-0006,,,,published,,,,,,,,,,,,,,,,,,,,,,,,c153,MP0006-C153,0.00,,,,,,,,,,,,,,,,,,,,,,,
variant,MP-0006,,,,published,,,,,,,,,,,,,,,,,,,,,,,,c135,MP0006-C135,0.00,,,,,,,,,,,,,,,,,,,,,,,
variant,MP-0006,,,,published,,,,,,,,,,,,,,,,,,,,,,,,c007,MP0006-C007,0.00,,,,,,,,,,,,,,,,,,,,,,,
image,MP-0006,,,,,,,,,,,,,,,,,,,,,,,,,,,,,,,,,"https://res.cloudinary.com/www-stanleystella-com/image/upload/c_lpad,w_1600,f_auto,q_auto/v1/TechnicalNames/SBM5_STAU296_C002.jpg?_i=AB",Fisherman Beanie 2.0 in Black,1,,,,,,,,,,,,,,,,,,
image,MP-0006,,,,,,,,,,,,,,,,,,,,,,,,,,,,c727,,,,,"https://res.cloudinary.com/www-stanleystella-com/image/upload/c_lpad,w_1600,f_auto,q_auto/v1/TechnicalNames/SBM5_STAU296_C727.jpg?_i=AB",Fisherman Beanie 2.0 in French Navy,2,,,,,,,,,,,,,,,,,,
image,MP-0006,,,,,,,,,,,,,,,,,,,,,,,,,,,,c150,,,,,"https://res.cloudinary.com/www-stanleystella-com/image/upload/c_lpad,w_1600,f_auto,q_auto/v1/TechnicalNames/SBM5_STAU296_C150.jpg?_i=AB",Fisherman Beanie 2.0 in Earthy Red,3,,,,,,,,,,,,,,,,,,
image,MP-0006,,,,,,,,,,,,,,,,,,,,,,,,,,,,c136,,,,,"https://res.cloudinary.com/www-stanleystella-com/image/upload/c_lpad,w_1600,f_auto,q_auto/v1/TechnicalNames/SBM0_STAU296_C136.jpg?_i=AB",Fisherman Beanie 2.0 in Deep Teal,4,,,,,,,,,,,,,,,,,,
image,MP-0006,,,,,,,,,,,,,,,,,,,,,,,,,,,,c223,,,,,"https://res.cloudinary.com/www-stanleystella-com/image/upload/c_lpad,w_1600,f_auto,q_auto/v1/TechnicalNames/SBM5_STAU296_C223.jpg?_i=AB",Fisherman Beanie 2.0 in Khaki,5,,,,,,,,,,,,,,,,,,
image,MP-0006,,,,,,,,,,,,,,,,,,,,,,,,,,,,c153,,,,,"https://res.cloudinary.com/www-stanleystella-com/image/upload/c_lpad,w_1600,f_auto,q_auto/v1/TechnicalNames/SBM5_STAU296_C153.jpg?_i=AB",Fisherman Beanie 2.0 in Faded Olive,6,,,,,,,,,,,,,,,,,,
image,MP-0006,,,,,,,,,,,,,,,,,,,,,,,,,,,,c135,,,,,"https://res.cloudinary.com/www-stanleystella-com/image/upload/c_lpad,w_1600,f_auto,q_auto/v1/TechnicalNames/SFM6_STAU296_C135.jpg?_i=AB",Fisherman Beanie 2.0 in Mocha,7,,,,,,,,,,,,,,,,,,
image,MP-0006,,,,,,,,,,,,,,,,,,,,,,,,,,,,c007,,,,,"https://res.cloudinary.com/www-stanleystella-com/image/upload/c_lpad,w_1600,f_auto,q_auto/v1/TechnicalNames/PBM0_STAU296_C007.jpg?_i=AB",Fisherman Beanie 2.0 in Natural,8,,,,,,,,,,,,,,,,,,
decoration,MP-0006,,,,,,,,,,,,,,,,,,,,,,,,,,,,,,,,,,,,embroidery,front,160,160,6,Vector or DST,Default maximum for the category — confirm per product.,,,,,,,,,,,
decoration,MP-0006,,,,,,,,,,,,,,,,,,,,,,,,,,,,,,,,,,,,screen,front,300,400,4,Vector,Default maximum for the category — confirm per product.,,,,,,,,,,,
product,MP-0007,gym-bag,Gym Bag,Accessories,published,25,EUR,24.06,20.89,17.87,15.45,14.30,5.75,3,5,c002|c250|c007,One size,embroidery|screen,front,yes,"Shell: Canvas, 80% Cotton - Recycled,20% Polyester - Recycled, Fabric washed","Shell: Canvas, 80% Cotton - Recycled,20% Polyester - Recycled, Fabric washed",300,,,,Stanley/Stella,STAU763,,,,,,,,,,,,,,,cost 5.75; worst-case decoration 5.86 at 100; market blank 7.05; ours 2.53x market,,,,,,,,,,,
variant,MP-0007,,,,published,,,,,,,,,,,,,,,,,,,,,,,,c002,MP0007-C002,0.00,,,,,,,,,,,,,,,,,,,,,,,
variant,MP-0007,,,,published,,,,,,,,,,,,,,,,,,,,,,,,c250,MP0007-C250,0.00,,,,,,,,,,,,,,,,,,,,,,,
variant,MP-0007,,,,published,,,,,,,,,,,,,,,,,,,,,,,,c007,MP0007-C007,0.00,,,,,,,,,,,,,,,,,,,,,,,
image,MP-0007,,,,,,,,,,,,,,,,,,,,,,,,,,,,,,,,,"https://res.cloudinary.com/www-stanleystella-com/image/upload/c_lpad,w_1600,f_auto,q_auto/v1/TechnicalNames/SBM0_STAU763_C002.jpg?_i=AB",Gym Bag in Black,1,,,,,,,,,,,,,,,,,,
image,MP-0007,,,,,,,,,,,,,,,,,,,,,,,,,,,,c250,,,,,"https://res.cloudinary.com/www-stanleystella-com/image/upload/c_lpad,w_1600,f_auto,q_auto/v1/TechnicalNames/SFM0_STAU763_C250.jpg?_i=AB",Gym Bag in Heather Grey,2,,,,,,,,,,,,,,,,,,
image,MP-0007,,,,,,,,,,,,,,,,,,,,,,,,,,,,c007,,,,,"https://res.cloudinary.com/www-stanleystella-com/image/upload/c_lpad,w_1600,f_auto,q_auto/v1/TechnicalNames/SFD5_STAU763_C007.jpg?_i=AB",Gym Bag in Natural,3,,,,,,,,,,,,,,,,,,
decoration,MP-0007,,,,,,,,,,,,,,,,,,,,,,,,,,,,,,,,,,,,embroidery,front,160,160,6,Vector or DST,Default maximum for the category — confirm per product.,,,,,,,,,,,
decoration,MP-0007,,,,,,,,,,,,,,,,,,,,,,,,,,,,,,,,,,,,screen,front,300,400,4,Vector,Default maximum for the category — confirm per product.,,,,,,,,,,,
product,MP-0008,hip-bag,Hip Bag,Accessories,published,25,EUR,30.21,27.05,24.02,21.60,20.46,9.75,3,5,c002|c250|c007,One size,embroidery|screen,front,yes,"Shell: Canvas, 80% Cotton - Recycled,20% Polyester - Recycled, Fabric washed | Lining: Plain Weave, 100% Cotton - Organic Ring Spun Combed","Shell: Canvas, 80% Cotton - Recycled,20% Polyester - Recycled, Fabric washed | Lining: Plain Weave, 100% Cotton - Organic Ring Spun Combed",300,,,,Stanley/Stella,STAU891,,,,,,,,,,,,,,,cost 9.75; worst-case decoration 5.86 at 100; market blank 11.99; ours 2.00x market,,,,,,,,,,,
variant,MP-0008,,,,published,,,,,,,,,,,,,,,,,,,,,,,,c002,MP0008-C002,0.00,,,,,,,,,,,,,,,,,,,,,,,
variant,MP-0008,,,,published,,,,,,,,,,,,,,,,,,,,,,,,c250,MP0008-C250,0.00,,,,,,,,,,,,,,,,,,,,,,,
variant,MP-0008,,,,published,,,,,,,,,,,,,,,,,,,,,,,,c007,MP0008-C007,0.00,,,,,,,,,,,,,,,,,,,,,,,
image,MP-0008,,,,,,,,,,,,,,,,,,,,,,,,,,,,,,,,,"https://res.cloudinary.com/www-stanleystella-com/image/upload/c_lpad,w_1600,f_auto,q_auto/v1/TechnicalNames/SFM5_STAU891_C002.jpg?_i=AB",Hip Bag in Black,1,,,,,,,,,,,,,,,,,,
image,MP-0008,,,,,,,,,,,,,,,,,,,,,,,,,,,,c250,,,,,"https://res.cloudinary.com/www-stanleystella-com/image/upload/c_lpad,w_1600,f_auto,q_auto/v1/TechnicalNames/SFM5_STAU891_C250.jpg?_i=AB",Hip Bag in Heather Grey,2,,,,,,,,,,,,,,,,,,
image,MP-0008,,,,,,,,,,,,,,,,,,,,,,,,,,,,c007,,,,,"https://res.cloudinary.com/www-stanleystella-com/image/upload/c_lpad,w_1600,f_auto,q_auto/v1/TechnicalNames/SFM0_STAU891_C007.jpg?_i=AB",Hip Bag in Natural,3,,,,,,,,,,,,,,,,,,
decoration,MP-0008,,,,,,,,,,,,,,,,,,,,,,,,,,,,,,,,,,,,embroidery,front,160,160,6,Vector or DST,Default maximum for the category — confirm per product.,,,,,,,,,,,
decoration,MP-0008,,,,,,,,,,,,,,,,,,,,,,,,,,,,,,,,,,,,screen,front,300,400,4,Vector,Default maximum for the category — confirm per product.,,,,,,,,,,,
product,MP-0009,light-tote-bag,Light Tote Bag,Accessories,published,25,EUR,18.55,15.39,12.36,9.94,8.79,2.17,3,5,c002|c001|c727|c054|c005|c244|c004|c359|c230|c145|c232|c724|c224|c060|c059|c223|c204|c253,One size,embroidery|screen,front,yes,"Shell: Plain Weave, 100% Cotton - Organic Ring Spun Combed, Fabric washed","Shell: Plain Weave, 100% Cotton - Organic Ring Spun Combed, Fabric washed",160,,,,Stanley/Stella,STAU773,,,,,,,,,,,,,,,cost 2.17; worst-case decoration 5.86 at 100; market blank 2.73; ours 4.53x market,,,,,,,,,,,
variant,MP-0009,,,,published,,,,,,,,,,,,,,,,,,,,,,,,c002,MP0009-C002,0.00,,,,,,,,,,,,,,,,,,,,,,,
variant,MP-0009,,,,published,,,,,,,,,,,,,,,,,,,,,,,,c001,MP0009-C001,0.00,,,,,,,,,,,,,,,,,,,,,,,
variant,MP-0009,,,,published,,,,,,,,,,,,,,,,,,,,,,,,c727,MP0009-C727,0.00,,,,,,,,,,,,,,,,,,,,,,,
variant,MP-0009,,,,published,,,,,,,,,,,,,,,,,,,,,,,,c054,MP0009-C054,0.00,,,,,,,,,,,,,,,,,,,,,,,
variant,MP-0009,,,,published,,,,,,,,,,,,,,,,,,,,,,,,c005,MP0009-C005,0.00,,,,,,,,,,,,,,,,,,,,,,,
variant,MP-0009,,,,published,,,,,,,,,,,,,,,,,,,,,,,,c244,MP0009-C244,0.00,,,,,,,,,,,,,,,,,,,,,,,
variant,MP-0009,,,,published,,,,,,,,,,,,,,,,,,,,,,,,c004,MP0009-C004,0.00,,,,,,,,,,,,,,,,,,,,,,,
variant,MP-0009,,,,published,,,,,,,,,,,,,,,,,,,,,,,,c359,MP0009-C359,0.00,,,,,,,,,,,,,,,,,,,,,,,
variant,MP-0009,,,,published,,,,,,,,,,,,,,,,,,,,,,,,c230,MP0009-C230,0.00,,,,,,,,,,,,,,,,,,,,,,,
variant,MP-0009,,,,published,,,,,,,,,,,,,,,,,,,,,,,,c145,MP0009-C145,0.00,,,,,,,,,,,,,,,,,,,,,,,
variant,MP-0009,,,,published,,,,,,,,,,,,,,,,,,,,,,,,c232,MP0009-C232,0.00,,,,,,,,,,,,,,,,,,,,,,,
variant,MP-0009,,,,published,,,,,,,,,,,,,,,,,,,,,,,,c724,MP0009-C724,0.00,,,,,,,,,,,,,,,,,,,,,,,
variant,MP-0009,,,,published,,,,,,,,,,,,,,,,,,,,,,,,c224,MP0009-C224,0.00,,,,,,,,,,,,,,,,,,,,,,,
variant,MP-0009,,,,published,,,,,,,,,,,,,,,,,,,,,,,,c060,MP0009-C060,0.00,,,,,,,,,,,,,,,,,,,,,,,
variant,MP-0009,,,,published,,,,,,,,,,,,,,,,,,,,,,,,c059,MP0009-C059,0.00,,,,,,,,,,,,,,,,,,,,,,,
variant,MP-0009,,,,published,,,,,,,,,,,,,,,,,,,,,,,,c223,MP0009-C223,0.00,,,,,,,,,,,,,,,,,,,,,,,
variant,MP-0009,,,,published,,,,,,,,,,,,,,,,,,,,,,,,c204,MP0009-C204,0.00,,,,,,,,,,,,,,,,,,,,,,,
variant,MP-0009,,,,published,,,,,,,,,,,,,,,,,,,,,,,,c253,MP0009-C253,0.00,,,,,,,,,,,,,,,,,,,,,,,
image,MP-0009,,,,,,,,,,,,,,,,,,,,,,,,,,,,,,,,,"https://res.cloudinary.com/www-stanleystella-com/image/upload/c_lpad,w_1600,f_auto,q_auto/v1/TechnicalNames/SFM2_STAU773_C002.jpg?_i=AB",Light Tote Bag in Black,1,,,,,,,,,,,,,,,,,,
image,MP-0009,,,,,,,,,,,,,,,,,,,,,,,,,,,,c001,,,,,"https://res.cloudinary.com/www-stanleystella-com/image/upload/c_lpad,w_1600,f_auto,q_auto/v1/TechnicalNames/SFM0_STAU773_C001.jpg?_i=AB",Light Tote Bag in White,2,,,,,,,,,,,,,,,,,,
image,MP-0009,,,,,,,,,,,,,,,,,,,,,,,,,,,,c727,,,,,"https://res.cloudinary.com/www-stanleystella-com/image/upload/c_lpad,w_1600,f_auto,q_auto/v1/TechnicalNames/SFM0_STAU773_C727.jpg?_i=AB",Light Tote Bag in French Navy,3,,,,,,,,,,,,,,,,,,
image,MP-0009,,,,,,,,,,,,,,,,,,,,,,,,,,,,c054,,,,,"https://res.cloudinary.com/www-stanleystella-com/image/upload/c_lpad,w_1600,f_auto,q_auto/v1/TechnicalNames/PFM0_STAU773_C054.jpg?_i=AB",Light Tote Bag in Natural Raw,4,,,,,,,,,,,,,,,,,,
image,MP-0009,,,,,,,,,,,,,,,,,,,,,,,,,,,,c005,,,,,"https://res.cloudinary.com/www-stanleystella-com/image/upload/c_lpad,w_1600,f_auto,q_auto/v1/TechnicalNames/SFM5_STAU773_C005.jpg?_i=AB",Light Tote Bag in Cotton Pink,5,,,,,,,,,,,,,,,,,,
image,MP-0009,,,,,,,,,,,,,,,,,,,,,,,,,,,,c244,,,,,"https://res.cloudinary.com/www-stanleystella-com/image/upload/c_lpad,w_1600,f_auto,q_auto/v1/TechnicalNames/SFM2_STAU773_C244.jpg?_i=AB",Light Tote Bag in Burgundy,6,,,,,,,,,,,,,,,,,,
image,MP-0009,,,,,,,,,,,,,,,,,,,,,,,,,,,,c004,,,,,"https://res.cloudinary.com/www-stanleystella-com/image/upload/c_lpad,w_1600,f_auto,q_auto/v1/TechnicalNames/PBM0_STAU773_C004.jpg?_i=AB",Light Tote Bag in Red,7,,,,,,,,,,,,,,,,,,
image,MP-0009,,,,,,,,,,,,,,,,,,,,,,,,,,,,c359,,,,,"https://res.cloudinary.com/www-stanleystella-com/image/upload/c_lpad,w_1600,f_auto,q_auto/v1/TechnicalNames/SFM0_STAU773_C359.jpg?_i=AB",Light Tote Bag in Dusk,8,,,,,,,,,,,,,,,,,,
image,MP-0009,,,,,,,,,,,,,,,,,,,,,,,,,,,,c230,,,,,"https://res.cloudinary.com/www-stanleystella-com/image/upload/c_lpad,w_1600,f_auto,q_auto/v1/TechnicalNames/SFD0_STAU773_C230.jpg?_i=AB",Light Tote Bag in Royal Blue,9,,,,,,,,,,,,,,,,,,
image,MP-0009,,,,,,,,,,,,,,,,,,,,,,,,,,,,c145,,,,,"https://res.cloudinary.com/www-stanleystella-com/image/upload/c_lpad,w_1600,f_auto,q_auto/v1/TechnicalNames/PFM0_STAU773_C145.jpg?_i=AB",Light Tote Bag in Aqua Blue,10,,,,,,,,,,,,,,,,,,
image,MP-0009,,,,,,,,,,,,,,,,,,,,,,,,,,,,c232,,,,,"https://res.cloudinary.com/www-stanleystella-com/image/upload/c_lpad,w_1600,f_auto,q_auto/v1/TechnicalNames/SFM5_STAU773_C232.jpg?_i=AB",Light Tote Bag in Sky blue,11,,,,,,,,,,,,,,,,,,
image,MP-0009,,,,,,,,,,,,,,,,,,,,,,,,,,,,c724,,,,,"https://res.cloudinary.com/www-stanleystella-com/image/upload/c_lpad,w_1600,f_auto,q_auto/v1/TechnicalNames/SFM5_STAU773_C724.jpg?_i=AB",Light Tote Bag in Caribbean Blue,12,,,,,,,,,,,,,,,,,,
image,MP-0009,,,,,,,,,,,,,,,,,,,,,,,,,,,,c224,,,,,"https://res.cloudinary.com/www-stanleystella-com/image/upload/c_lpad,w_1600,f_auto,q_auto/v1/TechnicalNames/PFM0_STAU773_C224.jpg?_i=AB",Light Tote Bag in Bottle Green,13,,,,,,,,,,,,,,,,,,
image,MP-0009,,,,,,,,,,,,,,,,,,,,,,,,,,,,c060,,,,,"https://res.cloudinary.com/www-stanleystella-com/image/upload/c_lpad,w_1600,f_auto,q_auto/v1/TechnicalNames/PFM0_STAU773_C060.jpg?_i=AB",Light Tote Bag in Teal Monstera,14,,,,,,,,,,,,,,,,,,
image,MP-0009,,,,,,,,,,,,,,,,,,,,,,,,,,,,c059,,,,,"https://res.cloudinary.com/www-stanleystella-com/image/upload/c_lpad,w_1600,f_auto,q_auto/v1/TechnicalNames/SFD1_STAU773_C059.jpg?_i=AB",Light Tote Bag in Stem Green,15,,,,,,,,,,,,,,,,,,
image,MP-0009,,,,,,,,,,,,,,,,,,,,,,,,,,,,c223,,,,,"https://res.cloudinary.com/www-stanleystella-com/image/upload/c_lpad,w_1600,f_auto,q_auto/v1/TechnicalNames/SFM0_STAU773_C223.jpg?_i=AB",Light Tote Bag in Khaki,16,,,,,,,,,,,,,,,,,,
image,MP-0009,,,,,,,,,,,,,,,,,,,,,,,,,,,,c204,,,,,"https://res.cloudinary.com/www-stanleystella-com/image/upload/c_lpad,w_1600,f_auto,q_auto/v1/TechnicalNames/SFM5_STAU773_C204.jpg?_i=AB",Light Tote Bag in Spectra Yellow,17,,,,,,,,,,,,,,,,,,
image,MP-0009,,,,,,,,,,,,,,,,,,,,,,,,,,,,c253,,,,,"https://res.cloudinary.com/www-stanleystella-com/image/upload/c_lpad,w_1600,f_auto,q_auto/v1/TechnicalNames/PFM0_STAU773_C253.jpg?_i=AB",Light Tote Bag in Anthracite,18,,,,,,,,,,,,,,,,,,
decoration,MP-0009,,,,,,,,,,,,,,,,,,,,,,,,,,,,,,,,,,,,embroidery,front,160,160,6,Vector or DST,Default maximum for the category — confirm per product.,,,,,,,,,,,
decoration,MP-0009,,,,,,,,,,,,,,,,,,,,,,,,,,,,,,,,,,,,screen,front,300,400,4,Vector,Default maximum for the category — confirm per product.,,,,,,,,,,,
product,MP-0010,mid-tote-bag,Mid Tote bag,Accessories,published,25,EUR,20.59,17.43,14.40,11.99,10.84,3.50,3,5,c172|c173|c176|c002|c727|c054|c143|c129|c151|c244|c115|c149|c729|c702|c136|c224|c356|c730|c028|c361|c253,One size,embroidery|screen,front,yes,"Shell: Canvas, 100% Cotton - Recycled Open End Carded, Fabric washed","Shell: Canvas, 100% Cotton - Recycled Open End Carded, Fabric washed",220,,,,Stanley/Stella,STAU116,,,,,,,,,,,,,,,cost 3.50; worst-case decoration 5.86 at 100; market blank 4.44; ours 3.25x market,,,,,,,,,,,
variant,MP-0010,,,,published,,,,,,,,,,,,,,,,,,,,,,,,c172,MP0010-C172,0.00,,,,,,,,,,,,,,,,,,,,,,,
variant,MP-0010,,,,published,,,,,,,,,,,,,,,,,,,,,,,,c173,MP0010-C173,0.00,,,,,,,,,,,,,,,,,,,,,,,
variant,MP-0010,,,,published,,,,,,,,,,,,,,,,,,,,,,,,c176,MP0010-C176,0.00,,,,,,,,,,,,,,,,,,,,,,,
variant,MP-0010,,,,published,,,,,,,,,,,,,,,,,,,,,,,,c002,MP0010-C002,0.00,,,,,,,,,,,,,,,,,,,,,,,
variant,MP-0010,,,,published,,,,,,,,,,,,,,,,,,,,,,,,c727,MP0010-C727,0.00,,,,,,,,,,,,,,,,,,,,,,,
variant,MP-0010,,,,published,,,,,,,,,,,,,,,,,,,,,,,,c054,MP0010-C054,0.00,,,,,,,,,,,,,,,,,,,,,,,
variant,MP-0010,,,,published,,,,,,,,,,,,,,,,,,,,,,,,c143,MP0010-C143,0.00,,,,,,,,,,,,,,,,,,,,,,,
variant,MP-0010,,,,published,,,,,,,,,,,,,,,,,,,,,,,,c129,MP0010-C129,0.00,,,,,,,,,,,,,,,,,,,,,,,
variant,MP-0010,,,,published,,,,,,,,,,,,,,,,,,,,,,,,c151,MP0010-C151,0.00,,,,,,,,,,,,,,,,,,,,,,,
variant,MP-0010,,,,published,,,,,,,,,,,,,,,,,,,,,,,,c244,MP0010-C244,0.00,,,,,,,,,,,,,,,,,,,,,,,
variant,MP-0010,,,,published,,,,,,,,,,,,,,,,,,,,,,,,c115,MP0010-C115,0.00,,,,,,,,,,,,,,,,,,,,,,,
variant,MP-0010,,,,published,,,,,,,,,,,,,,,,,,,,,,,,c149,MP0010-C149,0.00,,,,,,,,,,,,,,,,,,,,,,,
variant,MP-0010,,,,published,,,,,,,,,,,,,,,,,,,,,,,,c729,MP0010-C729,0.00,,,,,,,,,,,,,,,,,,,,,,,
variant,MP-0010,,,,published,,,,,,,,,,,,,,,,,,,,,,,,c702,MP0010-C702,0.00,,,,,,,,,,,,,,,,,,,,,,,
variant,MP-0010,,,,published,,,,,,,,,,,,,,,,,,,,,,,,c136,MP0010-C136,0.00,,,,,,,,,,,,,,,,,,,,,,,
variant,MP-0010,,,,published,,,,,,,,,,,,,,,,,,,,,,,,c224,MP0010-C224,0.00,,,,,,,,,,,,,,,,,,,,,,,
variant,MP-0010,,,,published,,,,,,,,,,,,,,,,,,,,,,,,c356,MP0010-C356,0.00,,,,,,,,,,,,,,,,,,,,,,,
variant,MP-0010,,,,published,,,,,,,,,,,,,,,,,,,,,,,,c730,MP0010-C730,0.00,,,,,,,,,,,,,,,,,,,,,,,
variant,MP-0010,,,,published,,,,,,,,,,,,,,,,,,,,,,,,c028,MP0010-C028,0.00,,,,,,,,,,,,,,,,,,,,,,,
variant,MP-0010,,,,published,,,,,,,,,,,,,,,,,,,,,,,,c361,MP0010-C361,0.00,,,,,,,,,,,,,,,,,,,,,,,
variant,MP-0010,,,,published,,,,,,,,,,,,,,,,,,,,,,,,c253,MP0010-C253,0.00,,,,,,,,,,,,,,,,,,,,,,,
image,MP-0010,,,,,,,,,,,,,,,,,,,,,,,,,,,,,,,,,"https://res.cloudinary.com/www-stanleystella-com/image/upload/c_lpad,w_1600,f_auto,q_auto/v1/TechnicalNames/SFM5_STAU116_C172.jpg?_i=AB",Mid Tote bag in Passionate Red,1,,,,,,,,,,,,,,,,,,
image,MP-0010,,,,,,,,,,,,,,,,,,,,,,,,,,,,c173,,,,,"https://res.cloudinary.com/www-stanleystella-com/image/upload/c_lpad,w_1600,f_auto,q_auto/v1/TechnicalNames/SFM0_STAU116_C173.jpg?_i=AB",Mid Tote bag in Pebble Blue,2,,,,,,,,,,,,,,,,,,
image,MP-0010,,,,,,,,,,,,,,,,,,,,,,,,,,,,c176,,,,,"https://res.cloudinary.com/www-stanleystella-com/image/upload/c_lpad,w_1600,f_auto,q_auto/v1/TechnicalNames/SFM5_STAU116_C176.jpg?_i=AB",Mid Tote bag in Bronze,3,,,,,,,,,,,,,,,,,,
image,MP-0010,,,,,,,,,,,,,,,,,,,,,,,,,,,,c002,,,,,"https://res.cloudinary.com/www-stanleystella-com/image/upload/c_lpad,w_1600,f_auto,q_auto/v1/TechnicalNames/SFD1_STAU116_C002.jpg?_i=AB",Mid Tote bag in Black,4,,,,,,,,,,,,,,,,,,
image,MP-0010,,,,,,,,,,,,,,,,,,,,,,,,,,,,c727,,,,,"https://res.cloudinary.com/www-stanleystella-com/image/upload/c_lpad,w_1600,f_auto,q_auto/v1/TechnicalNames/SFD1_STAU116_C727.jpg?_i=AB",Mid Tote bag in French Navy,5,,,,,,,,,,,,,,,,,,
image,MP-0010,,,,,,,,,,,,,,,,,,,,,,,,,,,,c054,,,,,"https://res.cloudinary.com/www-stanleystella-com/image/upload/c_lpad,w_1600,f_auto,q_auto/v1/TechnicalNames/SFD1_STAU116_C054.jpg?_i=AB",Mid Tote bag in Natural Raw,6,,,,,,,,,,,,,,,,,,
image,MP-0010,,,,,,,,,,,,,,,,,,,,,,,,,,,,c143,,,,,"https://res.cloudinary.com/www-stanleystella-com/image/upload/c_lpad,w_1600,f_auto,q_auto/v1/TechnicalNames/SFD1_STAU116_C143.jpg?_i=AB",Mid Tote bag in Fiesta,7,,,,,,,,,,,,,,,,,,
image,MP-0010,,,,,,,,,,,,,,,,,,,,,,,,,,,,c129,,,,,"https://res.cloudinary.com/www-stanleystella-com/image/upload/c_lpad,w_1600,f_auto,q_auto/v1/TechnicalNames/SFD1_STAU116_C129.jpg?_i=AB",Mid Tote bag in Bubble Pink,8,,,,,,,,,,,,,,,,,,
image,MP-0010,,,,,,,,,,,,,,,,,,,,,,,,,,,,c151,,,,,"https://res.cloudinary.com/www-stanleystella-com/image/upload/c_lpad,w_1600,f_auto,q_auto/v1/TechnicalNames/SFM0_STAU116_C151.jpg?_i=AB",Mid Tote bag in Deep Plum,9,,,,,,,,,,,,,,,,,,
image,MP-0010,,,,,,,,,,,,,,,,,,,,,,,,,,,,c244,,,,,"https://res.cloudinary.com/www-stanleystella-com/image/upload/c_lpad,w_1600,f_auto,q_auto/v1/TechnicalNames/SFD1_STAU116_C244.jpg?_i=AB",Mid Tote bag in Burgundy,10,,,,,,,,,,,,,,,,,,
image,MP-0010,,,,,,,,,,,,,,,,,,,,,,,,,,,,c115,,,,,"https://res.cloudinary.com/www-stanleystella-com/image/upload/c_lpad,w_1600,f_auto,q_auto/v1/TechnicalNames/SFM5_STAU116_C115.jpg?_i=AB",Mid Tote bag in Purple Love,11,,,,,,,,,,,,,,,,,,
image,MP-0010,,,,,,,,,,,,,,,,,,,,,,,,,,,,c149,,,,,"https://res.cloudinary.com/www-stanleystella-com/image/upload/c_lpad,w_1600,f_auto,q_auto/v1/TechnicalNames/SFD1_STAU116_C149.jpg?_i=AB",Mid Tote bag in Blue soul,12,,,,,,,,,,,,,,,,,,
image,MP-0010,,,,,,,,,,,,,,,,,,,,,,,,,,,,c729,,,,,"https://res.cloudinary.com/www-stanleystella-com/image/upload/c_lpad,w_1600,f_auto,q_auto/v1/TechnicalNames/SFD1_STAU116_C729.jpg?_i=AB",Mid Tote bag in Mindful Blue,13,,,,,,,,,,,,,,,,,,
image,MP-0010,,,,,,,,,,,,,,,,,,,,,,,,,,,,c702,,,,,"https://res.cloudinary.com/www-stanleystella-com/image/upload/c_lpad,w_1600,f_auto,q_auto/v1/TechnicalNames/SFD1_STAU116_C702.jpg?_i=AB",Mid Tote bag in Stargazer,14,,,,,,,,,,,,,,,,,,
image,MP-0010,,,,,,,,,,,,,,,,,,,,,,,,,,,,c136,,,,,"https://res.cloudinary.com/www-stanleystella-com/image/upload/c_lpad,w_1600,f_auto,q_auto/v1/TechnicalNames/SFM0_STAU116_C136.jpg?_i=AB",Mid Tote bag in Deep Teal,15,,,,,,,,,,,,,,,,,,
image,MP-0010,,,,,,,,,,,,,,,,,,,,,,,,,,,,c224,,,,,"https://res.cloudinary.com/www-stanleystella-com/image/upload/c_lpad,w_1600,f_auto,q_auto/v1/TechnicalNames/SFD1_STAU116_C224.jpg?_i=AB",Mid Tote bag in Bottle Green,16,,,,,,,,,,,,,,,,,,
image,MP-0010,,,,,,,,,,,,,,,,,,,,,,,,,,,,c356,,,,,"https://res.cloudinary.com/www-stanleystella-com/image/upload/c_lpad,w_1600,f_auto,q_auto/v1/TechnicalNames/SFD1_STAU116_C356.jpg?_i=AB",Mid Tote bag in Viva Yellow,17,,,,,,,,,,,,,,,,,,
image,MP-0010,,,,,,,,,,,,,,,,,,,,,,,,,,,,c730,,,,,"https://res.cloudinary.com/www-stanleystella-com/image/upload/c_lpad,w_1600,f_auto,q_auto/v1/TechnicalNames/SFD1_STAU116_C730.jpg?_i=AB",Mid Tote bag in Heritage Brown,18,,,,,,,,,,,,,,,,,,
image,MP-0010,,,,,,,,,,,,,,,,,,,,,,,,,,,,c028,,,,,"https://res.cloudinary.com/www-stanleystella-com/image/upload/c_lpad,w_1600,f_auto,q_auto/v1/TechnicalNames/SFD1_STAU116_C028.jpg?_i=AB",Mid Tote bag in Desert Dust,19,,,,,,,,,,,,,,,,,,
image,MP-0010,,,,,,,,,,,,,,,,,,,,,,,,,,,,c361,,,,,"https://res.cloudinary.com/www-stanleystella-com/image/upload/c_lpad,w_1600,f_auto,q_auto/v1/TechnicalNames/SFD1_STAU116_C361.jpg?_i=AB",Mid Tote bag in Cream,20,,,,,,,,,,,,,,,,,,
image,MP-0010,,,,,,,,,,,,,,,,,,,,,,,,,,,,c253,,,,,"https://res.cloudinary.com/www-stanleystella-com/image/upload/c_lpad,w_1600,f_auto,q_auto/v1/TechnicalNames/SFD1_STAU116_C253.jpg?_i=AB",Mid Tote bag in Anthracite,21,,,,,,,,,,,,,,,,,,
decoration,MP-0010,,,,,,,,,,,,,,,,,,,,,,,,,,,,,,,,,,,,embroidery,front,160,160,6,Vector or DST,Default maximum for the category — confirm per product.,,,,,,,,,,,
decoration,MP-0010,,,,,,,,,,,,,,,,,,,,,,,,,,,,,,,,,,,,screen,front,300,400,4,Vector,Default maximum for the category — confirm per product.,,,,,,,,,,,
product,MP-0011,pencil-case,Pencil Case,Accessories,published,25,EUR,20.21,17.05,14.02,11.60,10.46,3.25,3,5,c002|c007,One size,embroidery|screen,front,yes,"Shell: Canvas, 80% Cotton - Recycled,20% Polyester - Recycled, Fabric washed","Shell: Canvas, 80% Cotton - Recycled,20% Polyester - Recycled, Fabric washed",300,,,,Stanley/Stella,STAU764,,,,,,,,,,,,,,,cost 3.25; worst-case decoration 5.86 at 100; market blank 4.09; ours 3.43x market,,,,,,,,,,,
variant,MP-0011,,,,published,,,,,,,,,,,,,,,,,,,,,,,,c002,MP0011-C002,0.00,,,,,,,,,,,,,,,,,,,,,,,
variant,MP-0011,,,,published,,,,,,,,,,,,,,,,,,,,,,,,c007,MP0011-C007,0.00,,,,,,,,,,,,,,,,,,,,,,,
image,MP-0011,,,,,,,,,,,,,,,,,,,,,,,,,,,,,,,,,"https://res.cloudinary.com/www-stanleystella-com/image/upload/c_lpad,w_1600,f_auto,q_auto/v1/TechnicalNames/SFD0_STAU764_C002.jpg?_i=AB",Pencil Case in Black,1,,,,,,,,,,,,,,,,,,
image,MP-0011,,,,,,,,,,,,,,,,,,,,,,,,,,,,c007,,,,,"https://res.cloudinary.com/www-stanleystella-com/image/upload/c_lpad,w_1600,f_auto,q_auto/v1/TechnicalNames/SFM6_STAU764_C007.jpg?_i=AB",Pencil Case in Natural,2,,,,,,,,,,,,,,,,,,
decoration,MP-0011,,,,,,,,,,,,,,,,,,,,,,,,,,,,,,,,,,,,embroidery,front,160,160,6,Vector or DST,Default maximum for the category — confirm per product.,,,,,,,,,,,
decoration,MP-0011,,,,,,,,,,,,,,,,,,,,,,,,,,,,,,,,,,,,screen,front,300,400,4,Vector,Default maximum for the category — confirm per product.,,,,,,,,,,,
product,MP-0012,rib-beanie,Rib Beanie,Accessories,published,25,EUR,26.29,23.13,20.10,17.68,16.53,7.20,3,5,c002|c727|c088|c149|c702|c144|c135|c112|c007|c650,One size,embroidery|screen,front,yes,"Shell: 1x1 Full needle rib, 80% Cotton - Organic Ring Spun Combed,20% Polyester - Recycled, Fabric washed","Shell: 1x1 Full needle rib, 80% Cotton - Organic Ring Spun Combed,20% Polyester - Recycled, Fabric washed",,,,,Stanley/Stella,STAU772,,,,,,,,,,,,,,,cost 7.20; worst-case decoration 5.86 at 100; market blank 8.56; ours 2.35x market,,,,,,,,,,,
variant,MP-0012,,,,published,,,,,,,,,,,,,,,,,,,,,,,,c002,MP0012-C002,0.00,,,,,,,,,,,,,,,,,,,,,,,
variant,MP-0012,,,,published,,,,,,,,,,,,,,,,,,,,,,,,c727,MP0012-C727,0.00,,,,,,,,,,,,,,,,,,,,,,,
variant,MP-0012,,,,published,,,,,,,,,,,,,,,,,,,,,,,,c088,MP0012-C088,0.00,,,,,,,,,,,,,,,,,,,,,,,
variant,MP-0012,,,,published,,,,,,,,,,,,,,,,,,,,,,,,c149,MP0012-C149,0.00,,,,,,,,,,,,,,,,,,,,,,,
variant,MP-0012,,,,published,,,,,,,,,,,,,,,,,,,,,,,,c702,MP0012-C702,0.00,,,,,,,,,,,,,,,,,,,,,,,
variant,MP-0012,,,,published,,,,,,,,,,,,,,,,,,,,,,,,c144,MP0012-C144,0.00,,,,,,,,,,,,,,,,,,,,,,,
variant,MP-0012,,,,published,,,,,,,,,,,,,,,,,,,,,,,,c135,MP0012-C135,0.00,,,,,,,,,,,,,,,,,,,,,,,
variant,MP-0012,,,,published,,,,,,,,,,,,,,,,,,,,,,,,c112,MP0012-C112,0.00,,,,,,,,,,,,,,,,,,,,,,,
variant,MP-0012,,,,published,,,,,,,,,,,,,,,,,,,,,,,,c007,MP0012-C007,0.00,,,,,,,,,,,,,,,,,,,,,,,
variant,MP-0012,,,,published,,,,,,,,,,,,,,,,,,,,,,,,c650,MP0012-C650,0.00,,,,,,,,,,,,,,,,,,,,,,,
image,MP-0012,,,,,,,,,,,,,,,,,,,,,,,,,,,,,,,,,"https://res.cloudinary.com/www-stanleystella-com/image/upload/c_lpad,w_1600,f_auto,q_auto/v1/TechnicalNames/SFD1_STAU772_C002.jpg?_i=AB",Rib Beanie in Black,1,,,,,,,,,,,,,,,,,,
image,MP-0012,,,,,,,,,,,,,,,,,,,,,,,,,,,,c727,,,,,"https://res.cloudinary.com/www-stanleystella-com/image/upload/c_lpad,w_1600,f_auto,q_auto/v1/TechnicalNames/SFD1_STAU772_C727.jpg?_i=AB",Rib Beanie in French Navy,2,,,,,,,,,,,,,,,,,,
image,MP-0012,,,,,,,,,,,,,,,,,,,,,,,,,,,,c088,,,,,"https://res.cloudinary.com/www-stanleystella-com/image/upload/c_lpad,w_1600,f_auto,q_auto/v1/TechnicalNames/PFM0_STAU772_C088.jpg?_i=AB",Rib Beanie in Worker Blue,3,,,,,,,,,,,,,,,,,,
image,MP-0012,,,,,,,,,,,,,,,,,,,,,,,,,,,,c149,,,,,"https://res.cloudinary.com/www-stanleystella-com/image/upload/c_lpad,w_1600,f_auto,q_auto/v1/TechnicalNames/PBM0_STAU772_C149.jpg?_i=AB",Rib Beanie in Blue soul,4,,,,,,,,,,,,,,,,,,
image,MP-0012,,,,,,,,,,,,,,,,,,,,,,,,,,,,c702,,,,,"https://res.cloudinary.com/www-stanleystella-com/image/upload/c_lpad,w_1600,f_auto,q_auto/v1/TechnicalNames/PFM0_STAU772_C702.jpg?_i=AB",Rib Beanie in Stargazer,5,,,,,,,,,,,,,,,,,,
image,MP-0012,,,,,,,,,,,,,,,,,,,,,,,,,,,,c144,,,,,"https://res.cloudinary.com/www-stanleystella-com/image/upload/c_lpad,w_1600,f_auto,q_auto/v1/TechnicalNames/PBM0_STAU772_C144.jpg?_i=AB",Rib Beanie in Green Bay,6,,,,,,,,,,,,,,,,,,
image,MP-0012,,,,,,,,,,,,,,,,,,,,,,,,,,,,c135,,,,,"https://res.cloudinary.com/www-stanleystella-com/image/upload/c_lpad,w_1600,f_auto,q_auto/v1/TechnicalNames/SFM4_STAU772_C135.jpg?_i=AB",Rib Beanie in Mocha,7,,,,,,,,,,,,,,,,,,
image,MP-0012,,,,,,,,,,,,,,,,,,,,,,,,,,,,c112,,,,,"https://res.cloudinary.com/www-stanleystella-com/image/upload/c_lpad,w_1600,f_auto,q_auto/v1/TechnicalNames/PBM0_STAU772_C112.jpg?_i=AB",Rib Beanie in Latte,8,,,,,,,,,,,,,,,,,,
image,MP-0012,,,,,,,,,,,,,,,,,,,,,,,,,,,,c007,,,,,"https://res.cloudinary.com/www-stanleystella-com/image/upload/c_lpad,w_1600,f_auto,q_auto/v1/TechnicalNames/SFM0_STAU772_C007.jpg?_i=AB",Rib Beanie in Natural,9,,,,,,,,,,,,,,,,,,
image,MP-0012,,,,,,,,,,,,,,,,,,,,,,,,,,,,c650,,,,,"https://res.cloudinary.com/www-stanleystella-com/image/upload/c_lpad,w_1600,f_auto,q_auto/v1/TechnicalNames/SFM5_STAU772_C650.jpg?_i=AB",Rib Beanie in Mid Heather Grey,10,,,,,,,,,,,,,,,,,,
decoration,MP-0012,,,,,,,,,,,,,,,,,,,,,,,,,,,,,,,,,,,,embroidery,front,160,160,6,Vector or DST,Default maximum for the category — confirm per product.,,,,,,,,,,,
decoration,MP-0012,,,,,,,,,,,,,,,,,,,,,,,,,,,,,,,,,,,,screen,front,300,400,4,Vector,Default maximum for the category — confirm per product.,,,,,,,,,,,
product,MP-0013,rib-beanie-2-0,Rib Beanie 2.0,Accessories,published,25,EUR,26.29,23.13,20.10,17.68,16.53,7.20,3,5,c172|c173|c176|c002|c727|c116|c729|c702|c138,One size,embroidery|screen,front,yes,"Shell: 1x1 Rib, 1% Elastane,90% Cotton Organic Ringspun Combed,9% Polyamide - Recycled, Fabric washed","Shell: 1x1 Rib, 1% Elastane,90% Cotton Organic Ringspun Combed,9% Polyamide - Recycled, Fabric washed",,,,,Stanley/Stella,STAU295,,,,,,,,,,,,,,,cost 7.20; worst-case decoration 5.86 at 100; market blank 8.71; ours 2.31x market,,,,,,,,,,,
variant,MP-0013,,,,published,,,,,,,,,,,,,,,,,,,,,,,,c172,MP0013-C172,0.00,,,,,,,,,,,,,,,,,,,,,,,
variant,MP-0013,,,,published,,,,,,,,,,,,,,,,,,,,,,,,c173,MP0013-C173,0.00,,,,,,,,,,,,,,,,,,,,,,,
variant,MP-0013,,,,published,,,,,,,,,,,,,,,,,,,,,,,,c176,MP0013-C176,0.00,,,,,,,,,,,,,,,,,,,,,,,
variant,MP-0013,,,,published,,,,,,,,,,,,,,,,,,,,,,,,c002,MP0013-C002,0.00,,,,,,,,,,,,,,,,,,,,,,,
variant,MP-0013,,,,published,,,,,,,,,,,,,,,,,,,,,,,,c727,MP0013-C727,0.00,,,,,,,,,,,,,,,,,,,,,,,
variant,MP-0013,,,,published,,,,,,,,,,,,,,,,,,,,,,,,c116,MP0013-C116,0.00,,,,,,,,,,,,,,,,,,,,,,,
variant,MP-0013,,,,published,,,,,,,,,,,,,,,,,,,,,,,,c729,MP0013-C729,0.00,,,,,,,,,,,,,,,,,,,,,,,
variant,MP-0013,,,,published,,,,,,,,,,,,,,,,,,,,,,,,c702,MP0013-C702,0.00,,,,,,,,,,,,,,,,,,,,,,,
variant,MP-0013,,,,published,,,,,,,,,,,,,,,,,,,,,,,,c138,MP0013-C138,0.00,,,,,,,,,,,,,,,,,,,,,,,
image,MP-0013,,,,,,,,,,,,,,,,,,,,,,,,,,,,,,,,,"https://res.cloudinary.com/www-stanleystella-com/image/upload/c_lpad,w_1600,f_auto,q_auto/v1/TechnicalNames/SBM5_STAU295_C172.jpg?_i=AB",Rib Beanie 2.0 in Passionate Red,1,,,,,,,,,,,,,,,,,,
image,MP-0013,,,,,,,,,,,,,,,,,,,,,,,,,,,,c173,,,,,"https://res.cloudinary.com/www-stanleystella-com/image/upload/c_lpad,w_1600,f_auto,q_auto/v1/TechnicalNames/SFM0_STAU295_C173.jpg?_i=AB",Rib Beanie 2.0 in Pebble Blue,2,,,,,,,,,,,,,,,,,,
image,MP-0013,,,,,,,,,,,,,,,,,,,,,,,,,,,,c176,,,,,"https://res.cloudinary.com/www-stanleystella-com/image/upload/c_lpad,w_1600,f_auto,q_auto/v1/TechnicalNames/SFM1_STAU295_C176.jpg?_i=AB",Rib Beanie 2.0 in Bronze,3,,,,,,,,,,,,,,,,,,
image,MP-0013,,,,,,,,,,,,,,,,,,,,,,,,,,,,c002,,,,,"https://res.cloudinary.com/www-stanleystella-com/image/upload/c_lpad,w_1600,f_auto,q_auto/v1/TechnicalNames/SBM5_STAU295_C002.jpg?_i=AB",Rib Beanie 2.0 in Black,4,,,,,,,,,,,,,,,,,,
image,MP-0013,,,,,,,,,,,,,,,,,,,,,,,,,,,,c727,,,,,"https://res.cloudinary.com/www-stanleystella-com/image/upload/c_lpad,w_1600,f_auto,q_auto/v1/TechnicalNames/SBM5_STAU295_C727.jpg?_i=AB",Rib Beanie 2.0 in French Navy,5,,,,,,,,,,,,,,,,,,
image,MP-0013,,,,,,,,,,,,,,,,,,,,,,,,,,,,c116,,,,,"https://res.cloudinary.com/www-stanleystella-com/image/upload/c_lpad,w_1600,f_auto,q_auto/v1/TechnicalNames/SBM5_STAU295_C116.jpg?_i=AB",Rib Beanie 2.0 in Red Brown,6,,,,,,,,,,,,,,,,,,
image,MP-0013,,,,,,,,,,,,,,,,,,,,,,,,,,,,c729,,,,,"https://res.cloudinary.com/www-stanleystella-com/image/upload/c_lpad,w_1600,f_auto,q_auto/v1/TechnicalNames/SBM5_STAU295_C729.jpg?_i=AB",Rib Beanie 2.0 in Mindful Blue,7,,,,,,,,,,,,,,,,,,
image,MP-0013,,,,,,,,,,,,,,,,,,,,,,,,,,,,c702,,,,,"https://res.cloudinary.com/www-stanleystella-com/image/upload/c_lpad,w_1600,f_auto,q_auto/v1/TechnicalNames/SBM5_STAU295_C702.jpg?_i=AB",Rib Beanie 2.0 in Stargazer,8,,,,,,,,,,,,,,,,,,
image,MP-0013,,,,,,,,,,,,,,,,,,,,,,,,,,,,c138,,,,,"https://res.cloudinary.com/www-stanleystella-com/image/upload/c_lpad,w_1600,f_auto,q_auto/v1/TechnicalNames/SBM5_STAU295_C138.jpg?_i=AB",Rib Beanie 2.0 in Misty Grey,9,,,,,,,,,,,,,,,,,,
decoration,MP-0013,,,,,,,,,,,,,,,,,,,,,,,,,,,,,,,,,,,,embroidery,front,160,160,6,Vector or DST,Default maximum for the category — confirm per product.,,,,,,,,,,,
decoration,MP-0013,,,,,,,,,,,,,,,,,,,,,,,,,,,,,,,,,,,,screen,front,300,400,4,Vector,Default maximum for the category — confirm per product.,,,,,,,,,,,
product,MP-0014,shopping-bag-2-0,Shopping bag 2.0,Accessories,published,25,EUR,24.67,21.51,18.48,16.06,14.92,6.15,3,5,c172|c173|c176|c002|c727|c054|c151|c244|c359|c088|c145|c136|c144|c153|c112|c138,One size,embroidery|screen,front,yes,"Shell: Canvas, 100% Cotton - Recycled Open End Carded, Fabric washed","Shell: Canvas, 100% Cotton - Recycled Open End Carded, Fabric washed",400,,,,Stanley/Stella,STAU117,,,,,,,,,,,,,,,cost 6.15; worst-case decoration 5.86 at 100; market blank 7.68; ours 2.41x market,,,,,,,,,,,
variant,MP-0014,,,,published,,,,,,,,,,,,,,,,,,,,,,,,c172,MP0014-C172,0.00,,,,,,,,,,,,,,,,,,,,,,,
variant,MP-0014,,,,published,,,,,,,,,,,,,,,,,,,,,,,,c173,MP0014-C173,0.00,,,,,,,,,,,,,,,,,,,,,,,
variant,MP-0014,,,,published,,,,,,,,,,,,,,,,,,,,,,,,c176,MP0014-C176,0.00,,,,,,,,,,,,,,,,,,,,,,,
variant,MP-0014,,,,published,,,,,,,,,,,,,,,,,,,,,,,,c002,MP0014-C002,0.00,,,,,,,,,,,,,,,,,,,,,,,
variant,MP-0014,,,,published,,,,,,,,,,,,,,,,,,,,,,,,c727,MP0014-C727,0.00,,,,,,,,,,,,,,,,,,,,,,,
variant,MP-0014,,,,published,,,,,,,,,,,,,,,,,,,,,,,,c054,MP0014-C054,0.00,,,,,,,,,,,,,,,,,,,,,,,
variant,MP-0014,,,,published,,,,,,,,,,,,,,,,,,,,,,,,c151,MP0014-C151,0.00,,,,,,,,,,,,,,,,,,,,,,,
variant,MP-0014,,,,published,,,,,,,,,,,,,,,,,,,,,,,,c244,MP0014-C244,0.00,,,,,,,,,,,,,,,,,,,,,,,
variant,MP-0014,,,,published,,,,,,,,,,,,,,,,,,,,,,,,c359,MP0014-C359,0.00,,,,,,,,,,,,,,,,,,,,,,,
variant,MP-0014,,,,published,,,,,,,,,,,,,,,,,,,,,,,,c088,MP0014-C088,0.00,,,,,,,,,,,,,,,,,,,,,,,
variant,MP-0014,,,,published,,,,,,,,,,,,,,,,,,,,,,,,c145,MP0014-C145,0.00,,,,,,,,,,,,,,,,,,,,,,,
variant,MP-0014,,,,published,,,,,,,,,,,,,,,,,,,,,,,,c136,MP0014-C136,0.00,,,,,,,,,,,,,,,,,,,,,,,
variant,MP-0014,,,,published,,,,,,,,,,,,,,,,,,,,,,,,c144,MP0014-C144,0.00,,,,,,,,,,,,,,,,,,,,,,,
variant,MP-0014,,,,published,,,,,,,,,,,,,,,,,,,,,,,,c153,MP0014-C153,0.00,,,,,,,,,,,,,,,,,,,,,,,
variant,MP-0014,,,,published,,,,,,,,,,,,,,,,,,,,,,,,c112,MP0014-C112,0.00,,,,,,,,,,,,,,,,,,,,,,,
variant,MP-0014,,,,published,,,,,,,,,,,,,,,,,,,,,,,,c138,MP0014-C138,0.00,,,,,,,,,,,,,,,,,,,,,,,
image,MP-0014,,,,,,,,,,,,,,,,,,,,,,,,,,,,,,,,,"https://res.cloudinary.com/www-stanleystella-com/image/upload/c_lpad,w_1600,f_auto,q_auto/v1/TechnicalNames/SFM0_STAU117_C172.jpg?_i=AB",Shopping bag 2.0 in Passionate Red,1,,,,,,,,,,,,,,,,,,
image,MP-0014,,,,,,,,,,,,,,,,,,,,,,,,,,,,c173,,,,,"https://res.cloudinary.com/www-stanleystella-com/image/upload/c_lpad,w_1600,f_auto,q_auto/v1/TechnicalNames/SFM0_STAU117_C173.jpg?_i=AB",Shopping bag 2.0 in Pebble Blue,2,,,,,,,,,,,,,,,,,,
image,MP-0014,,,,,,,,,,,,,,,,,,,,,,,,,,,,c176,,,,,"https://res.cloudinary.com/www-stanleystella-com/image/upload/c_lpad,w_1600,f_auto,q_auto/v1/TechnicalNames/SFM5_STAU117_C176.jpg?_i=AB",Shopping bag 2.0 in Bronze,3,,,,,,,,,,,,,,,,,,
image,MP-0014,,,,,,,,,,,,,,,,,,,,,,,,,,,,c002,,,,,"https://res.cloudinary.com/www-stanleystella-com/image/upload/c_lpad,w_1600,f_auto,q_auto/v1/TechnicalNames/SFD1_STAU117_C002.jpg?_i=AB",Shopping bag 2.0 in Black,4,,,,,,,,,,,,,,,,,,
image,MP-0014,,,,,,,,,,,,,,,,,,,,,,,,,,,,c727,,,,,"https://res.cloudinary.com/www-stanleystella-com/image/upload/c_lpad,w_1600,f_auto,q_auto/v1/TechnicalNames/SFD1_STAU117_C727.jpg?_i=AB",Shopping bag 2.0 in French Navy,5,,,,,,,,,,,,,,,,,,
image,MP-0014,,,,,,,,,,,,,,,,,,,,,,,,,,,,c054,,,,,"https://res.cloudinary.com/www-stanleystella-com/image/upload/c_lpad,w_1600,f_auto,q_auto/v1/TechnicalNames/SFD1_STAU117_C054.jpg?_i=AB",Shopping bag 2.0 in Natural Raw,6,,,,,,,,,,,,,,,,,,
image,MP-0014,,,,,,,,,,,,,,,,,,,,,,,,,,,,c151,,,,,"https://res.cloudinary.com/www-stanleystella-com/image/upload/c_lpad,w_1600,f_auto,q_auto/v1/TechnicalNames/SFM0_STAU117_C151.jpg?_i=AB",Shopping bag 2.0 in Deep Plum,7,,,,,,,,,,,,,,,,,,
image,MP-0014,,,,,,,,,,,,,,,,,,,,,,,,,,,,c244,,,,,"https://res.cloudinary.com/www-stanleystella-com/image/upload/c_lpad,w_1600,f_auto,q_auto/v1/TechnicalNames/SFD1_STAU117_C244.jpg?_i=AB",Shopping bag 2.0 in Burgundy,8,,,,,,,,,,,,,,,,,,
image,MP-0014,,,,,,,,,,,,,,,,,,,,,,,,,,,,c359,,,,,"https://res.cloudinary.com/www-stanleystella-com/image/upload/c_lpad,w_1600,f_auto,q_auto/v1/TechnicalNames/SFD1_STAU117_C359.jpg?_i=AB",Shopping bag 2.0 in Dusk,9,,,,,,,,,,,,,,,,,,
image,MP-0014,,,,,,,,,,,,,,,,,,,,,,,,,,,,c088,,,,,"https://res.cloudinary.com/www-stanleystella-com/image/upload/c_lpad,w_1600,f_auto,q_auto/v1/TechnicalNames/SFD1_STAU117_C088.jpg?_i=AB",Shopping bag 2.0 in Worker Blue,10,,,,,,,,,,,,,,,,,,
image,MP-0014,,,,,,,,,,,,,,,,,,,,,,,,,,,,c145,,,,,"https://res.cloudinary.com/www-stanleystella-com/image/upload/c_lpad,w_1600,f_auto,q_auto/v1/TechnicalNames/SFD1_STAU117_C145.jpg?_i=AB",Shopping bag 2.0 in Aqua Blue,11,,,,,,,,,,,,,,,,,,
image,MP-0014,,,,,,,,,,,,,,,,,,,,,,,,,,,,c136,,,,,"https://res.cloudinary.com/www-stanleystella-com/image/upload/c_lpad,w_1600,f_auto,q_auto/v1/TechnicalNames/SFM5_STAU117_C136.jpg?_i=AB",Shopping bag 2.0 in Deep Teal,12,,,,,,,,,,,,,,,,,,
image,MP-0014,,,,,,,,,,,,,,,,,,,,,,,,,,,,c144,,,,,"https://res.cloudinary.com/www-stanleystella-com/image/upload/c_lpad,w_1600,f_auto,q_auto/v1/TechnicalNames/SFD1_STAU117_C144.jpg?_i=AB",Shopping bag 2.0 in Green Bay,13,,,,,,,,,,,,,,,,,,
image,MP-0014,,,,,,,,,,,,,,,,,,,,,,,,,,,,c153,,,,,"https://res.cloudinary.com/www-stanleystella-com/image/upload/c_lpad,w_1600,f_auto,q_auto/v1/TechnicalNames/SFM5_STAU117_C153.jpg?_i=AB",Shopping bag 2.0 in Faded Olive,14,,,,,,,,,,,,,,,,,,
image,MP-0014,,,,,,,,,,,,,,,,,,,,,,,,,,,,c112,,,,,"https://res.cloudinary.com/www-stanleystella-com/image/upload/c_lpad,w_1600,f_auto,q_auto/v1/TechnicalNames/SFD1_STAU117_C112.jpg?_i=AB",Shopping bag 2.0 in Latte,15,,,,,,,,,,,,,,,,,,
image,MP-0014,,,,,,,,,,,,,,,,,,,,,,,,,,,,c138,,,,,"https://res.cloudinary.com/www-stanleystella-com/image/upload/c_lpad,w_1600,f_auto,q_auto/v1/TechnicalNames/SFM0_STAU117_C138.jpg?_i=AB",Shopping bag 2.0 in Misty Grey,16,,,,,,,,,,,,,,,,,,
decoration,MP-0014,,,,,,,,,,,,,,,,,,,,,,,,,,,,,,,,,,,,embroidery,front,160,160,6,Vector or DST,Default maximum for the category — confirm per product.,,,,,,,,,,,
decoration,MP-0014,,,,,,,,,,,,,,,,,,,,,,,,,,,,,,,,,,,,screen,front,300,400,4,Vector,Default maximum for the category — confirm per product.,,,,,,,,,,,
product,MP-0015,tote-bag,Tote Bag,Accessories,published,25,EUR,21.29,18.13,15.10,12.68,11.53,3.95,3,5,c002|c001|c250|c591|c007,One size,embroidery|screen,front,yes,"Shell: Canvas, 80% Cotton - Recycled,20% Polyester - Recycled, Fabric washed","Shell: Canvas, 80% Cotton - Recycled,20% Polyester - Recycled, Fabric washed",300,,,,Stanley/Stella,STAU760,,,,,,,,,,,,,,,cost 3.95; worst-case decoration 5.86 at 100; market blank 4.86; ours 3.11x market,,,,,,,,,,,
variant,MP-0015,,,,published,,,,,,,,,,,,,,,,,,,,,,,,c002,MP0015-C002,0.00,,,,,,,,,,,,,,,,,,,,,,,
variant,MP-0015,,,,published,,,,,,,,,,,,,,,,,,,,,,,,c001,MP0015-C001,0.00,,,,,,,,,,,,,,,,,,,,,,,
variant,MP-0015,,,,published,,,,,,,,,,,,,,,,,,,,,,,,c250,MP0015-C250,0.00,,,,,,,,,,,,,,,,,,,,,,,
variant,MP-0015,,,,published,,,,,,,,,,,,,,,,,,,,,,,,c591,MP0015-C591,0.00,,,,,,,,,,,,,,,,,,,,,,,
variant,MP-0015,,,,published,,,,,,,,,,,,,,,,,,,,,,,,c007,MP0015-C007,0.00,,,,,,,,,,,,,,,,,,,,,,,
image,MP-0015,,,,,,,,,,,,,,,,,,,,,,,,,,,,,,,,,"https://res.cloudinary.com/www-stanleystella-com/image/upload/c_lpad,w_1600,f_auto,q_auto/v1/TechnicalNames/SFD0_STAU760_C002.jpg?_i=AB",Tote Bag in Black,1,,,,,,,,,,,,,,,,,,
image,MP-0015,,,,,,,,,,,,,,,,,,,,,,,,,,,,c001,,,,,"https://res.cloudinary.com/www-stanleystella-com/image/upload/c_lpad,w_1600,f_auto,q_auto/v1/TechnicalNames/PFM0_STAU760_C001.jpg?_i=AB",Tote Bag in White,2,,,,,,,,,,,,,,,,,,
image,MP-0015,,,,,,,,,,,,,,,,,,,,,,,,,,,,c250,,,,,"https://res.cloudinary.com/www-stanleystella-com/image/upload/c_lpad,w_1600,f_auto,q_auto/v1/TechnicalNames/SFM6_STAU760_C250.jpg?_i=AB",Tote Bag in Heather Grey,3,,,,,,,,,,,,,,,,,,
image,MP-0015,,,,,,,,,,,,,,,,,,,,,,,,,,,,c591,,,,,"https://res.cloudinary.com/www-stanleystella-com/image/upload/c_lpad,w_1600,f_auto,q_auto/v1/TechnicalNames/SFD5_STAU760_C591.jpg?_i=AB",Tote Bag in Midnight Blue,4,,,,,,,,,,,,,,,,,,
image,MP-0015,,,,,,,,,,,,,,,,,,,,,,,,,,,,c007,,,,,"https://res.cloudinary.com/www-stanleystella-com/image/upload/c_lpad,w_1600,f_auto,q_auto/v1/TechnicalNames/SFM0_STAU760_C007.jpg?_i=AB",Tote Bag in Natural,5,,,,,,,,,,,,,,,,,,
decoration,MP-0015,,,,,,,,,,,,,,,,,,,,,,,,,,,,,,,,,,,,embroidery,front,160,160,6,Vector or DST,Default maximum for the category — confirm per product.,,,,,,,,,,,
decoration,MP-0015,,,,,,,,,,,,,,,,,,,,,,,,,,,,,,,,,,,,screen,front,300,400,4,Vector,Default maximum for the category — confirm per product.,,,,,,,,,,,
product,MP-0016,bomber,Bomber,Outerwear,published,25,EUR,,,,,,,3,5,c002|c008|c727,XXS|XS|S|M|L|XL|XXL|3XL,embroidery|screen,front|back|left_chest,yes,"Shell: Twill, 100% Polyester - Recycled, Fluorine-free DWR | Padding: 100% Polyester - Recycled | Lining: Taffeta, 100% Polyester - Recycled","Shell: Twill, 100% Polyester - Recycled, Fluorine-free DWR | Padding: 100% Polyester - Recycled | Lining: Taffeta, 100% Polyester - Recycled",145,,,,Stanley/Stella,STJU844,,,,,,,,,,,,,,,No supplier cost on file — quote on inquiry.,,,,,,,,,,,
variant,MP-0016,,,,published,,,,,,,,,,,,,,,,,,,,,,,,c002,MP0016-C002,0.00,,,,,,,,,,,,,,,,,,,,,,,
variant,MP-0016,,,,published,,,,,,,,,,,,,,,,,,,,,,,,c008,MP0016-C008,0.00,,,,,,,,,,,,,,,,,,,,,,,
variant,MP-0016,,,,published,,,,,,,,,,,,,,,,,,,,,,,,c727,MP0016-C727,0.00,,,,,,,,,,,,,,,,,,,,,,,
image,MP-0016,,,,,,,,,,,,,,,,,,,,,,,,,,,,,,,,,"https://res.cloudinary.com/www-stanleystella-com/image/upload/c_lpad,w_1600,f_auto,q_auto/v1/TechnicalNames/DFM0_STJU844_C002.jpg?_i=AB",Bomber in Black,1,,,,,,,,,,,,,,,,,,
decoration,MP-0016,,,,,,,,,,,,,,,,,,,,,,,,,,,,,,,,,,,,embroidery,front,160,160,6,Vector or DST,Default maximum for the category — confirm per product.,,,,,,,,,,,
decoration,MP-0016,,,,,,,,,,,,,,,,,,,,,,,,,,,,,,,,,,,,embroidery,back,200,200,6,Vector or DST,Default maximum for the category — confirm per product.,,,,,,,,,,,
decoration,MP-0016,,,,,,,,,,,,,,,,,,,,,,,,,,,,,,,,,,,,embroidery,left_chest,90,90,6,Vector or DST,Default maximum for the category — confirm per product.,,,,,,,,,,,
decoration,MP-0016,,,,,,,,,,,,,,,,,,,,,,,,,,,,,,,,,,,,screen,front,300,400,4,Vector,Default maximum for the category — confirm per product.,,,,,,,,,,,
decoration,MP-0016,,,,,,,,,,,,,,,,,,,,,,,,,,,,,,,,,,,,screen,back,320,420,4,Vector,Default maximum for the category — confirm per product.,,,,,,,,,,,
decoration,MP-0016,,,,,,,,,,,,,,,,,,,,,,,,,,,,,,,,,,,,screen,left_chest,100,100,4,Vector,Default maximum for the category — confirm per product.,,,,,,,,,,,
product,MP-0017,bomber-2-0,Bomber 2.0,Outerwear,published,25,EUR,86.21,83.05,80.02,77.60,76.46,46.15,3,5,c002|c727|c223,XXS|XS|S|M|L|XL|XXL|3XL,embroidery|screen,front|back|left_chest,yes,"Shell: Twill, 100% Polyester - Recycled, Fluorine-free DWR | Padding: 100% Polyester - Recycled | Lining: Balanced Plain weave, 100% Polyester - Recycled","Shell: Twill, 100% Polyester - Recycled, Fluorine-free DWR | Padding: 100% Polyester - Recycled | Lining: Balanced Plain weave, 100% Polyester - Recycled",240,,,,Stanley/Stella,STJU251,,,,,,,,,,,,,,,cost 46.15; worst-case decoration 5.86 at 100; market blank 56.58; ours 1.41x market,,,,,,,,,,,
variant,MP-0017,,,,published,,,,,,,,,,,,,,,,,,,,,,,,c002,MP0017-C002,0.00,,,,,,,,,,,,,,,,,,,,,,,
variant,MP-0017,,,,published,,,,,,,,,,,,,,,,,,,,,,,,c727,MP0017-C727,0.00,,,,,,,,,,,,,,,,,,,,,,,
variant,MP-0017,,,,published,,,,,,,,,,,,,,,,,,,,,,,,c223,MP0017-C223,0.00,,,,,,,,,,,,,,,,,,,,,,,
image,MP-0017,,,,,,,,,,,,,,,,,,,,,,,,,,,,,,,,,"https://res.cloudinary.com/www-stanleystella-com/image/upload/c_lpad,w_1600,f_auto,q_auto/v1/TechnicalNames/DFM0_STJU251_C002.jpg?_i=AB",Bomber 2.0 in Black,1,,,,,,,,,,,,,,,,,,
image,MP-0017,,,,,,,,,,,,,,,,,,,,,,,,,,,,c727,,,,,"https://res.cloudinary.com/www-stanleystella-com/image/upload/c_lpad,w_1600,f_auto,q_auto/v1/TechnicalNames/SBM0_STJU251_C727.jpg?_i=AB",Bomber 2.0 in French Navy,2,,,,,,,,,,,,,,,,,,
image,MP-0017,,,,,,,,,,,,,,,,,,,,,,,,,,,,c223,,,,,"https://res.cloudinary.com/www-stanleystella-com/image/upload/c_lpad,w_1600,f_auto,q_auto/v1/TechnicalNames/SFM0_STJU251_C223.jpg?_i=AB",Bomber 2.0 in Khaki,3,,,,,,,,,,,,,,,,,,
decoration,MP-0017,,,,,,,,,,,,,,,,,,,,,,,,,,,,,,,,,,,,embroidery,front,160,160,6,Vector or DST,Default maximum for the category — confirm per product.,,,,,,,,,,,
decoration,MP-0017,,,,,,,,,,,,,,,,,,,,,,,,,,,,,,,,,,,,embroidery,back,200,200,6,Vector or DST,Default maximum for the category — confirm per product.,,,,,,,,,,,
decoration,MP-0017,,,,,,,,,,,,,,,,,,,,,,,,,,,,,,,,,,,,embroidery,left_chest,90,90,6,Vector or DST,Default maximum for the category — confirm per product.,,,,,,,,,,,
decoration,MP-0017,,,,,,,,,,,,,,,,,,,,,,,,,,,,,,,,,,,,screen,front,300,400,4,Vector,Default maximum for the category — confirm per product.,,,,,,,,,,,
decoration,MP-0017,,,,,,,,,,,,,,,,,,,,,,,,,,,,,,,,,,,,screen,back,320,420,4,Vector,Default maximum for the category — confirm per product.,,,,,,,,,,,
decoration,MP-0017,,,,,,,,,,,,,,,,,,,,,,,,,,,,,,,,,,,,screen,left_chest,100,100,4,Vector,Default maximum for the category — confirm per product.,,,,,,,,,,,
product,MP-0018,brooker,Brooker,Outerwear,published,25,EUR,79.29,76.13,73.10,70.68,69.53,41.65,3,5,c002|c727|c116|c223|c028,XXS|XS|S|M|L|XL|XXL|3XL,embroidery|screen,front|back|left_chest,yes,"Shell: Bonded, Sherpa, 100% Polyester - Recycled, Fabric washed | Lining: Polar Fleece, 100% Polyester - Recycled, Brushed","Shell: Bonded, Sherpa, 100% Polyester - Recycled, Fabric washed | Lining: Polar Fleece, 100% Polyester - Recycled, Brushed",450,,,,Stanley/Stella,STJU248,,,,,,,,,,,,,,,cost 41.65; worst-case decoration 5.86 at 100; market blank 51.08; ours 1.43x market,,,,,,,,,,,
variant,MP-0018,,,,published,,,,,,,,,,,,,,,,,,,,,,,,c002,MP0018-C002,0.00,,,,,,,,,,,,,,,,,,,,,,,
variant,MP-0018,,,,published,,,,,,,,,,,,,,,,,,,,,,,,c727,MP0018-C727,0.00,,,,,,,,,,,,,,,,,,,,,,,
variant,MP-0018,,,,published,,,,,,,,,,,,,,,,,,,,,,,,c116,MP0018-C116,0.00,,,,,,,,,,,,,,,,,,,,,,,
variant,MP-0018,,,,published,,,,,,,,,,,,,,,,,,,,,,,,c223,MP0018-C223,0.00,,,,,,,,,,,,,,,,,,,,,,,
variant,MP-0018,,,,published,,,,,,,,,,,,,,,,,,,,,,,,c028,MP0018-C028,0.00,,,,,,,,,,,,,,,,,,,,,,,
image,MP-0018,,,,,,,,,,,,,,,,,,,,,,,,,,,,,,,,,"https://res.cloudinary.com/www-stanleystella-com/image/upload/c_lpad,w_1600,f_auto,q_auto/v1/TechnicalNames/SBM0_STJU248_C002.jpg?_i=AB",Brooker in Black,1,,,,,,,,,,,,,,,,,,
image,MP-0018,,,,,,,,,,,,,,,,,,,,,,,,,,,,c727,,,,,"https://res.cloudinary.com/www-stanleystella-com/image/upload/c_lpad,w_1600,f_auto,q_auto/v1/TechnicalNames/SFM1_STJU248_C727.jpg?_i=AB",Brooker in French Navy,2,,,,,,,,,,,,,,,,,,
image,MP-0018,,,,,,,,,,,,,,,,,,,,,,,,,,,,c116,,,,,"https://res.cloudinary.com/www-stanleystella-com/image/upload/c_lpad,w_1600,f_auto,q_auto/v1/TechnicalNames/PBM0_STJU248_C116.jpg?_i=AB",Brooker in Red Brown,3,,,,,,,,,,,,,,,,,,
image,MP-0018,,,,,,,,,,,,,,,,,,,,,,,,,,,,c223,,,,,"https://res.cloudinary.com/www-stanleystella-com/image/upload/c_lpad,w_1600,f_auto,q_auto/v1/TechnicalNames/DFM0_STJU248_C223.jpg?_i=AB",Brooker in Khaki,4,,,,,,,,,,,,,,,,,,
image,MP-0018,,,,,,,,,,,,,,,,,,,,,,,,,,,,c028,,,,,"https://res.cloudinary.com/www-stanleystella-com/image/upload/c_lpad,w_1600,f_auto,q_auto/v1/TechnicalNames/SBM0_STJU248_C028.jpg?_i=AB",Brooker in Desert Dust,5,,,,,,,,,,,,,,,,,,
decoration,MP-0018,,,,,,,,,,,,,,,,,,,,,,,,,,,,,,,,,,,,embroidery,front,160,160,6,Vector or DST,Default maximum for the category — confirm per product.,,,,,,,,,,,
decoration,MP-0018,,,,,,,,,,,,,,,,,,,,,,,,,,,,,,,,,,,,embroidery,back,200,200,6,Vector or DST,Default maximum for the category — confirm per product.,,,,,,,,,,,
decoration,MP-0018,,,,,,,,,,,,,,,,,,,,,,,,,,,,,,,,,,,,embroidery,left_chest,90,90,6,Vector or DST,Default maximum for the category — confirm per product.,,,,,,,,,,,
decoration,MP-0018,,,,,,,,,,,,,,,,,,,,,,,,,,,,,,,,,,,,screen,front,300,400,4,Vector,Default maximum for the category — confirm per product.,,,,,,,,,,,
decoration,MP-0018,,,,,,,,,,,,,,,,,,,,,,,,,,,,,,,,,,,,screen,back,320,420,4,Vector,Default maximum for the category — confirm per product.,,,,,,,,,,,
decoration,MP-0018,,,,,,,,,,,,,,,,,,,,,,,,,,,,,,,,,,,,screen,left_chest,100,100,4,Vector,Default maximum for the category — confirm per product.,,,,,,,,,,,
product,MP-0019,chore-jacket,Chore Jacket,Outerwear,published,25,EUR,,,,,,,3,5,c177|c372|c373,XXS|XS|S|M|L|XL|XXL|3XL,embroidery|screen,front|back|left_chest,yes,"Shell: Canvas, 100% Cotton - Organic Open End, Garment washed, Garment dyed","Shell: Canvas, 100% Cotton - Organic Open End, Garment washed, Garment dyed",379,,,,Stanley/Stella,STJU294,,,,,,,,,,,,,,,No supplier cost on file — quote on inquiry.,,,,,,,,,,,
variant,MP-0019,,,,published,,,,,,,,,,,,,,,,,,,,,,,,c177,MP0019-C177,0.00,,,,,,,,,,,,,,,,,,,,,,,
variant,MP-0019,,,,published,,,,,,,,,,,,,,,,,,,,,,,,c372,MP0019-C372,0.00,,,,,,,,,,,,,,,,,,,,,,,
variant,MP-0019,,,,published,,,,,,,,,,,,,,,,,,,,,,,,c373,MP0019-C373,0.00,,,,,,,,,,,,,,,,,,,,,,,
image,MP-0019,,,,,,,,,,,,,,,,,,,,,,,,,,,,,,,,,"https://res.cloudinary.com/www-stanleystella-com/image/upload/c_lpad,w_1600,f_auto,q_auto/v1/TechnicalNames/DFM1_STJU294_C177.jpg?_i=AB",Chore Jacket in G.Dyed Bronze,1,,,,,,,,,,,,,,,,,,
image,MP-0019,,,,,,,,,,,,,,,,,,,,,,,,,,,,c372,,,,,"https://res.cloudinary.com/www-stanleystella-com/image/upload/c_lpad,w_1600,f_auto,q_auto/v1/TechnicalNames/SBM0_STJU294_C372.jpg?_i=AB",Chore Jacket in G. Dyed Black,2,,,,,,,,,,,,,,,,,,
image,MP-0019,,,,,,,,,,,,,,,,,,,,,,,,,,,,c373,,,,,"https://res.cloudinary.com/www-stanleystella-com/image/upload/c_lpad,w_1600,f_auto,q_auto/v1/TechnicalNames/SBM0_STJU294_C373.jpg?_i=AB",Chore Jacket in G.Dyed Navy,3,,,,,,,,,,,,,,,,,,
decoration,MP-0019,,,,,,,,,,,,,,,,,,,,,,,,,,,,,,,,,,,,embroidery,front,160,160,6,Vector or DST,Default maximum for the category — confirm per product.,,,,,,,,,,,
decoration,MP-0019,,,,,,,,,,,,,,,,,,,,,,,,,,,,,,,,,,,,embroidery,back,200,200,6,Vector or DST,Default maximum for the category — confirm per product.,,,,,,,,,,,
decoration,MP-0019,,,,,,,,,,,,,,,,,,,,,,,,,,,,,,,,,,,,embroidery,left_chest,90,90,6,Vector or DST,Default maximum for the category — confirm per product.,,,,,,,,,,,
decoration,MP-0019,,,,,,,,,,,,,,,,,,,,,,,,,,,,,,,,,,,,screen,front,300,400,4,Vector,Default maximum for the category — confirm per product.,,,,,,,,,,,
decoration,MP-0019,,,,,,,,,,,,,,,,,,,,,,,,,,,,,,,,,,,,screen,back,320,420,4,Vector,Default maximum for the category — confirm per product.,,,,,,,,,,,
decoration,MP-0019,,,,,,,,,,,,,,,,,,,,,,,,,,,,,,,,,,,,screen,left_chest,100,100,4,Vector,Default maximum for the category — confirm per product.,,,,,,,,,,,
product,MP-0020,coacher,Coacher,Outerwear,published,25,EUR,57.67,54.51,51.48,49.06,47.92,27.60,3,5,c002|c727|c081|c008,XXS|XS|S|M|L|XL|XXL|3XL,embroidery|screen,front|back|left_chest,yes,"Shell: Plain Weave, 100% Polyester - Recycled, Fluorine-free DWR | Lining: Mesh, 100% Polyester - Recycled","Shell: Plain Weave, 100% Polyester - Recycled, Fluorine-free DWR | Lining: Mesh, 100% Polyester - Recycled",75,,,,Stanley/Stella,STJU833,,,,,,,,,,,,,,,cost 27.60; worst-case decoration 5.86 at 100; market blank 33.28; ours 1.55x market,,,,,,,,,,,
variant,MP-0020,,,,published,,,,,,,,,,,,,,,,,,,,,,,,c002,MP0020-C002,0.00,,,,,,,,,,,,,,,,,,,,,,,
variant,MP-0020,,,,published,,,,,,,,,,,,,,,,,,,,,,,,c727,MP0020-C727,0.00,,,,,,,,,,,,,,,,,,,,,,,
variant,MP-0020,,,,published,,,,,,,,,,,,,,,,,,,,,,,,c081,MP0020-C081,0.00,,,,,,,,,,,,,,,,,,,,,,,
variant,MP-0020,,,,published,,,,,,,,,,,,,,,,,,,,,,,,c008,MP0020-C008,0.00,,,,,,,,,,,,,,,,,,,,,,,
image,MP-0020,,,,,,,,,,,,,,,,,,,,,,,,,,,,,,,,,"https://res.cloudinary.com/www-stanleystella-com/image/upload/c_lpad,w_1600,f_auto,q_auto/v1/TechnicalNames/PBM0_STJU833_C002.jpg?_i=AB",Coacher in Black,1,,,,,,,,,,,,,,,,,,
image,MP-0020,,,,,,,,,,,,,,,,,,,,,,,,,,,,c727,,,,,"https://res.cloudinary.com/www-stanleystella-com/image/upload/c_lpad,w_1600,f_auto,q_auto/v1/TechnicalNames/SFM0_STJU833_C727.jpg?_i=AB",Coacher in French Navy,2,,,,,,,,,,,,,,,,,,
image,MP-0020,,,,,,,,,,,,,,,,,,,,,,,,,,,,c081,,,,,"https://res.cloudinary.com/www-stanleystella-com/image/upload/c_lpad,w_1600,f_auto,q_auto/v1/TechnicalNames/PBM0_STJU833_C081.jpg?_i=AB",Coacher in Flame Orange,3,,,,,,,,,,,,,,,,,,
image,MP-0020,,,,,,,,,,,,,,,,,,,,,,,,,,,,c008,,,,,"https://res.cloudinary.com/www-stanleystella-com/image/upload/c_lpad,w_1600,f_auto,q_auto/v1/TechnicalNames/DFM0_STJU833_C008.jpg?_i=AB",Coacher in British Khaki,4,,,,,,,,,,,,,,,,,,
decoration,MP-0020,,,,,,,,,,,,,,,,,,,,,,,,,,,,,,,,,,,,embroidery,front,160,160,6,Vector or DST,Default maximum for the category — confirm per product.,,,,,,,,,,,
decoration,MP-0020,,,,,,,,,,,,,,,,,,,,,,,,,,,,,,,,,,,,embroidery,back,200,200,6,Vector or DST,Default maximum for the category — confirm per product.,,,,,,,,,,,
decoration,MP-0020,,,,,,,,,,,,,,,,,,,,,,,,,,,,,,,,,,,,embroidery,left_chest,90,90,6,Vector or DST,Default maximum for the category — confirm per product.,,,,,,,,,,,
decoration,MP-0020,,,,,,,,,,,,,,,,,,,,,,,,,,,,,,,,,,,,screen,front,300,400,4,Vector,Default maximum for the category — confirm per product.,,,,,,,,,,,
decoration,MP-0020,,,,,,,,,,,,,,,,,,,,,,,,,,,,,,,,,,,,screen,back,320,420,4,Vector,Default maximum for the category — confirm per product.,,,,,,,,,,,
decoration,MP-0020,,,,,,,,,,,,,,,,,,,,,,,,,,,,,,,,,,,,screen,left_chest,100,100,4,Vector,Default maximum for the category — confirm per product.,,,,,,,,,,,
product,MP-0021,coacher-aop,Coacher AOP,Outerwear,published,25,EUR,,,,,,,3,5,c805,XXS|XS|S|M|L|XL|XXL|3XL,embroidery|screen,front|back|left_chest,yes,"Shell: Plain Weave, 100% Polyester - Recycled, Fluorine-free DWR | Lining: Mesh, 100% Polyester - Recycled","Shell: Plain Weave, 100% Polyester - Recycled, Fluorine-free DWR | Lining: Mesh, 100% Polyester - Recycled",75,,,,Stanley/Stella,STJU879,,,,,,,,,,,,,,,No supplier cost on file — quote on inquiry.,,,,,,,,,,,
variant,MP-0021,,,,published,,,,,,,,,,,,,,,,,,,,,,,,c805,MP0021-C805,0.00,,,,,,,,,,,,,,,,,,,,,,,
image,MP-0021,,,,,,,,,,,,,,,,,,,,,,,,,,,,,,,,,"https://res.cloudinary.com/www-stanleystella-com/image/upload/c_lpad,w_1600,f_auto,q_auto/v1/TechnicalNames/DFM0_STJU879_C805.jpg?_i=AB",Coacher AOP in Camouflage,1,,,,,,,,,,,,,,,,,,
decoration,MP-0021,,,,,,,,,,,,,,,,,,,,,,,,,,,,,,,,,,,,embroidery,front,160,160,6,Vector or DST,Default maximum for the category — confirm per product.,,,,,,,,,,,
decoration,MP-0021,,,,,,,,,,,,,,,,,,,,,,,,,,,,,,,,,,,,embroidery,back,200,200,6,Vector or DST,Default maximum for the category — confirm per product.,,,,,,,,,,,
decoration,MP-0021,,,,,,,,,,,,,,,,,,,,,,,,,,,,,,,,,,,,embroidery,left_chest,90,90,6,Vector or DST,Default maximum for the category — confirm per product.,,,,,,,,,,,
decoration,MP-0021,,,,,,,,,,,,,,,,,,,,,,,,,,,,,,,,,,,,screen,front,300,400,4,Vector,Default maximum for the category — confirm per product.,,,,,,,,,,,
decoration,MP-0021,,,,,,,,,,,,,,,,,,,,,,,,,,,,,,,,,,,,screen,back,320,420,4,Vector,Default maximum for the category — confirm per product.,,,,,,,,,,,
decoration,MP-0021,,,,,,,,,,,,,,,,,,,,,,,,,,,,,,,,,,,,screen,left_chest,100,100,4,Vector,Default maximum for the category — confirm per product.,,,,,,,,,,,
product,MP-0022,commuter,Commuter,Outerwear,published,25,EUR,66.75,63.59,60.56,58.14,56.99,33.50,3,5,c002|c727|c081|c004|c068|c230|c008|c082|c018|c080,XXS|XS|S|M|L|XL|XXL|3XL|4XL|5XL,embroidery|screen,front|back|left_chest,yes,"Shell: Plain Weave, 100% Polyester - Recycled, Fluorine-free DWR | Lining: Mesh, 100% Polyester - Recycled","Shell: Plain Weave, 100% Polyester - Recycled, Fluorine-free DWR | Lining: Mesh, 100% Polyester - Recycled",75,,,,Stanley/Stella,STJU846,,,,,,,,,,,,,,,cost 33.50; worst-case decoration 5.86 at 100; market blank 34.28; ours 1.77x market,,,,,,,,,,,
variant,MP-0022,,,,published,,,,,,,,,,,,,,,,,,,,,,,,c002,MP0022-C002,0.00,,,,,,,,,,,,,,,,,,,,,,,
variant,MP-0022,,,,published,,,,,,,,,,,,,,,,,,,,,,,,c727,MP0022-C727,0.00,,,,,,,,,,,,,,,,,,,,,,,
variant,MP-0022,,,,published,,,,,,,,,,,,,,,,,,,,,,,,c081,MP0022-C081,0.00,,,,,,,,,,,,,,,,,,,,,,,
variant,MP-0022,,,,published,,,,,,,,,,,,,,,,,,,,,,,,c004,MP0022-C004,0.00,,,,,,,,,,,,,,,,,,,,,,,
variant,MP-0022,,,,published,,,,,,,,,,,,,,,,,,,,,,,,c068,MP0022-C068,0.00,,,,,,,,,,,,,,,,,,,,,,,
variant,MP-0022,,,,published,,,,,,,,,,,,,,,,,,,,,,,,c230,MP0022-C230,0.00,,,,,,,,,,,,,,,,,,,,,,,
variant,MP-0022,,,,published,,,,,,,,,,,,,,,,,,,,,,,,c008,MP0022-C008,0.00,,,,,,,,,,,,,,,,,,,,,,,
variant,MP-0022,,,,published,,,,,,,,,,,,,,,,,,,,,,,,c082,MP0022-C082,0.00,,,,,,,,,,,,,,,,,,,,,,,
variant,MP-0022,,,,published,,,,,,,,,,,,,,,,,,,,,,,,c018,MP0022-C018,0.00,,,,,,,,,,,,,,,,,,,,,,,
variant,MP-0022,,,,published,,,,,,,,,,,,,,,,,,,,,,,,c080,MP0022-C080,0.00,,,,,,,,,,,,,,,,,,,,,,,
image,MP-0022,,,,,,,,,,,,,,,,,,,,,,,,,,,,,,,,,"https://res.cloudinary.com/www-stanleystella-com/image/upload/c_lpad,w_1600,f_auto,q_auto/v1/TechnicalNames/DFM0_STJU846_C002.jpg?_i=AB",Commuter in Black,1,,,,,,,,,,,,,,,,,,
image,MP-0022,,,,,,,,,,,,,,,,,,,,,,,,,,,,c727,,,,,"https://res.cloudinary.com/www-stanleystella-com/image/upload/c_lpad,w_1600,f_auto,q_auto/v1/TechnicalNames/PBM0_STJU846_C727.jpg?_i=AB",Commuter in French Navy,2,,,,,,,,,,,,,,,,,,
image,MP-0022,,,,,,,,,,,,,,,,,,,,,,,,,,,,c081,,,,,"https://res.cloudinary.com/www-stanleystella-com/image/upload/c_lpad,w_1600,f_auto,q_auto/v1/TechnicalNames/PBM0_STJU846_C081.jpg?_i=AB",Commuter in Flame Orange,3,,,,,,,,,,,,,,,,,,
image,MP-0022,,,,,,,,,,,,,,,,,,,,,,,,,,,,c004,,,,,"https://res.cloudinary.com/www-stanleystella-com/image/upload/c_lpad,w_1600,f_auto,q_auto/v1/TechnicalNames/PBM0_STJU846_C004.jpg?_i=AB",Commuter in Red,4,,,,,,,,,,,,,,,,,,
image,MP-0022,,,,,,,,,,,,,,,,,,,,,,,,,,,,c068,,,,,"https://res.cloudinary.com/www-stanleystella-com/image/upload/c_lpad,w_1600,f_auto,q_auto/v1/TechnicalNames/PBM0_STJU846_C068.jpg?_i=AB",Commuter in Orchid Flower,5,,,,,,,,,,,,,,,,,,
image,MP-0022,,,,,,,,,,,,,,,,,,,,,,,,,,,,c230,,,,,"https://res.cloudinary.com/www-stanleystella-com/image/upload/c_lpad,w_1600,f_auto,q_auto/v1/TechnicalNames/PBM0_STJU846_C230.jpg?_i=AB",Commuter in Royal Blue,6,,,,,,,,,,,,,,,,,,
image,MP-0022,,,,,,,,,,,,,,,,,,,,,,,,,,,,c008,,,,,"https://res.cloudinary.com/www-stanleystella-com/image/upload/c_lpad,w_1600,f_auto,q_auto/v1/TechnicalNames/PBM0_STJU846_C008.jpg?_i=AB",Commuter in British Khaki,7,,,,,,,,,,,,,,,,,,
image,MP-0022,,,,,,,,,,,,,,,,,,,,,,,,,,,,c082,,,,,"https://res.cloudinary.com/www-stanleystella-com/image/upload/c_lpad,w_1600,f_auto,q_auto/v1/TechnicalNames/DFM0_STJU846_C082.jpg?_i=AB",Commuter in Lime Flash,8,,,,,,,,,,,,,,,,,,
image,MP-0022,,,,,,,,,,,,,,,,,,,,,,,,,,,,c018,,,,,"https://res.cloudinary.com/www-stanleystella-com/image/upload/c_lpad,w_1600,f_auto,q_auto/v1/TechnicalNames/DFM0_STJU846_C018.jpg?_i=AB",Commuter in Off White,9,,,,,,,,,,,,,,,,,,
image,MP-0022,,,,,,,,,,,,,,,,,,,,,,,,,,,,c080,,,,,"https://res.cloudinary.com/www-stanleystella-com/image/upload/c_lpad,w_1600,f_auto,q_auto/v1/TechnicalNames/DFM0_STJU846_C080.jpg?_i=AB",Commuter in Deep Metal,10,,,,,,,,,,,,,,,,,,
decoration,MP-0022,,,,,,,,,,,,,,,,,,,,,,,,,,,,,,,,,,,,embroidery,front,160,160,6,Vector or DST,Default maximum for the category — confirm per product.,,,,,,,,,,,
decoration,MP-0022,,,,,,,,,,,,,,,,,,,,,,,,,,,,,,,,,,,,embroidery,back,200,200,6,Vector or DST,Default maximum for the category — confirm per product.,,,,,,,,,,,
decoration,MP-0022,,,,,,,,,,,,,,,,,,,,,,,,,,,,,,,,,,,,embroidery,left_chest,90,90,6,Vector or DST,Default maximum for the category — confirm per product.,,,,,,,,,,,
decoration,MP-0022,,,,,,,,,,,,,,,,,,,,,,,,,,,,,,,,,,,,screen,front,300,400,4,Vector,Default maximum for the category — confirm per product.,,,,,,,,,,,
decoration,MP-0022,,,,,,,,,,,,,,,,,,,,,,,,,,,,,,,,,,,,screen,back,320,420,4,Vector,Default maximum for the category — confirm per product.,,,,,,,,,,,
decoration,MP-0022,,,,,,,,,,,,,,,,,,,,,,,,,,,,,,,,,,,,screen,left_chest,100,100,4,Vector,Default maximum for the category — confirm per product.,,,,,,,,,,,
product,MP-0023,drifter,Drifter,Outerwear,published,25,EUR,,,,,,,3,5,c176|c002|c727|c004|c729|c223|c253,XXS|XS|S|M|L|XL|XXL|3XL|4XL|5XL,embroidery|screen,front|back|left_chest,yes,"Shell: Ripstop, 100% Polyester - Recycled,8% TPU recycled membrane, Fluorine-free DWR","Shell: Ripstop, 100% Polyester - Recycled,8% TPU recycled membrane, Fluorine-free DWR",118,,,,Stanley/Stella,STJU289,,,,,,,,,,,,,,,No supplier cost on file — quote on inquiry.,,,,,,,,,,,
variant,MP-0023,,,,published,,,,,,,,,,,,,,,,,,,,,,,,c176,MP0023-C176,0.00,,,,,,,,,,,,,,,,,,,,,,,
variant,MP-0023,,,,published,,,,,,,,,,,,,,,,,,,,,,,,c002,MP0023-C002,0.00,,,,,,,,,,,,,,,,,,,,,,,
variant,MP-0023,,,,published,,,,,,,,,,,,,,,,,,,,,,,,c727,MP0023-C727,0.00,,,,,,,,,,,,,,,,,,,,,,,
variant,MP-0023,,,,published,,,,,,,,,,,,,,,,,,,,,,,,c004,MP0023-C004,0.00,,,,,,,,,,,,,,,,,,,,,,,
variant,MP-0023,,,,published,,,,,,,,,,,,,,,,,,,,,,,,c729,MP0023-C729,0.00,,,,,,,,,,,,,,,,,,,,,,,
variant,MP-0023,,,,published,,,,,,,,,,,,,,,,,,,,,,,,c223,MP0023-C223,0.00,,,,,,,,,,,,,,,,,,,,,,,
variant,MP-0023,,,,published,,,,,,,,,,,,,,,,,,,,,,,,c253,MP0023-C253,0.00,,,,,,,,,,,,,,,,,,,,,,,
image,MP-0023,,,,,,,,,,,,,,,,,,,,,,,,,,,,,,,,,"https://res.cloudinary.com/www-stanleystella-com/image/upload/c_lpad,w_1600,f_auto,q_auto/v1/TechnicalNames/SBC0_STJU289_C176.jpg?_i=AB",Drifter in Bronze,1,,,,,,,,,,,,,,,,,,
image,MP-0023,,,,,,,,,,,,,,,,,,,,,,,,,,,,c002,,,,,"https://res.cloudinary.com/www-stanleystella-com/image/upload/c_lpad,w_1600,f_auto,q_auto/v1/TechnicalNames/SBC0_STJU289_C002.jpg?_i=AB",Drifter in Black,2,,,,,,,,,,,,,,,,,,
image,MP-0023,,,,,,,,,,,,,,,,,,,,,,,,,,,,c727,,,,,"https://res.cloudinary.com/www-stanleystella-com/image/upload/c_lpad,w_1600,f_auto,q_auto/v1/TechnicalNames/SBC0_STJU289_C727.jpg?_i=AB",Drifter in French Navy,3,,,,,,,,,,,,,,,,,,
image,MP-0023,,,,,,,,,,,,,,,,,,,,,,,,,,,,c004,,,,,"https://res.cloudinary.com/www-stanleystella-com/image/upload/c_lpad,w_1600,f_auto,q_auto/v1/TechnicalNames/SBC0_STJU289_C004.jpg?_i=AB",Drifter in Red,4,,,,,,,,,,,,,,,,,,
image,MP-0023,,,,,,,,,,,,,,,,,,,,,,,,,,,,c729,,,,,"https://res.cloudinary.com/www-stanleystella-com/image/upload/c_lpad,w_1600,f_auto,q_auto/v1/TechnicalNames/SFM0_STJU289_C729.jpg?_i=AB",Drifter in Mindful Blue,5,,,,,,,,,,,,,,,,,,
image,MP-0023,,,,,,,,,,,,,,,,,,,,,,,,,,,,c223,,,,,"https://res.cloudinary.com/www-stanleystella-com/image/upload/c_lpad,w_1600,f_auto,q_auto/v1/TechnicalNames/SBC0_STJU289_C223.jpg?_i=AB",Drifter in Khaki,6,,,,,,,,,,,,,,,,,,
image,MP-0023,,,,,,,,,,,,,,,,,,,,,,,,,,,,c253,,,,,"https://res.cloudinary.com/www-stanleystella-com/image/upload/c_lpad,w_1600,f_auto,q_auto/v1/TechnicalNames/SBC0_STJU289_C253.jpg?_i=AB",Drifter in Anthracite,7,,,,,,,,,,,,,,,,,,
decoration,MP-0023,,,,,,,,,,,,,,,,,,,,,,,,,,,,,,,,,,,,embroidery,front,160,160,6,Vector or DST,Default maximum for the category — confirm per product.,,,,,,,,,,,
decoration,MP-0023,,,,,,,,,,,,,,,,,,,,,,,,,,,,,,,,,,,,embroidery,back,200,200,6,Vector or DST,Default maximum for the category — confirm per product.,,,,,,,,,,,
decoration,MP-0023,,,,,,,,,,,,,,,,,,,,,,,,,,,,,,,,,,,,embroidery,left_chest,90,90,6,Vector or DST,Default maximum for the category — confirm per product.,,,,,,,,,,,
decoration,MP-0023,,,,,,,,,,,,,,,,,,,,,,,,,,,,,,,,,,,,screen,front,300,400,4,Vector,Default maximum for the category — confirm per product.,,,,,,,,,,,
decoration,MP-0023,,,,,,,,,,,,,,,,,,,,,,,,,,,,,,,,,,,,screen,back,320,420,4,Vector,Default maximum for the category — confirm per product.,,,,,,,,,,,
decoration,MP-0023,,,,,,,,,,,,,,,,,,,,,,,,,,,,,,,,,,,,screen,left_chest,100,100,4,Vector,Default maximum for the category — confirm per product.,,,,,,,,,,,
product,MP-0024,liner,Liner,Outerwear,published,25,EUR,70.13,66.97,63.94,61.53,60.38,35.70,3,5,c002|c727|c116|c223|c028,XXS|XS|S|M|L|XL|XXL|3XL,embroidery|screen,front|back|left_chest,yes,"Shell: Bonded, Sherpa, 100% Polyester - Recycled, Fabric washed, Brushed | Lining: Polar Fleece, 100% Polyester - Recycled, Brushed","Shell: Bonded, Sherpa, 100% Polyester - Recycled, Fabric washed, Brushed | Lining: Polar Fleece, 100% Polyester - Recycled, Brushed",450,,,,Stanley/Stella,STJU249,,,,,,,,,,,,,,,cost 35.70; worst-case decoration 5.86 at 100; market blank 44.57; ours 1.43x market,,,,,,,,,,,
variant,MP-0024,,,,published,,,,,,,,,,,,,,,,,,,,,,,,c002,MP0024-C002,0.00,,,,,,,,,,,,,,,,,,,,,,,
variant,MP-0024,,,,published,,,,,,,,,,,,,,,,,,,,,,,,c727,MP0024-C727,0.00,,,,,,,,,,,,,,,,,,,,,,,
variant,MP-0024,,,,published,,,,,,,,,,,,,,,,,,,,,,,,c116,MP0024-C116,0.00,,,,,,,,,,,,,,,,,,,,,,,
variant,MP-0024,,,,published,,,,,,,,,,,,,,,,,,,,,,,,c223,MP0024-C223,0.00,,,,,,,,,,,,,,,,,,,,,,,
variant,MP-0024,,,,published,,,,,,,,,,,,,,,,,,,,,,,,c028,MP0024-C028,0.00,,,,,,,,,,,,,,,,,,,,,,,
image,MP-0024,,,,,,,,,,,,,,,,,,,,,,,,,,,,,,,,,"https://res.cloudinary.com/www-stanleystella-com/image/upload/c_lpad,w_1600,f_auto,q_auto/v1/TechnicalNames/SBM0_STJU249_C002.jpg?_i=AB",Liner in Black,1,,,,,,,,,,,,,,,,,,
image,MP-0024,,,,,,,,,,,,,,,,,,,,,,,,,,,,c727,,,,,"https://res.cloudinary.com/www-stanleystella-com/image/upload/c_lpad,w_1600,f_auto,q_auto/v1/TechnicalNames/SFM0_STJU249_C727.jpg?_i=AB",Liner in French Navy,2,,,,,,,,,,,,,,,,,,
image,MP-0024,,,,,,,,,,,,,,,,,,,,,,,,,,,,c116,,,,,"https://res.cloudinary.com/www-stanleystella-com/image/upload/c_lpad,w_1600,f_auto,q_auto/v1/TechnicalNames/PBM0_STJU249_C116.jpg?_i=AB",Liner in Red Brown,3,,,,,,,,,,,,,,,,,,
image,MP-0024,,,,,,,,,,,,,,,,,,,,,,,,,,,,c223,,,,,"https://res.cloudinary.com/www-stanleystella-com/image/upload/c_lpad,w_1600,f_auto,q_auto/v1/TechnicalNames/PBM0_STJU249_C223.jpg?_i=AB",Liner in Khaki,4,,,,,,,,,,,,,,,,,,
image,MP-0024,,,,,,,,,,,,,,,,,,,,,,,,,,,,c028,,,,,"https://res.cloudinary.com/www-stanleystella-com/image/upload/c_lpad,w_1600,f_auto,q_auto/v1/TechnicalNames/DFM0_STJU249_C028.jpg?_i=AB",Liner in Desert Dust,5,,,,,,,,,,,,,,,,,,
decoration,MP-0024,,,,,,,,,,,,,,,,,,,,,,,,,,,,,,,,,,,,embroidery,front,160,160,6,Vector or DST,Default maximum for the category — confirm per product.,,,,,,,,,,,
decoration,MP-0024,,,,,,,,,,,,,,,,,,,,,,,,,,,,,,,,,,,,embroidery,back,200,200,6,Vector or DST,Default maximum for the category — confirm per product.,,,,,,,,,,,
decoration,MP-0024,,,,,,,,,,,,,,,,,,,,,,,,,,,,,,,,,,,,embroidery,left_chest,90,90,6,Vector or DST,Default maximum for the category — confirm per product.,,,,,,,,,,,
decoration,MP-0024,,,,,,,,,,,,,,,,,,,,,,,,,,,,,,,,,,,,screen,front,300,400,4,Vector,Default maximum for the category — confirm per product.,,,,,,,,,,,
decoration,MP-0024,,,,,,,,,,,,,,,,,,,,,,,,,,,,,,,,,,,,screen,back,320,420,4,Vector,Default maximum for the category — confirm per product.,,,,,,,,,,,
decoration,MP-0024,,,,,,,,,,,,,,,,,,,,,,,,,,,,,,,,,,,,screen,left_chest,100,100,4,Vector,Default maximum for the category — confirm per product.,,,,,,,,,,,
product,MP-0025,outsider,Outsider,Outerwear,published,25,EUR,,,,,,,3,5,c007|c002|c702,XXS|XS|S|M|L|XL|XXL|3XL,embroidery|screen,front|back|left_chest,yes,"Shell: Sherpa, 100% Polyester - Recycled, Fabric washed | Lining: Mesh, 100% Polyester - Recycled","Shell: Sherpa, 100% Polyester - Recycled, Fabric washed | Lining: Mesh, 100% Polyester - Recycled",350,,,,Stanley/Stella,STJU883,,,,,,,,,,,,,,,No supplier cost on file — quote on inquiry.,,,,,,,,,,,
variant,MP-0025,,,,published,,,,,,,,,,,,,,,,,,,,,,,,c007,MP0025-C007,0.00,,,,,,,,,,,,,,,,,,,,,,,
variant,MP-0025,,,,published,,,,,,,,,,,,,,,,,,,,,,,,c002,MP0025-C002,0.00,,,,,,,,,,,,,,,,,,,,,,,
variant,MP-0025,,,,published,,,,,,,,,,,,,,,,,,,,,,,,c702,MP0025-C702,0.00,,,,,,,,,,,,,,,,,,,,,,,
image,MP-0025,,,,,,,,,,,,,,,,,,,,,,,,,,,,,,,,,"https://res.cloudinary.com/www-stanleystella-com/image/upload/c_lpad,w_1600,f_auto,q_auto/v1/TechnicalNames/DFM0_STJU883_C702.jpg?_i=AB",Outsider in Stargazer,1,,,,,,,,,,,,,,,,,,
decoration,MP-0025,,,,,,,,,,,,,,,,,,,,,,,,,,,,,,,,,,,,embroidery,front,160,160,6,Vector or DST,Default maximum for the category — confirm per product.,,,,,,,,,,,
decoration,MP-0025,,,,,,,,,,,,,,,,,,,,,,,,,,,,,,,,,,,,embroidery,back,200,200,6,Vector or DST,Default maximum for the category — confirm per product.,,,,,,,,,,,
decoration,MP-0025,,,,,,,,,,,,,,,,,,,,,,,,,,,,,,,,,,,,embroidery,left_chest,90,90,6,Vector or DST,Default maximum for the category — confirm per product.,,,,,,,,,,,
decoration,MP-0025,,,,,,,,,,,,,,,,,,,,,,,,,,,,,,,,,,,,screen,front,300,400,4,Vector,Default maximum for the category — confirm per product.,,,,,,,,,,,
decoration,MP-0025,,,,,,,,,,,,,,,,,,,,,,,,,,,,,,,,,,,,screen,back,320,420,4,Vector,Default maximum for the category — confirm per product.,,,,,,,,,,,
decoration,MP-0025,,,,,,,,,,,,,,,,,,,,,,,,,,,,,,,,,,,,screen,left_chest,100,100,4,Vector,Default maximum for the category — confirm per product.,,,,,,,,,,,
product,MP-0026,padded-parker,Padded Parker,Outerwear,published,25,EUR,101.13,97.97,94.94,92.53,91.38,55.85,3,5,c002|c727|c008,XXS|XS|S|M|L|XL|XXL|3XL,embroidery|screen,front|back|left_chest,yes,"Shell: Plain Weave, 100% Polyester - Recycled, Fluorine-free DWR | Padding: 100% Polyester - Recycled | Lining: Taffeta, 100% Polyester - Recycled","Shell: Plain Weave, 100% Polyester - Recycled, Fluorine-free DWR | Padding: 100% Polyester - Recycled | Lining: Taffeta, 100% Polyester - Recycled",75,,,,Stanley/Stella,STJU841,,,,,,,,,,,,,,,cost 55.85; worst-case decoration 5.86 at 100; market blank 68.50; ours 1.39x market,,,,,,,,,,,
variant,MP-0026,,,,published,,,,,,,,,,,,,,,,,,,,,,,,c002,MP0026-C002,0.00,,,,,,,,,,,,,,,,,,,,,,,
variant,MP-0026,,,,published,,,,,,,,,,,,,,,,,,,,,,,,c727,MP0026-C727,0.00,,,,,,,,,,,,,,,,,,,,,,,
variant,MP-0026,,,,published,,,,,,,,,,,,,,,,,,,,,,,,c008,MP0026-C008,0.00,,,,,,,,,,,,,,,,,,,,,,,
image,MP-0026,,,,,,,,,,,,,,,,,,,,,,,,,,,,,,,,,"https://res.cloudinary.com/www-stanleystella-com/image/upload/c_lpad,w_1600,f_auto,q_auto/v1/TechnicalNames/PBM0_STJU841_C002.jpg?_i=AB",Padded Parker in Black,1,,,,,,,,,,,,,,,,,,
image,MP-0026,,,,,,,,,,,,,,,,,,,,,,,,,,,,c727,,,,,"https://res.cloudinary.com/www-stanleystella-com/image/upload/c_lpad,w_1600,f_auto,q_auto/v1/TechnicalNames/DFM0_STJU841_C727.jpg?_i=AB",Padded Parker in French Navy,2,,,,,,,,,,,,,,,,,,
image,MP-0026,,,,,,,,,,,,,,,,,,,,,,,,,,,,c008,,,,,"https://res.cloudinary.com/www-stanleystella-com/image/upload/c_lpad,w_1600,f_auto,q_auto/v1/TechnicalNames/DFM0_STJU841_C008.jpg?_i=AB",Padded Parker in British Khaki,3,,,,,,,,,,,,,,,,,,
decoration,MP-0026,,,,,,,,,,,,,,,,,,,,,,,,,,,,,,,,,,,,embroidery,front,160,160,6,Vector or DST,Default maximum for the category — confirm per product.,,,,,,,,,,,
decoration,MP-0026,,,,,,,,,,,,,,,,,,,,,,,,,,,,,,,,,,,,embroidery,back,200,200,6,Vector or DST,Default maximum for the category — confirm per product.,,,,,,,,,,,
decoration,MP-0026,,,,,,,,,,,,,,,,,,,,,,,,,,,,,,,,,,,,embroidery,left_chest,90,90,6,Vector or DST,Default maximum for the category — confirm per product.,,,,,,,,,,,
decoration,MP-0026,,,,,,,,,,,,,,,,,,,,,,,,,,,,,,,,,,,,screen,front,300,400,4,Vector,Default maximum for the category — confirm per product.,,,,,,,,,,,
decoration,MP-0026,,,,,,,,,,,,,,,,,,,,,,,,,,,,,,,,,,,,screen,back,320,420,4,Vector,Default maximum for the category — confirm per product.,,,,,,,,,,,
decoration,MP-0026,,,,,,,,,,,,,,,,,,,,,,,,,,,,,,,,,,,,screen,left_chest,100,100,4,Vector,Default maximum for the category — confirm per product.,,,,,,,,,,,
product,MP-0027,puffer,Puffer,Outerwear,published,25,EUR,117.75,114.59,111.56,109.14,107.99,66.65,3,5,c002|c727|c008|c018,XXS|XS|S|M|L|XL|XXL|3XL,embroidery|screen,front|back|left_chest,yes,"Shell: Plain Weave, 100% Polyester - Recycled, Fluorine-free DWR | Padding: 100% Polyester - Recycled | Lining: Taffeta, 100% Polyester - Recycled","Shell: Plain Weave, 100% Polyester - Recycled, Fluorine-free DWR | Padding: 100% Polyester - Recycled | Lining: Taffeta, 100% Polyester - Recycled",75,,,,Stanley/Stella,STJU840,,,,,,,,,,,,,,,cost 66.65; worst-case decoration 5.86 at 100; market blank 81.72; ours 1.37x market,,,,,,,,,,,
variant,MP-0027,,,,published,,,,,,,,,,,,,,,,,,,,,,,,c002,MP0027-C002,0.00,,,,,,,,,,,,,,,,,,,,,,,
variant,MP-0027,,,,published,,,,,,,,,,,,,,,,,,,,,,,,c727,MP0027-C727,0.00,,,,,,,,,,,,,,,,,,,,,,,
variant,MP-0027,,,,published,,,,,,,,,,,,,,,,,,,,,,,,c008,MP0027-C008,0.00,,,,,,,,,,,,,,,,,,,,,,,
variant,MP-0027,,,,published,,,,,,,,,,,,,,,,,,,,,,,,c018,MP0027-C018,0.00,,,,,,,,,,,,,,,,,,,,,,,
image,MP-0027,,,,,,,,,,,,,,,,,,,,,,,,,,,,,,,,,"https://res.cloudinary.com/www-stanleystella-com/image/upload/c_lpad,w_1600,f_auto,q_auto/v1/TechnicalNames/PBM0_STJU840_C002.jpg?_i=AB",Puffer in Black,1,,,,,,,,,,,,,,,,,,
image,MP-0027,,,,,,,,,,,,,,,,,,,,,,,,,,,,c727,,,,,"https://res.cloudinary.com/www-stanleystella-com/image/upload/c_lpad,w_1600,f_auto,q_auto/v1/TechnicalNames/PBM0_STJU840_C727.jpg?_i=AB",Puffer in French Navy,2,,,,,,,,,,,,,,,,,,
image,MP-0027,,,,,,,,,,,,,,,,,,,,,,,,,,,,c008,,,,,"https://res.cloudinary.com/www-stanleystella-com/image/upload/c_lpad,w_1600,f_auto,q_auto/v1/TechnicalNames/PBM0_STJU840_C008.jpg?_i=AB",Puffer in British Khaki,3,,,,,,,,,,,,,,,,,,
image,MP-0027,,,,,,,,,,,,,,,,,,,,,,,,,,,,c018,,,,,"https://res.cloudinary.com/www-stanleystella-com/image/upload/c_lpad,w_1600,f_auto,q_auto/v1/TechnicalNames/DFM2_STJU840_C018.jpg?_i=AB",Puffer in Off White,4,,,,,,,,,,,,,,,,,,
decoration,MP-0027,,,,,,,,,,,,,,,,,,,,,,,,,,,,,,,,,,,,embroidery,front,160,160,6,Vector or DST,Default maximum for the category — confirm per product.,,,,,,,,,,,
decoration,MP-0027,,,,,,,,,,,,,,,,,,,,,,,,,,,,,,,,,,,,embroidery,back,200,200,6,Vector or DST,Default maximum for the category — confirm per product.,,,,,,,,,,,
decoration,MP-0027,,,,,,,,,,,,,,,,,,,,,,,,,,,,,,,,,,,,embroidery,left_chest,90,90,6,Vector or DST,Default maximum for the category — confirm per product.,,,,,,,,,,,
decoration,MP-0027,,,,,,,,,,,,,,,,,,,,,,,,,,,,,,,,,,,,screen,front,300,400,4,Vector,Default maximum for the category — confirm per product.,,,,,,,,,,,
decoration,MP-0027,,,,,,,,,,,,,,,,,,,,,,,,,,,,,,,,,,,,screen,back,320,420,4,Vector,Default maximum for the category — confirm per product.,,,,,,,,,,,
decoration,MP-0027,,,,,,,,,,,,,,,,,,,,,,,,,,,,,,,,,,,,screen,left_chest,100,100,4,Vector,Default maximum for the category — confirm per product.,,,,,,,,,,,
product,MP-0028,puffer-2-0,Puffer 2.0,Outerwear,published,25,EUR,117.75,114.59,111.56,109.14,107.99,66.65,3,5,c176|c002|c727|c116|c018,XXS|XS|S|M|L|XL|XXL|3XL,embroidery|screen,front|back|left_chest,yes,"Shell: Plain Weave, 100% Nylon - Recycled, Fluorine-free DWR","Shell: Plain Weave, 100% Nylon - Recycled, Fluorine-free DWR",38,,,,Stanley/Stella,STJU292,,,,,,,,,,,,,,,cost 66.65; worst-case decoration 5.86 at 100; market blank 81.94; ours 1.36x market,,,,,,,,,,,
variant,MP-0028,,,,published,,,,,,,,,,,,,,,,,,,,,,,,c176,MP0028-C176,0.00,,,,,,,,,,,,,,,,,,,,,,,
variant,MP-0028,,,,published,,,,,,,,,,,,,,,,,,,,,,,,c002,MP0028-C002,0.00,,,,,,,,,,,,,,,,,,,,,,,
variant,MP-0028,,,,published,,,,,,,,,,,,,,,,,,,,,,,,c727,MP0028-C727,0.00,,,,,,,,,,,,,,,,,,,,,,,
variant,MP-0028,,,,published,,,,,,,,,,,,,,,,,,,,,,,,c116,MP0028-C116,0.00,,,,,,,,,,,,,,,,,,,,,,,
variant,MP-0028,,,,published,,,,,,,,,,,,,,,,,,,,,,,,c018,MP0028-C018,0.00,,,,,,,,,,,,,,,,,,,,,,,
image,MP-0028,,,,,,,,,,,,,,,,,,,,,,,,,,,,,,,,,"https://res.cloudinary.com/www-stanleystella-com/image/upload/c_lpad,w_1600,f_auto,q_auto/v1/TechnicalNames/SFM0_STJU292_C176.jpg?_i=AB",Puffer 2.0 in Bronze,1,,,,,,,,,,,,,,,,,,
image,MP-0028,,,,,,,,,,,,,,,,,,,,,,,,,,,,c002,,,,,"https://res.cloudinary.com/www-stanleystella-com/image/upload/c_lpad,w_1600,f_auto,q_auto/v1/TechnicalNames/SBM0_STJU292_C002.jpg?_i=AB",Puffer 2.0 in Black,2,,,,,,,,,,,,,,,,,,
image,MP-0028,,,,,,,,,,,,,,,,,,,,,,,,,,,,c727,,,,,"https://res.cloudinary.com/www-stanleystella-com/image/upload/c_lpad,w_1600,f_auto,q_auto/v1/TechnicalNames/SBM0_STJU292_C727.jpg?_i=AB",Puffer 2.0 in French Navy,3,,,,,,,,,,,,,,,,,,
image,MP-0028,,,,,,,,,,,,,,,,,,,,,,,,,,,,c116,,,,,"https://res.cloudinary.com/www-stanleystella-com/image/upload/c_lpad,w_1600,f_auto,q_auto/v1/TechnicalNames/SBM0_STJU292_C116.jpg?_i=AB",Puffer 2.0 in Red Brown,4,,,,,,,,,,,,,,,,,,
image,MP-0028,,,,,,,,,,,,,,,,,,,,,,,,,,,,c018,,,,,"https://res.cloudinary.com/www-stanleystella-com/image/upload/c_lpad,w_1600,f_auto,q_auto/v1/TechnicalNames/SBM0_STJU292_C018.jpg?_i=AB",Puffer 2.0 in Off White,5,,,,,,,,,,,,,,,,,,
decoration,MP-0028,,,,,,,,,,,,,,,,,,,,,,,,,,,,,,,,,,,,embroidery,front,160,160,6,Vector or DST,Default maximum for the category — confirm per product.,,,,,,,,,,,
decoration,MP-0028,,,,,,,,,,,,,,,,,,,,,,,,,,,,,,,,,,,,embroidery,back,200,200,6,Vector or DST,Default maximum for the category — confirm per product.,,,,,,,,,,,
decoration,MP-0028,,,,,,,,,,,,,,,,,,,,,,,,,,,,,,,,,,,,embroidery,left_chest,90,90,6,Vector or DST,Default maximum for the category — confirm per product.,,,,,,,,,,,
decoration,MP-0028,,,,,,,,,,,,,,,,,,,,,,,,,,,,,,,,,,,,screen,front,300,400,4,Vector,Default maximum for the category — confirm per product.,,,,,,,,,,,
decoration,MP-0028,,,,,,,,,,,,,,,,,,,,,,,,,,,,,,,,,,,,screen,back,320,420,4,Vector,Default maximum for the category — confirm per product.,,,,,,,,,,,
decoration,MP-0028,,,,,,,,,,,,,,,,,,,,,,,,,,,,,,,,,,,,screen,left_chest,100,100,4,Vector,Default maximum for the category — confirm per product.,,,,,,,,,,,
product,MP-0029,puffer-gilet,Puffer Gilet,Outerwear,published,25,EUR,79.59,76.43,73.40,70.99,69.84,41.85,3,5,c002|c727|c028,XXS|XS|S|M|L|XL|XXL|3XL,embroidery|screen,front|back|left_chest,yes,"Shell: Plain Weave, 100% Polyester - Recycled, Fluorine-free DWR | Padding: 100% Polyester - Recycled | Lining: Taffeta, 100% Polyester - Recycled","Shell: Plain Weave, 100% Polyester - Recycled, Fluorine-free DWR | Padding: 100% Polyester - Recycled | Lining: Taffeta, 100% Polyester - Recycled",75,,,,Stanley/Stella,STJU250,,,,,,,,,,,,,,,cost 41.85; worst-case decoration 5.86 at 100; market blank 51.35; ours 1.43x market,,,,,,,,,,,
variant,MP-0029,,,,published,,,,,,,,,,,,,,,,,,,,,,,,c002,MP0029-C002,0.00,,,,,,,,,,,,,,,,,,,,,,,
variant,MP-0029,,,,published,,,,,,,,,,,,,,,,,,,,,,,,c727,MP0029-C727,0.00,,,,,,,,,,,,,,,,,,,,,,,
variant,MP-0029,,,,published,,,,,,,,,,,,,,,,,,,,,,,,c028,MP0029-C028,0.00,,,,,,,,,,,,,,,,,,,,,,,
image,MP-0029,,,,,,,,,,,,,,,,,,,,,,,,,,,,,,,,,"https://res.cloudinary.com/www-stanleystella-com/image/upload/c_lpad,w_1600,f_auto,q_auto/v1/TechnicalNames/SBM0_STJU250_C002.jpg?_i=AB",Puffer Gilet in Black,1,,,,,,,,,,,,,,,,,,
image,MP-0029,,,,,,,,,,,,,,,,,,,,,,,,,,,,c727,,,,,"https://res.cloudinary.com/www-stanleystella-com/image/upload/c_lpad,w_1600,f_auto,q_auto/v1/TechnicalNames/DFM0_STJU250_C727.jpg?_i=AB",Puffer Gilet in French Navy,2,,,,,,,,,,,,,,,,,,
image,MP-0029,,,,,,,,,,,,,,,,,,,,,,,,,,,,c028,,,,,"https://res.cloudinary.com/www-stanleystella-com/image/upload/c_lpad,w_1600,f_auto,q_auto/v1/TechnicalNames/SBM0_STJU250_C028.jpg?_i=AB",Puffer Gilet in Desert Dust,3,,,,,,,,,,,,,,,,,,
decoration,MP-0029,,,,,,,,,,,,,,,,,,,,,,,,,,,,,,,,,,,,embroidery,front,160,160,6,Vector or DST,Default maximum for the category — confirm per product.,,,,,,,,,,,
decoration,MP-0029,,,,,,,,,,,,,,,,,,,,,,,,,,,,,,,,,,,,embroidery,back,200,200,6,Vector or DST,Default maximum for the category — confirm per product.,,,,,,,,,,,
decoration,MP-0029,,,,,,,,,,,,,,,,,,,,,,,,,,,,,,,,,,,,embroidery,left_chest,90,90,6,Vector or DST,Default maximum for the category — confirm per product.,,,,,,,,,,,
decoration,MP-0029,,,,,,,,,,,,,,,,,,,,,,,,,,,,,,,,,,,,screen,front,300,400,4,Vector,Default maximum for the category — confirm per product.,,,,,,,,,,,
decoration,MP-0029,,,,,,,,,,,,,,,,,,,,,,,,,,,,,,,,,,,,screen,back,320,420,4,Vector,Default maximum for the category — confirm per product.,,,,,,,,,,,
decoration,MP-0029,,,,,,,,,,,,,,,,,,,,,,,,,,,,,,,,,,,,screen,left_chest,100,100,4,Vector,Default maximum for the category — confirm per product.,,,,,,,,,,,
product,MP-0030,puffer-gilet-2-0,Puffer Gilet 2.0,Outerwear,published,25,EUR,79.59,76.43,73.40,70.99,69.84,41.85,3,5,c176|c002|c727|c116,XXS|XS|S|M|L|XL|XXL|3XL,embroidery|screen,front|back|left_chest,yes,"Shell: Plain Weave, 100% Nylon - Recycled, Fluorine-free DWR","Shell: Plain Weave, 100% Nylon - Recycled, Fluorine-free DWR",38,,,,Stanley/Stella,STJU293,,,,,,,,,,,,,,,cost 41.85; worst-case decoration 5.86 at 100; market blank 53.43; ours 1.37x market,,,,,,,,,,,
variant,MP-0030,,,,published,,,,,,,,,,,,,,,,,,,,,,,,c176,MP0030-C176,0.00,,,,,,,,,,,,,,,,,,,,,,,
variant,MP-0030,,,,published,,,,,,,,,,,,,,,,,,,,,,,,c002,MP0030-C002,0.00,,,,,,,,,,,,,,,,,,,,,,,
variant,MP-0030,,,,published,,,,,,,,,,,,,,,,,,,,,,,,c727,MP0030-C727,0.00,,,,,,,,,,,,,,,,,,,,,,,
variant,MP-0030,,,,published,,,,,,,,,,,,,,,,,,,,,,,,c116,MP0030-C116,0.00,,,,,,,,,,,,,,,,,,,,,,,
image,MP-0030,,,,,,,,,,,,,,,,,,,,,,,,,,,,,,,,,"https://res.cloudinary.com/www-stanleystella-com/image/upload/c_lpad,w_1600,f_auto,q_auto/v1/TechnicalNames/SFM0_STJU293_C176.jpg?_i=AB",Puffer Gilet 2.0 in Bronze,1,,,,,,,,,,,,,,,,,,
image,MP-0030,,,,,,,,,,,,,,,,,,,,,,,,,,,,c002,,,,,"https://res.cloudinary.com/www-stanleystella-com/image/upload/c_lpad,w_1600,f_auto,q_auto/v1/TechnicalNames/SBM0_STJU293_C002.jpg?_i=AB",Puffer Gilet 2.0 in Black,2,,,,,,,,,,,,,,,,,,
image,MP-0030,,,,,,,,,,,,,,,,,,,,,,,,,,,,c727,,,,,"https://res.cloudinary.com/www-stanleystella-com/image/upload/c_lpad,w_1600,f_auto,q_auto/v1/TechnicalNames/SBM0_STJU293_C727.jpg?_i=AB",Puffer Gilet 2.0 in French Navy,3,,,,,,,,,,,,,,,,,,
image,MP-0030,,,,,,,,,,,,,,,,,,,,,,,,,,,,c116,,,,,"https://res.cloudinary.com/www-stanleystella-com/image/upload/c_lpad,w_1600,f_auto,q_auto/v1/TechnicalNames/SBM0_STJU293_C116.jpg?_i=AB",Puffer Gilet 2.0 in Red Brown,4,,,,,,,,,,,,,,,,,,
decoration,MP-0030,,,,,,,,,,,,,,,,,,,,,,,,,,,,,,,,,,,,embroidery,front,160,160,6,Vector or DST,Default maximum for the category — confirm per product.,,,,,,,,,,,
decoration,MP-0030,,,,,,,,,,,,,,,,,,,,,,,,,,,,,,,,,,,,embroidery,back,200,200,6,Vector or DST,Default maximum for the category — confirm per product.,,,,,,,,,,,
decoration,MP-0030,,,,,,,,,,,,,,,,,,,,,,,,,,,,,,,,,,,,embroidery,left_chest,90,90,6,Vector or DST,Default maximum for the category — confirm per product.,,,,,,,,,,,
decoration,MP-0030,,,,,,,,,,,,,,,,,,,,,,,,,,,,,,,,,,,,screen,front,300,400,4,Vector,Default maximum for the category — confirm per product.,,,,,,,,,,,
decoration,MP-0030,,,,,,,,,,,,,,,,,,,,,,,,,,,,,,,,,,,,screen,back,320,420,4,Vector,Default maximum for the category — confirm per product.,,,,,,,,,,,
decoration,MP-0030,,,,,,,,,,,,,,,,,,,,,,,,,,,,,,,,,,,,screen,left_chest,100,100,4,Vector,Default maximum for the category — confirm per product.,,,,,,,,,,,
product,MP-0031,speeder,Speeder,Outerwear,published,25,EUR,66.29,63.13,60.10,57.68,56.53,33.20,3,5,c002|c727|c081|c004|c068|c230|c008|c082,XXS|XS|S|M|L|XL|XXL|3XL,embroidery|screen,front|back|left_chest,yes,"Shell: Plain Weave, 100% Polyester - Recycled, Fluorine-free DWR | Lining: Mesh, 100% Polyester - Recycled","Shell: Plain Weave, 100% Polyester - Recycled, Fluorine-free DWR | Lining: Mesh, 100% Polyester - Recycled",75,,,,Stanley/Stella,STJU834,,,,,,,,,,,,,,,cost 33.20; worst-case decoration 5.86 at 100; market blank 40.73; ours 1.48x market,,,,,,,,,,,
variant,MP-0031,,,,published,,,,,,,,,,,,,,,,,,,,,,,,c002,MP0031-C002,0.00,,,,,,,,,,,,,,,,,,,,,,,
variant,MP-0031,,,,published,,,,,,,,,,,,,,,,,,,,,,,,c727,MP0031-C727,0.00,,,,,,,,,,,,,,,,,,,,,,,
variant,MP-0031,,,,published,,,,,,,,,,,,,,,,,,,,,,,,c081,MP0031-C081,0.00,,,,,,,,,,,,,,,,,,,,,,,
variant,MP-0031,,,,published,,,,,,,,,,,,,,,,,,,,,,,,c004,MP0031-C004,0.00,,,,,,,,,,,,,,,,,,,,,,,
variant,MP-0031,,,,published,,,,,,,,,,,,,,,,,,,,,,,,c068,MP0031-C068,0.00,,,,,,,,,,,,,,,,,,,,,,,
variant,MP-0031,,,,published,,,,,,,,,,,,,,,,,,,,,,,,c230,MP0031-C230,0.00,,,,,,,,,,,,,,,,,,,,,,,
variant,MP-0031,,,,published,,,,,,,,,,,,,,,,,,,,,,,,c008,MP0031-C008,0.00,,,,,,,,,,,,,,,,,,,,,,,
variant,MP-0031,,,,published,,,,,,,,,,,,,,,,,,,,,,,,c082,MP0031-C082,0.00,,,,,,,,,,,,,,,,,,,,,,,
image,MP-0031,,,,,,,,,,,,,,,,,,,,,,,,,,,,,,,,,"https://res.cloudinary.com/www-stanleystella-com/image/upload/c_lpad,w_1600,f_auto,q_auto/v1/TechnicalNames/PBM0_STJU834_C002.jpg?_i=AB",Speeder in Black,1,,,,,,,,,,,,,,,,,,
image,MP-0031,,,,,,,,,,,,,,,,,,,,,,,,,,,,c727,,,,,"https://res.cloudinary.com/www-stanleystella-com/image/upload/c_lpad,w_1600,f_auto,q_auto/v1/TechnicalNames/PBM0_STJU834_C727.jpg?_i=AB",Speeder in French Navy,2,,,,,,,,,,,,,,,,,,
image,MP-0031,,,,,,,,,,,,,,,,,,,,,,,,,,,,c081,,,,,"https://res.cloudinary.com/www-stanleystella-com/image/upload/c_lpad,w_1600,f_auto,q_auto/v1/TechnicalNames/PBM0_STJU834_C081.jpg?_i=AB",Speeder in Flame Orange,3,,,,,,,,,,,,,,,,,,
image,MP-0031,,,,,,,,,,,,,,,,,,,,,,,,,,,,c004,,,,,"https://res.cloudinary.com/www-stanleystella-com/image/upload/c_lpad,w_1600,f_auto,q_auto/v1/TechnicalNames/PBM0_STJU834_C004.jpg?_i=AB",Speeder in Red,4,,,,,,,,,,,,,,,,,,
image,MP-0031,,,,,,,,,,,,,,,,,,,,,,,,,,,,c068,,,,,"https://res.cloudinary.com/www-stanleystella-com/image/upload/c_lpad,w_1600,f_auto,q_auto/v1/TechnicalNames/SFM0_STJU834_C068.jpg?_i=AB",Speeder in Orchid Flower,5,,,,,,,,,,,,,,,,,,
image,MP-0031,,,,,,,,,,,,,,,,,,,,,,,,,,,,c230,,,,,"https://res.cloudinary.com/www-stanleystella-com/image/upload/c_lpad,w_1600,f_auto,q_auto/v1/TechnicalNames/PBM0_STJU834_C230.jpg?_i=AB",Speeder in Royal Blue,6,,,,,,,,,,,,,,,,,,
image,MP-0031,,,,,,,,,,,,,,,,,,,,,,,,,,,,c008,,,,,"https://res.cloudinary.com/www-stanleystella-com/image/upload/c_lpad,w_1600,f_auto,q_auto/v1/TechnicalNames/PBM0_STJU834_C008.jpg?_i=AB",Speeder in British Khaki,7,,,,,,,,,,,,,,,,,,
image,MP-0031,,,,,,,,,,,,,,,,,,,,,,,,,,,,c082,,,,,"https://res.cloudinary.com/www-stanleystella-com/image/upload/c_lpad,w_1600,f_auto,q_auto/v1/TechnicalNames/PBM0_STJU834_C082.jpg?_i=AB",Speeder in Lime Flash,8,,,,,,,,,,,,,,,,,,
decoration,MP-0031,,,,,,,,,,,,,,,,,,,,,,,,,,,,,,,,,,,,embroidery,front,160,160,6,Vector or DST,Default maximum for the category — confirm per product.,,,,,,,,,,,
decoration,MP-0031,,,,,,,,,,,,,,,,,,,,,,,,,,,,,,,,,,,,embroidery,back,200,200,6,Vector or DST,Default maximum for the category — confirm per product.,,,,,,,,,,,
decoration,MP-0031,,,,,,,,,,,,,,,,,,,,,,,,,,,,,,,,,,,,embroidery,left_chest,90,90,6,Vector or DST,Default maximum for the category — confirm per product.,,,,,,,,,,,
decoration,MP-0031,,,,,,,,,,,,,,,,,,,,,,,,,,,,,,,,,,,,screen,front,300,400,4,Vector,Default maximum for the category — confirm per product.,,,,,,,,,,,
decoration,MP-0031,,,,,,,,,,,,,,,,,,,,,,,,,,,,,,,,,,,,screen,back,320,420,4,Vector,Default maximum for the category — confirm per product.,,,,,,,,,,,
decoration,MP-0031,,,,,,,,,,,,,,,,,,,,,,,,,,,,,,,,,,,,screen,left_chest,100,100,4,Vector,Default maximum for the category — confirm per product.,,,,,,,,,,,
product,MP-0032,speeder-aop,Speeder AOP,Outerwear,published,25,EUR,,,,,,,3,5,c805,XXS|XS|S|M|L|XL|XXL|3XL,embroidery|screen,front|back|left_chest,yes,"Shell: Plain Weave, 100% Polyester - Recycled, Fluorine-free DWR | Lining: Mesh, 100% Polyester - Recycled","Shell: Plain Weave, 100% Polyester - Recycled, Fluorine-free DWR | Lining: Mesh, 100% Polyester - Recycled",75,,,,Stanley/Stella,STJU878,,,,,,,,,,,,,,,No supplier cost on file — quote on inquiry.,,,,,,,,,,,
variant,MP-0032,,,,published,,,,,,,,,,,,,,,,,,,,,,,,c805,MP0032-C805,0.00,,,,,,,,,,,,,,,,,,,,,,,
image,MP-0032,,,,,,,,,,,,,,,,,,,,,,,,,,,,,,,,,"https://res.cloudinary.com/www-stanleystella-com/image/upload/c_lpad,w_1600,f_auto,q_auto/v1/TechnicalNames/SFM0_STJU878_C805.jpg?_i=AB",Speeder AOP in Camouflage,1,,,,,,,,,,,,,,,,,,
decoration,MP-0032,,,,,,,,,,,,,,,,,,,,,,,,,,,,,,,,,,,,embroidery,front,160,160,6,Vector or DST,Default maximum for the category — confirm per product.,,,,,,,,,,,
decoration,MP-0032,,,,,,,,,,,,,,,,,,,,,,,,,,,,,,,,,,,,embroidery,back,200,200,6,Vector or DST,Default maximum for the category — confirm per product.,,,,,,,,,,,
decoration,MP-0032,,,,,,,,,,,,,,,,,,,,,,,,,,,,,,,,,,,,embroidery,left_chest,90,90,6,Vector or DST,Default maximum for the category — confirm per product.,,,,,,,,,,,
decoration,MP-0032,,,,,,,,,,,,,,,,,,,,,,,,,,,,,,,,,,,,screen,front,300,400,4,Vector,Default maximum for the category — confirm per product.,,,,,,,,,,,
decoration,MP-0032,,,,,,,,,,,,,,,,,,,,,,,,,,,,,,,,,,,,screen,back,320,420,4,Vector,Default maximum for the category — confirm per product.,,,,,,,,,,,
decoration,MP-0032,,,,,,,,,,,,,,,,,,,,,,,,,,,,,,,,,,,,screen,left_chest,100,100,4,Vector,Default maximum for the category — confirm per product.,,,,,,,,,,,
product,MP-0033,stanley-climber-2-0,Stanley Climber 2.0,Outerwear,published,25,EUR,74.36,71.20,68.17,65.76,64.61,38.45,3,5,c176|c002|c727|c116|c004|c729|c702|c223|c028|c018|c253,S|M|L|XL|XXL|3XL|4XL|5XL,embroidery|screen,front|back|left_chest,yes,"Shell: Plain Weave, 100% Nylon - Recycled, Durable water repellent, Fluorine-free DWR","Shell: Plain Weave, 100% Nylon - Recycled, Durable water repellent, Fluorine-free DWR",38,,,,Stanley/Stella,STJM189,,,,,,,,,,,,,,,cost 38.45; worst-case decoration 5.86 at 100; market blank 39.52; ours 1.72x market,,,,,,,,,,,
variant,MP-0033,,,,published,,,,,,,,,,,,,,,,,,,,,,,,c176,MP0033-C176,0.00,,,,,,,,,,,,,,,,,,,,,,,
variant,MP-0033,,,,published,,,,,,,,,,,,,,,,,,,,,,,,c002,MP0033-C002,0.00,,,,,,,,,,,,,,,,,,,,,,,
variant,MP-0033,,,,published,,,,,,,,,,,,,,,,,,,,,,,,c727,MP0033-C727,0.00,,,,,,,,,,,,,,,,,,,,,,,
variant,MP-0033,,,,published,,,,,,,,,,,,,,,,,,,,,,,,c116,MP0033-C116,0.00,,,,,,,,,,,,,,,,,,,,,,,
variant,MP-0033,,,,published,,,,,,,,,,,,,,,,,,,,,,,,c004,MP0033-C004,0.00,,,,,,,,,,,,,,,,,,,,,,,
variant,MP-0033,,,,published,,,,,,,,,,,,,,,,,,,,,,,,c729,MP0033-C729,0.00,,,,,,,,,,,,,,,,,,,,,,,
variant,MP-0033,,,,published,,,,,,,,,,,,,,,,,,,,,,,,c702,MP0033-C702,0.00,,,,,,,,,,,,,,,,,,,,,,,
variant,MP-0033,,,,published,,,,,,,,,,,,,,,,,,,,,,,,c223,MP0033-C223,0.00,,,,,,,,,,,,,,,,,,,,,,,
variant,MP-0033,,,,published,,,,,,,,,,,,,,,,,,,,,,,,c028,MP0033-C028,0.00,,,,,,,,,,,,,,,,,,,,,,,
variant,MP-0033,,,,published,,,,,,,,,,,,,,,,,,,,,,,,c018,MP0033-C018,0.00,,,,,,,,,,,,,,,,,,,,,,,
variant,MP-0033,,,,published,,,,,,,,,,,,,,,,,,,,,,,,c253,MP0033-C253,0.00,,,,,,,,,,,,,,,,,,,,,,,
image,MP-0033,,,,,,,,,,,,,,,,,,,,,,,,,,,,,,,,,"https://res.cloudinary.com/www-stanleystella-com/image/upload/c_lpad,w_1600,f_auto,q_auto/v1/TechnicalNames/SBM0_STJM189_C176.jpg?_i=AB",Stanley Climber 2.0 in Bronze,1,,,,,,,,,,,,,,,,,,
image,MP-0033,,,,,,,,,,,,,,,,,,,,,,,,,,,,c002,,,,,"https://res.cloudinary.com/www-stanleystella-com/image/upload/c_lpad,w_1600,f_auto,q_auto/v1/TechnicalNames/SFC1_STJM189_C002.jpg?_i=AB",Stanley Climber 2.0 in Black,2,,,,,,,,,,,,,,,,,,
image,MP-0033,,,,,,,,,,,,,,,,,,,,,,,,,,,,c727,,,,,"https://res.cloudinary.com/www-stanleystella-com/image/upload/c_lpad,w_1600,f_auto,q_auto/v1/TechnicalNames/SBC0_STJM189_C727.jpg?_i=AB",Stanley Climber 2.0 in French Navy,3,,,,,,,,,,,,,,,,,,
image,MP-0033,,,,,,,,,,,,,,,,,,,,,,,,,,,,c116,,,,,"https://res.cloudinary.com/www-stanleystella-com/image/upload/c_lpad,w_1600,f_auto,q_auto/v1/TechnicalNames/PBM0_STJM189_C116.jpg?_i=AB",Stanley Climber 2.0 in Red Brown,4,,,,,,,,,,,,,,,,,,
image,MP-0033,,,,,,,,,,,,,,,,,,,,,,,,,,,,c004,,,,,"https://res.cloudinary.com/www-stanleystella-com/image/upload/c_lpad,w_1600,f_auto,q_auto/v1/TechnicalNames/SBC0_STJM189_C004.jpg?_i=AB",Stanley Climber 2.0 in Red,5,,,,,,,,,,,,,,,,,,
image,MP-0033,,,,,,,,,,,,,,,,,,,,,,,,,,,,c729,,,,,"https://res.cloudinary.com/www-stanleystella-com/image/upload/c_lpad,w_1600,f_auto,q_auto/v1/TechnicalNames/SBC0_STJM189_C729.jpg?_i=AB",Stanley Climber 2.0 in Mindful Blue,6,,,,,,,,,,,,,,,,,,
image,MP-0033,,,,,,,,,,,,,,,,,,,,,,,,,,,,c702,,,,,"https://res.cloudinary.com/www-stanleystella-com/image/upload/c_lpad,w_1600,f_auto,q_auto/v1/TechnicalNames/SBC0_STJM189_C702.jpg?_i=AB",Stanley Climber 2.0 in Stargazer,7,,,,,,,,,,,,,,,,,,
image,MP-0033,,,,,,,,,,,,,,,,,,,,,,,,,,,,c223,,,,,"https://res.cloudinary.com/www-stanleystella-com/image/upload/c_lpad,w_1600,f_auto,q_auto/v1/TechnicalNames/SFC3_STJM189_C223.jpg?_i=AB",Stanley Climber 2.0 in Khaki,8,,,,,,,,,,,,,,,,,,
image,MP-0033,,,,,,,,,,,,,,,,,,,,,,,,,,,,c028,,,,,"https://res.cloudinary.com/www-stanleystella-com/image/upload/c_lpad,w_1600,f_auto,q_auto/v1/TechnicalNames/SFM0_STJM189_C028.jpg?_i=AB",Stanley Climber 2.0 in Desert Dust,9,,,,,,,,,,,,,,,,,,
image,MP-0033,,,,,,,,,,,,,,,,,,,,,,,,,,,,c018,,,,,"https://res.cloudinary.com/www-stanleystella-com/image/upload/c_lpad,w_1600,f_auto,q_auto/v1/TechnicalNames/PBM0_STJM189_C018.jpg?_i=AB",Stanley Climber 2.0 in Off White,10,,,,,,,,,,,,,,,,,,
image,MP-0033,,,,,,,,,,,,,,,,,,,,,,,,,,,,c253,,,,,"https://res.cloudinary.com/www-stanleystella-com/image/upload/c_lpad,w_1600,f_auto,q_auto/v1/TechnicalNames/SBC0_STJM189_C253.jpg?_i=AB",Stanley Climber 2.0 in Anthracite,11,,,,,,,,,,,,,,,,,,
decoration,MP-0033,,,,,,,,,,,,,,,,,,,,,,,,,,,,,,,,,,,,embroidery,front,160,160,6,Vector or DST,Default maximum for the category — confirm per product.,,,,,,,,,,,
decoration,MP-0033,,,,,,,,,,,,,,,,,,,,,,,,,,,,,,,,,,,,embroidery,back,200,200,6,Vector or DST,Default maximum for the category — confirm per product.,,,,,,,,,,,
decoration,MP-0033,,,,,,,,,,,,,,,,,,,,,,,,,,,,,,,,,,,,embroidery,left_chest,90,90,6,Vector or DST,Default maximum for the category — confirm per product.,,,,,,,,,,,
decoration,MP-0033,,,,,,,,,,,,,,,,,,,,,,,,,,,,,,,,,,,,screen,front,300,400,4,Vector,Default maximum for the category — confirm per product.,,,,,,,,,,,
decoration,MP-0033,,,,,,,,,,,,,,,,,,,,,,,,,,,,,,,,,,,,screen,back,320,420,4,Vector,Default maximum for the category — confirm per product.,,,,,,,,,,,
decoration,MP-0033,,,,,,,,,,,,,,,,,,,,,,,,,,,,,,,,,,,,screen,left_chest,100,100,4,Vector,Default maximum for the category — confirm per product.,,,,,,,,,,,
product,MP-0034,stanley-discoverer,Stanley Discoverer,Outerwear,published,25,EUR,106.44,103.28,100.25,97.83,96.69,59.30,3,5,c002|c727|c702|c253,S|M|L|XL|XXL|3XL|4XL|5XL,embroidery|screen,front|back|left_chest,yes,"Shell: Bonded, Balanced Plain weave, 94% Polyester - Recycled,6% Elastane, Fluorine-free DWR","Shell: Bonded, Balanced Plain weave, 94% Polyester - Recycled,6% Elastane, Fluorine-free DWR",342,,,,Stanley/Stella,STJM158,,,,,,,,,,,,,,,cost 59.30; worst-case decoration 5.86 at 100; market blank 60.61; ours 1.65x market,,,,,,,,,,,
variant,MP-0034,,,,published,,,,,,,,,,,,,,,,,,,,,,,,c002,MP0034-C002,0.00,,,,,,,,,,,,,,,,,,,,,,,
variant,MP-0034,,,,published,,,,,,,,,,,,,,,,,,,,,,,,c727,MP0034-C727,0.00,,,,,,,,,,,,,,,,,,,,,,,
variant,MP-0034,,,,published,,,,,,,,,,,,,,,,,,,,,,,,c702,MP0034-C702,0.00,,,,,,,,,,,,,,,,,,,,,,,
variant,MP-0034,,,,published,,,,,,,,,,,,,,,,,,,,,,,,c253,MP0034-C253,0.00,,,,,,,,,,,,,,,,,,,,,,,
image,MP-0034,,,,,,,,,,,,,,,,,,,,,,,,,,,,,,,,,"https://res.cloudinary.com/www-stanleystella-com/image/upload/c_lpad,w_1600,f_auto,q_auto/v1/TechnicalNames/SBC0_STJM158_C002.jpg?_i=AB",Stanley Discoverer in Black,1,,,,,,,,,,,,,,,,,,
image,MP-0034,,,,,,,,,,,,,,,,,,,,,,,,,,,,c727,,,,,"https://res.cloudinary.com/www-stanleystella-com/image/upload/c_lpad,w_1600,f_auto,q_auto/v1/TechnicalNames/SFM0_STJM158_C727.jpg?_i=AB",Stanley Discoverer in French Navy,2,,,,,,,,,,,,,,,,,,
image,MP-0034,,,,,,,,,,,,,,,,,,,,,,,,,,,,c702,,,,,"https://res.cloudinary.com/www-stanleystella-com/image/upload/c_lpad,w_1600,f_auto,q_auto/v1/TechnicalNames/SFC0_STJM158_C702.jpg?_i=AB",Stanley Discoverer in Stargazer,3,,,,,,,,,,,,,,,,,,
image,MP-0034,,,,,,,,,,,,,,,,,,,,,,,,,,,,c253,,,,,"https://res.cloudinary.com/www-stanleystella-com/image/upload/c_lpad,w_1600,f_auto,q_auto/v1/TechnicalNames/SBC0_STJM158_C253.jpg?_i=AB",Stanley Discoverer in Anthracite,4,,,,,,,,,,,,,,,,,,
decoration,MP-0034,,,,,,,,,,,,,,,,,,,,,,,,,,,,,,,,,,,,embroidery,front,160,160,6,Vector or DST,Default maximum for the category — confirm per product.,,,,,,,,,,,
decoration,MP-0034,,,,,,,,,,,,,,,,,,,,,,,,,,,,,,,,,,,,embroidery,back,200,200,6,Vector or DST,Default maximum for the category — confirm per product.,,,,,,,,,,,
decoration,MP-0034,,,,,,,,,,,,,,,,,,,,,,,,,,,,,,,,,,,,embroidery,left_chest,90,90,6,Vector or DST,Default maximum for the category — confirm per product.,,,,,,,,,,,
decoration,MP-0034,,,,,,,,,,,,,,,,,,,,,,,,,,,,,,,,,,,,screen,front,300,400,4,Vector,Default maximum for the category — confirm per product.,,,,,,,,,,,
decoration,MP-0034,,,,,,,,,,,,,,,,,,,,,,,,,,,,,,,,,,,,screen,back,320,420,4,Vector,Default maximum for the category — confirm per product.,,,,,,,,,,,
decoration,MP-0034,,,,,,,,,,,,,,,,,,,,,,,,,,,,,,,,,,,,screen,left_chest,100,100,4,Vector,Default maximum for the category — confirm per product.,,,,,,,,,,,
product,MP-0035,stanley-guider,Stanley Guider,Outerwear,published,25,EUR,53.75,50.59,47.56,45.14,43.99,25.05,3,5,c002|c727|c244|c729|c702|c223|c028|c253,S|M|L|XL|XXL|3XL|4XL|5XL,embroidery|screen,front|back|left_chest,yes,"Shell: Polar Fleece, 100% Polyester - Recycled, Anti piling, Brushed","Shell: Polar Fleece, 100% Polyester - Recycled, Anti piling, Brushed",300,,,,Stanley/Stella,STJM238,,,,,,,,,,,,,,,cost 25.05; worst-case decoration 5.86 at 100; market blank 25.62; ours 1.86x market,,,,,,,,,,,
variant,MP-0035,,,,published,,,,,,,,,,,,,,,,,,,,,,,,c002,MP0035-C002,0.00,,,,,,,,,,,,,,,,,,,,,,,
variant,MP-0035,,,,published,,,,,,,,,,,,,,,,,,,,,,,,c727,MP0035-C727,0.00,,,,,,,,,,,,,,,,,,,,,,,
variant,MP-0035,,,,published,,,,,,,,,,,,,,,,,,,,,,,,c244,MP0035-C244,0.00,,,,,,,,,,,,,,,,,,,,,,,
variant,MP-0035,,,,published,,,,,,,,,,,,,,,,,,,,,,,,c729,MP0035-C729,0.00,,,,,,,,,,,,,,,,,,,,,,,
variant,MP-0035,,,,published,,,,,,,,,,,,,,,,,,,,,,,,c702,MP0035-C702,0.00,,,,,,,,,,,,,,,,,,,,,,,
variant,MP-0035,,,,published,,,,,,,,,,,,,,,,,,,,,,,,c223,MP0035-C223,0.00,,,,,,,,,,,,,,,,,,,,,,,
variant,MP-0035,,,,published,,,,,,,,,,,,,,,,,,,,,,,,c028,MP0035-C028,0.00,,,,,,,,,,,,,,,,,,,,,,,
variant,MP-0035,,,,published,,,,,,,,,,,,,,,,,,,,,,,,c253,MP0035-C253,0.00,,,,,,,,,,,,,,,,,,,,,,,
image,MP-0035,,,,,,,,,,,,,,,,,,,,,,,,,,,,,,,,,"https://res.cloudinary.com/www-stanleystella-com/image/upload/c_lpad,w_1600,f_auto,q_auto/v1/TechnicalNames/SBC0_STJM238_C002.jpg?_i=AB",Stanley Guider in Black,1,,,,,,,,,,,,,,,,,,
image,MP-0035,,,,,,,,,,,,,,,,,,,,,,,,,,,,c727,,,,,"https://res.cloudinary.com/www-stanleystella-com/image/upload/c_lpad,w_1600,f_auto,q_auto/v1/TechnicalNames/SBC0_STJM238_C727.jpg?_i=AB",Stanley Guider in French Navy,2,,,,,,,,,,,,,,,,,,
image,MP-0035,,,,,,,,,,,,,,,,,,,,,,,,,,,,c244,,,,,"https://res.cloudinary.com/www-stanleystella-com/image/upload/c_lpad,w_1600,f_auto,q_auto/v1/TechnicalNames/SBC0_STJM238_C244.jpg?_i=AB",Stanley Guider in Burgundy,3,,,,,,,,,,,,,,,,,,
image,MP-0035,,,,,,,,,,,,,,,,,,,,,,,,,,,,c729,,,,,"https://res.cloudinary.com/www-stanleystella-com/image/upload/c_lpad,w_1600,f_auto,q_auto/v1/TechnicalNames/SBC0_STJM238_C729.jpg?_i=AB",Stanley Guider in Mindful Blue,4,,,,,,,,,,,,,,,,,,
image,MP-0035,,,,,,,,,,,,,,,,,,,,,,,,,,,,c702,,,,,"https://res.cloudinary.com/www-stanleystella-com/image/upload/c_lpad,w_1600,f_auto,q_auto/v1/TechnicalNames/SBC0_STJM238_C702.jpg?_i=AB",Stanley Guider in Stargazer,5,,,,,,,,,,,,,,,,,,
image,MP-0035,,,,,,,,,,,,,,,,,,,,,,,,,,,,c223,,,,,"https://res.cloudinary.com/www-stanleystella-com/image/upload/c_lpad,w_1600,f_auto,q_auto/v1/TechnicalNames/SBC0_STJM238_C223.jpg?_i=AB",Stanley Guider in Khaki,6,,,,,,,,,,,,,,,,,,
image,MP-0035,,,,,,,,,,,,,,,,,,,,,,,,,,,,c028,,,,,"https://res.cloudinary.com/www-stanleystella-com/image/upload/c_lpad,w_1600,f_auto,q_auto/v1/TechnicalNames/SBM0_STJM238_C028.jpg?_i=AB",Stanley Guider in Desert Dust,7,,,,,,,,,,,,,,,,,,
image,MP-0035,,,,,,,,,,,,,,,,,,,,,,,,,,,,c253,,,,,"https://res.cloudinary.com/www-stanleystella-com/image/upload/c_lpad,w_1600,f_auto,q_auto/v1/TechnicalNames/SFM0_STJM238_C253.jpg?_i=AB",Stanley Guider in Anthracite,8,,,,,,,,,,,,,,,,,,
decoration,MP-0035,,,,,,,,,,,,,,,,,,,,,,,,,,,,,,,,,,,,embroidery,front,160,160,6,Vector or DST,Default maximum for the category — confirm per product.,,,,,,,,,,,
decoration,MP-0035,,,,,,,,,,,,,,,,,,,,,,,,,,,,,,,,,,,,embroidery,back,200,200,6,Vector or DST,Default maximum for the category — confirm per product.,,,,,,,,,,,
decoration,MP-0035,,,,,,,,,,,,,,,,,,,,,,,,,,,,,,,,,,,,embroidery,left_chest,90,90,6,Vector or DST,Default maximum for the category — confirm per product.,,,,,,,,,,,
decoration,MP-0035,,,,,,,,,,,,,,,,,,,,,,,,,,,,,,,,,,,,screen,front,300,400,4,Vector,Default maximum for the category — confirm per product.,,,,,,,,,,,
decoration,MP-0035,,,,,,,,,,,,,,,,,,,,,,,,,,,,,,,,,,,,screen,back,320,420,4,Vector,Default maximum for the category — confirm per product.,,,,,,,,,,,
decoration,MP-0035,,,,,,,,,,,,,,,,,,,,,,,,,,,,,,,,,,,,screen,left_chest,100,100,4,Vector,Default maximum for the category — confirm per product.,,,,,,,,,,,
product,MP-0036,stanley-navigator,Stanley Navigator,Outerwear,published,25,EUR,99.21,96.05,93.02,90.60,89.46,54.60,3,5,c002|c727|c702|c253,S|M|L|XL|XXL|3XL|4XL|5XL,embroidery|screen,front|back|left_chest,yes,"Shell: Bonded, Balanced Plain weave, 94% Polyester - Recycled,6% Elastane, Fluorine-free DWR","Shell: Bonded, Balanced Plain weave, 94% Polyester - Recycled,6% Elastane, Fluorine-free DWR",342,,,,Stanley/Stella,STJM167,,,,,,,,,,,,,,,cost 54.60; worst-case decoration 5.86 at 100; market blank 54.82; ours 1.70x market,,,,,,,,,,,
variant,MP-0036,,,,published,,,,,,,,,,,,,,,,,,,,,,,,c002,MP0036-C002,0.00,,,,,,,,,,,,,,,,,,,,,,,
variant,MP-0036,,,,published,,,,,,,,,,,,,,,,,,,,,,,,c727,MP0036-C727,0.00,,,,,,,,,,,,,,,,,,,,,,,
variant,MP-0036,,,,published,,,,,,,,,,,,,,,,,,,,,,,,c702,MP0036-C702,0.00,,,,,,,,,,,,,,,,,,,,,,,
variant,MP-0036,,,,published,,,,,,,,,,,,,,,,,,,,,,,,c253,MP0036-C253,0.00,,,,,,,,,,,,,,,,,,,,,,,
image,MP-0036,,,,,,,,,,,,,,,,,,,,,,,,,,,,,,,,,"https://res.cloudinary.com/www-stanleystella-com/image/upload/c_lpad,w_1600,f_auto,q_auto/v1/TechnicalNames/SFC0_STJM167_C002.jpg?_i=AB",Stanley Navigator in Black,1,,,,,,,,,,,,,,,,,,
image,MP-0036,,,,,,,,,,,,,,,,,,,,,,,,,,,,c727,,,,,"https://res.cloudinary.com/www-stanleystella-com/image/upload/c_lpad,w_1600,f_auto,q_auto/v1/TechnicalNames/SBC0_STJM167_C727.jpg?_i=AB",Stanley Navigator in French Navy,2,,,,,,,,,,,,,,,,,,
image,MP-0036,,,,,,,,,,,,,,,,,,,,,,,,,,,,c702,,,,,"https://res.cloudinary.com/www-stanleystella-com/image/upload/c_lpad,w_1600,f_auto,q_auto/v1/TechnicalNames/SBC0_STJM167_C702.jpg?_i=AB",Stanley Navigator in Stargazer,3,,,,,,,,,,,,,,,,,,
image,MP-0036,,,,,,,,,,,,,,,,,,,,,,,,,,,,c253,,,,,"https://res.cloudinary.com/www-stanleystella-com/image/upload/c_lpad,w_1600,f_auto,q_auto/v1/TechnicalNames/SBC0_STJM167_C253.jpg?_i=AB",Stanley Navigator in Anthracite,4,,,,,,,,,,,,,,,,,,
decoration,MP-0036,,,,,,,,,,,,,,,,,,,,,,,,,,,,,,,,,,,,embroidery,front,160,160,6,Vector or DST,Default maximum for the category — confirm per product.,,,,,,,,,,,
decoration,MP-0036,,,,,,,,,,,,,,,,,,,,,,,,,,,,,,,,,,,,embroidery,back,200,200,6,Vector or DST,Default maximum for the category — confirm per product.,,,,,,,,,,,
decoration,MP-0036,,,,,,,,,,,,,,,,,,,,,,,,,,,,,,,,,,,,embroidery,left_chest,90,90,6,Vector or DST,Default maximum for the category — confirm per product.,,,,,,,,,,,
decoration,MP-0036,,,,,,,,,,,,,,,,,,,,,,,,,,,,,,,,,,,,screen,front,300,400,4,Vector,Default maximum for the category — confirm per product.,,,,,,,,,,,
decoration,MP-0036,,,,,,,,,,,,,,,,,,,,,,,,,,,,,,,,,,,,screen,back,320,420,4,Vector,Default maximum for the category — confirm per product.,,,,,,,,,,,
decoration,MP-0036,,,,,,,,,,,,,,,,,,,,,,,,,,,,,,,,,,,,screen,left_chest,100,100,4,Vector,Default maximum for the category — confirm per product.,,,,,,,,,,,
product,MP-0037,stanley-quester,Stanley Quester,Outerwear,published,25,EUR,48.52,45.36,42.33,39.91,38.76,21.65,3,5,c002|c727|c244|c729|c702|c223|c028|c253,S|M|L|XL|XXL|3XL|4XL|5XL,embroidery|screen,front|back|left_chest,yes,"Shell: Polar Fleece, 100% Polyester - Recycled, Anti piling, Brushed","Shell: Polar Fleece, 100% Polyester - Recycled, Anti piling, Brushed",300,,,,Stanley/Stella,STJM240,,,,,,,,,,,,,,,cost 21.65; worst-case decoration 5.86 at 100; market blank 22.19; ours 1.91x market,,,,,,,,,,,
variant,MP-0037,,,,published,,,,,,,,,,,,,,,,,,,,,,,,c002,MP0037-C002,0.00,,,,,,,,,,,,,,,,,,,,,,,
variant,MP-0037,,,,published,,,,,,,,,,,,,,,,,,,,,,,,c727,MP0037-C727,0.00,,,,,,,,,,,,,,,,,,,,,,,
variant,MP-0037,,,,published,,,,,,,,,,,,,,,,,,,,,,,,c244,MP0037-C244,0.00,,,,,,,,,,,,,,,,,,,,,,,
variant,MP-0037,,,,published,,,,,,,,,,,,,,,,,,,,,,,,c729,MP0037-C729,0.00,,,,,,,,,,,,,,,,,,,,,,,
variant,MP-0037,,,,published,,,,,,,,,,,,,,,,,,,,,,,,c702,MP0037-C702,0.00,,,,,,,,,,,,,,,,,,,,,,,
variant,MP-0037,,,,published,,,,,,,,,,,,,,,,,,,,,,,,c223,MP0037-C223,0.00,,,,,,,,,,,,,,,,,,,,,,,
variant,MP-0037,,,,published,,,,,,,,,,,,,,,,,,,,,,,,c028,MP0037-C028,0.00,,,,,,,,,,,,,,,,,,,,,,,
variant,MP-0037,,,,published,,,,,,,,,,,,,,,,,,,,,,,,c253,MP0037-C253,0.00,,,,,,,,,,,,,,,,,,,,,,,
image,MP-0037,,,,,,,,,,,,,,,,,,,,,,,,,,,,,,,,,"https://res.cloudinary.com/www-stanleystella-com/image/upload/c_lpad,w_1600,f_auto,q_auto/v1/TechnicalNames/SFM0_STJM240_C002.jpg?_i=AB",Stanley Quester in Black,1,,,,,,,,,,,,,,,,,,
image,MP-0037,,,,,,,,,,,,,,,,,,,,,,,,,,,,c727,,,,,"https://res.cloudinary.com/www-stanleystella-com/image/upload/c_lpad,w_1600,f_auto,q_auto/v1/TechnicalNames/SBC0_STJM240_C727.jpg?_i=AB",Stanley Quester in French Navy,2,,,,,,,,,,,,,,,,,,
image,MP-0037,,,,,,,,,,,,,,,,,,,,,,,,,,,,c244,,,,,"https://res.cloudinary.com/www-stanleystella-com/image/upload/c_lpad,w_1600,f_auto,q_auto/v1/TechnicalNames/SBC0_STJM240_C244.jpg?_i=AB",Stanley Quester in Burgundy,3,,,,,,,,,,,,,,,,,,
image,MP-0037,,,,,,,,,,,,,,,,,,,,,,,,,,,,c729,,,,,"https://res.cloudinary.com/www-stanleystella-com/image/upload/c_lpad,w_1600,f_auto,q_auto/v1/TechnicalNames/SBC0_STJM240_C729.jpg?_i=AB",Stanley Quester in Mindful Blue,4,,,,,,,,,,,,,,,,,,
image,MP-0037,,,,,,,,,,,,,,,,,,,,,,,,,,,,c702,,,,,"https://res.cloudinary.com/www-stanleystella-com/image/upload/c_lpad,w_1600,f_auto,q_auto/v1/TechnicalNames/SBC0_STJM240_C702.jpg?_i=AB",Stanley Quester in Stargazer,5,,,,,,,,,,,,,,,,,,
image,MP-0037,,,,,,,,,,,,,,,,,,,,,,,,,,,,c223,,,,,"https://res.cloudinary.com/www-stanleystella-com/image/upload/c_lpad,w_1600,f_auto,q_auto/v1/TechnicalNames/SBC0_STJM240_C223.jpg?_i=AB",Stanley Quester in Khaki,6,,,,,,,,,,,,,,,,,,
image,MP-0037,,,,,,,,,,,,,,,,,,,,,,,,,,,,c028,,,,,"https://res.cloudinary.com/www-stanleystella-com/image/upload/c_lpad,w_1600,f_auto,q_auto/v1/TechnicalNames/SBM0_STJM240_C028.jpg?_i=AB",Stanley Quester in Desert Dust,7,,,,,,,,,,,,,,,,,,
image,MP-0037,,,,,,,,,,,,,,,,,,,,,,,,,,,,c253,,,,,"https://res.cloudinary.com/www-stanleystella-com/image/upload/c_lpad,w_1600,f_auto,q_auto/v1/TechnicalNames/SBC0_STJM240_C253.jpg?_i=AB",Stanley Quester in Anthracite,8,,,,,,,,,,,,,,,,,,
decoration,MP-0037,,,,,,,,,,,,,,,,,,,,,,,,,,,,,,,,,,,,embroidery,front,160,160,6,Vector or DST,Default maximum for the category — confirm per product.,,,,,,,,,,,
decoration,MP-0037,,,,,,,,,,,,,,,,,,,,,,,,,,,,,,,,,,,,embroidery,back,200,200,6,Vector or DST,Default maximum for the category — confirm per product.,,,,,,,,,,,
decoration,MP-0037,,,,,,,,,,,,,,,,,,,,,,,,,,,,,,,,,,,,embroidery,left_chest,90,90,6,Vector or DST,Default maximum for the category — confirm per product.,,,,,,,,,,,
decoration,MP-0037,,,,,,,,,,,,,,,,,,,,,,,,,,,,,,,,,,,,screen,front,300,400,4,Vector,Default maximum for the category — confirm per product.,,,,,,,,,,,
decoration,MP-0037,,,,,,,,,,,,,,,,,,,,,,,,,,,,,,,,,,,,screen,back,320,420,4,Vector,Default maximum for the category — confirm per product.,,,,,,,,,,,
decoration,MP-0037,,,,,,,,,,,,,,,,,,,,,,,,,,,,,,,,,,,,screen,left_chest,100,100,4,Vector,Default maximum for the category — confirm per product.,,,,,,,,,,,
product,MP-0038,stanley-stormer,Stanley Stormer,Outerwear,published,25,EUR,,,,,,,3,5,c176|c002|c727|c004|c702|c223|c018|c253,S|M|L|XL|XXL|3XL|4XL|5XL,embroidery|screen,front|back|left_chest,yes,"Shell: Plain Weave, 100% Polyester - Recycled, Durable water repellent","Shell: Plain Weave, 100% Polyester - Recycled, Durable water repellent",142,,,,Stanley/Stella,STJM290,,,,,,,,,,,,,,,No supplier cost on file — quote on inquiry.,,,,,,,,,,,
variant,MP-0038,,,,published,,,,,,,,,,,,,,,,,,,,,,,,c176,MP0038-C176,0.00,,,,,,,,,,,,,,,,,,,,,,,
variant,MP-0038,,,,published,,,,,,,,,,,,,,,,,,,,,,,,c002,MP0038-C002,0.00,,,,,,,,,,,,,,,,,,,,,,,
variant,MP-0038,,,,published,,,,,,,,,,,,,,,,,,,,,,,,c727,MP0038-C727,0.00,,,,,,,,,,,,,,,,,,,,,,,
variant,MP-0038,,,,published,,,,,,,,,,,,,,,,,,,,,,,,c004,MP0038-C004,0.00,,,,,,,,,,,,,,,,,,,,,,,
variant,MP-0038,,,,published,,,,,,,,,,,,,,,,,,,,,,,,c702,MP0038-C702,0.00,,,,,,,,,,,,,,,,,,,,,,,
variant,MP-0038,,,,published,,,,,,,,,,,,,,,,,,,,,,,,c223,MP0038-C223,0.00,,,,,,,,,,,,,,,,,,,,,,,
variant,MP-0038,,,,published,,,,,,,,,,,,,,,,,,,,,,,,c018,MP0038-C018,0.00,,,,,,,,,,,,,,,,,,,,,,,
variant,MP-0038,,,,published,,,,,,,,,,,,,,,,,,,,,,,,c253,MP0038-C253,0.00,,,,,,,,,,,,,,,,,,,,,,,
image,MP-0038,,,,,,,,,,,,,,,,,,,,,,,,,,,,,,,,,"https://res.cloudinary.com/www-stanleystella-com/image/upload/c_lpad,w_1600,f_auto,q_auto/v1/TechnicalNames/SBM0_STJM290_C176.jpg?_i=AB",Stanley Stormer in Bronze,1,,,,,,,,,,,,,,,,,,
image,MP-0038,,,,,,,,,,,,,,,,,,,,,,,,,,,,c002,,,,,"https://res.cloudinary.com/www-stanleystella-com/image/upload/c_lpad,w_1600,f_auto,q_auto/v1/TechnicalNames/SBC0_STJM290_C002.jpg?_i=AB",Stanley Stormer in Black,2,,,,,,,,,,,,,,,,,,
image,MP-0038,,,,,,,,,,,,,,,,,,,,,,,,,,,,c727,,,,,"https://res.cloudinary.com/www-stanleystella-com/image/upload/c_lpad,w_1600,f_auto,q_auto/v1/TechnicalNames/SBM0_STJM290_C727.jpg?_i=AB",Stanley Stormer in French Navy,3,,,,,,,,,,,,,,,,,,
image,MP-0038,,,,,,,,,,,,,,,,,,,,,,,,,,,,c004,,,,,"https://res.cloudinary.com/www-stanleystella-com/image/upload/c_lpad,w_1600,f_auto,q_auto/v1/TechnicalNames/SBC0_STJM290_C004.jpg?_i=AB",Stanley Stormer in Red,4,,,,,,,,,,,,,,,,,,
image,MP-0038,,,,,,,,,,,,,,,,,,,,,,,,,,,,c702,,,,,"https://res.cloudinary.com/www-stanleystella-com/image/upload/c_lpad,w_1600,f_auto,q_auto/v1/TechnicalNames/SBM0_STJM290_C702.jpg?_i=AB",Stanley Stormer in Stargazer,5,,,,,,,,,,,,,,,,,,
image,MP-0038,,,,,,,,,,,,,,,,,,,,,,,,,,,,c223,,,,,"https://res.cloudinary.com/www-stanleystella-com/image/upload/c_lpad,w_1600,f_auto,q_auto/v1/TechnicalNames/SFC1_STJM290_C223.jpg?_i=AB",Stanley Stormer in Khaki,6,,,,,,,,,,,,,,,,,,
image,MP-0038,,,,,,,,,,,,,,,,,,,,,,,,,,,,c018,,,,,"https://res.cloudinary.com/www-stanleystella-com/image/upload/c_lpad,w_1600,f_auto,q_auto/v1/TechnicalNames/SBC0_STJM290_C018.jpg?_i=AB",Stanley Stormer in Off White,7,,,,,,,,,,,,,,,,,,
image,MP-0038,,,,,,,,,,,,,,,,,,,,,,,,,,,,c253,,,,,"https://res.cloudinary.com/www-stanleystella-com/image/upload/c_lpad,w_1600,f_auto,q_auto/v1/TechnicalNames/SBM0_STJM290_C253.jpg?_i=AB",Stanley Stormer in Anthracite,8,,,,,,,,,,,,,,,,,,
decoration,MP-0038,,,,,,,,,,,,,,,,,,,,,,,,,,,,,,,,,,,,embroidery,front,160,160,6,Vector or DST,Default maximum for the category — confirm per product.,,,,,,,,,,,
decoration,MP-0038,,,,,,,,,,,,,,,,,,,,,,,,,,,,,,,,,,,,embroidery,back,200,200,6,Vector or DST,Default maximum for the category — confirm per product.,,,,,,,,,,,
decoration,MP-0038,,,,,,,,,,,,,,,,,,,,,,,,,,,,,,,,,,,,embroidery,left_chest,90,90,6,Vector or DST,Default maximum for the category — confirm per product.,,,,,,,,,,,
decoration,MP-0038,,,,,,,,,,,,,,,,,,,,,,,,,,,,,,,,,,,,screen,front,300,400,4,Vector,Default maximum for the category — confirm per product.,,,,,,,,,,,
decoration,MP-0038,,,,,,,,,,,,,,,,,,,,,,,,,,,,,,,,,,,,screen,back,320,420,4,Vector,Default maximum for the category — confirm per product.,,,,,,,,,,,
decoration,MP-0038,,,,,,,,,,,,,,,,,,,,,,,,,,,,,,,,,,,,screen,left_chest,100,100,4,Vector,Default maximum for the category — confirm per product.,,,,,,,,,,,
product,MP-0039,stanley-trail-blazer,Stanley Trail Blazer,Outerwear,published,25,EUR,79.59,76.43,73.40,70.99,69.84,41.85,3,5,c002|c727|c702|c253,S|M|L|XL|XXL|3XL|4XL|5XL,embroidery|screen,front|back|left_chest,yes,"Shell: Bonded, Balanced Plain weave, 94% Recycled Polyester - 6% Elastane, Fluorine-free DWR","Shell: Bonded, Balanced Plain weave, 94% Recycled Polyester - 6% Elastane, Fluorine-free DWR",315,,,,Stanley/Stella,STJM235,,,,,,,,,,,,,,,cost 41.85; worst-case decoration 5.86 at 100; market blank 42.78; ours 1.72x market,,,,,,,,,,,
variant,MP-0039,,,,published,,,,,,,,,,,,,,,,,,,,,,,,c002,MP0039-C002,0.00,,,,,,,,,,,,,,,,,,,,,,,
variant,MP-0039,,,,published,,,,,,,,,,,,,,,,,,,,,,,,c727,MP0039-C727,0.00,,,,,,,,,,,,,,,,,,,,,,,
variant,MP-0039,,,,published,,,,,,,,,,,,,,,,,,,,,,,,c702,MP0039-C702,0.00,,,,,,,,,,,,,,,,,,,,,,,
variant,MP-0039,,,,published,,,,,,,,,,,,,,,,,,,,,,,,c253,MP0039-C253,0.00,,,,,,,,,,,,,,,,,,,,,,,
image,MP-0039,,,,,,,,,,,,,,,,,,,,,,,,,,,,,,,,,"https://res.cloudinary.com/www-stanleystella-com/image/upload/c_lpad,w_1600,f_auto,q_auto/v1/TechnicalNames/SFM0_STJM235_C002.jpg?_i=AB",Stanley Trail Blazer in Black,1,,,,,,,,,,,,,,,,,,
image,MP-0039,,,,,,,,,,,,,,,,,,,,,,,,,,,,c727,,,,,"https://res.cloudinary.com/www-stanleystella-com/image/upload/c_lpad,w_1600,f_auto,q_auto/v1/TechnicalNames/SBC0_STJM235_C727.jpg?_i=AB",Stanley Trail Blazer in French Navy,2,,,,,,,,,,,,,,,,,,
image,MP-0039,,,,,,,,,,,,,,,,,,,,,,,,,,,,c702,,,,,"https://res.cloudinary.com/www-stanleystella-com/image/upload/c_lpad,w_1600,f_auto,q_auto/v1/TechnicalNames/SBC0_STJM235_C702.jpg?_i=AB",Stanley Trail Blazer in Stargazer,3,,,,,,,,,,,,,,,,,,
image,MP-0039,,,,,,,,,,,,,,,,,,,,,,,,,,,,c253,,,,,"https://res.cloudinary.com/www-stanleystella-com/image/upload/c_lpad,w_1600,f_auto,q_auto/v1/TechnicalNames/SBC0_STJM235_C253.jpg?_i=AB",Stanley Trail Blazer in Anthracite,4,,,,,,,,,,,,,,,,,,
decoration,MP-0039,,,,,,,,,,,,,,,,,,,,,,,,,,,,,,,,,,,,embroidery,front,160,160,6,Vector or DST,Default maximum for the category — confirm per product.,,,,,,,,,,,
decoration,MP-0039,,,,,,,,,,,,,,,,,,,,,,,,,,,,,,,,,,,,embroidery,back,200,200,6,Vector or DST,Default maximum for the category — confirm per product.,,,,,,,,,,,
decoration,MP-0039,,,,,,,,,,,,,,,,,,,,,,,,,,,,,,,,,,,,embroidery,left_chest,90,90,6,Vector or DST,Default maximum for the category — confirm per product.,,,,,,,,,,,
decoration,MP-0039,,,,,,,,,,,,,,,,,,,,,,,,,,,,,,,,,,,,screen,front,300,400,4,Vector,Default maximum for the category — confirm per product.,,,,,,,,,,,
decoration,MP-0039,,,,,,,,,,,,,,,,,,,,,,,,,,,,,,,,,,,,screen,back,320,420,4,Vector,Default maximum for the category — confirm per product.,,,,,,,,,,,
decoration,MP-0039,,,,,,,,,,,,,,,,,,,,,,,,,,,,,,,,,,,,screen,left_chest,100,100,4,Vector,Default maximum for the category — confirm per product.,,,,,,,,,,,
product,MP-0040,stanley-voyager-2-0,Stanley Voyager 2.0,Outerwear,published,25,EUR,103.06,99.89,96.87,94.45,93.30,57.10,3,5,c176|c002|c727|c116|c004|c729|c702|c223|c028|c018|c253,S|M|L|XL|XXL|3XL|4XL|5XL,embroidery|screen,front|back|left_chest,yes,"Shell: Plain Weave, 100% Nylon - Recycled, Durable water repellent, Fluorine-free DWR","Shell: Plain Weave, 100% Nylon - Recycled, Durable water repellent, Fluorine-free DWR",38,,,,Stanley/Stella,STJM188,,,,,,,,,,,,,,,cost 57.10; worst-case decoration 5.86 at 100; market blank 59.00; ours 1.64x market,,,,,,,,,,,
variant,MP-0040,,,,published,,,,,,,,,,,,,,,,,,,,,,,,c176,MP0040-C176,0.00,,,,,,,,,,,,,,,,,,,,,,,
variant,MP-0040,,,,published,,,,,,,,,,,,,,,,,,,,,,,,c002,MP0040-C002,0.00,,,,,,,,,,,,,,,,,,,,,,,
variant,MP-0040,,,,published,,,,,,,,,,,,,,,,,,,,,,,,c727,MP0040-C727,0.00,,,,,,,,,,,,,,,,,,,,,,,
variant,MP-0040,,,,published,,,,,,,,,,,,,,,,,,,,,,,,c116,MP0040-C116,0.00,,,,,,,,,,,,,,,,,,,,,,,
variant,MP-0040,,,,published,,,,,,,,,,,,,,,,,,,,,,,,c004,MP0040-C004,0.00,,,,,,,,,,,,,,,,,,,,,,,
variant,MP-0040,,,,published,,,,,,,,,,,,,,,,,,,,,,,,c729,MP0040-C729,0.00,,,,,,,,,,,,,,,,,,,,,,,
variant,MP-0040,,,,published,,,,,,,,,,,,,,,,,,,,,,,,c702,MP0040-C702,0.00,,,,,,,,,,,,,,,,,,,,,,,
variant,MP-0040,,,,published,,,,,,,,,,,,,,,,,,,,,,,,c223,MP0040-C223,0.00,,,,,,,,,,,,,,,,,,,,,,,
variant,MP-0040,,,,published,,,,,,,,,,,,,,,,,,,,,,,,c028,MP0040-C028,0.00,,,,,,,,,,,,,,,,,,,,,,,
variant,MP-0040,,,,published,,,,,,,,,,,,,,,,,,,,,,,,c018,MP0040-C018,0.00,,,,,,,,,,,,,,,,,,,,,,,
variant,MP-0040,,,,published,,,,,,,,,,,,,,,,,,,,,,,,c253,MP0040-C253,0.00,,,,,,,,,,,,,,,,,,,,,,,
image,MP-0040,,,,,,,,,,,,,,,,,,,,,,,,,,,,,,,,,"https://res.cloudinary.com/www-stanleystella-com/image/upload/c_lpad,w_1600,f_auto,q_auto/v1/TechnicalNames/SBM0_STJM188_C176.jpg?_i=AB",Stanley Voyager 2.0 in Bronze,1,,,,,,,,,,,,,,,,,,
image,MP-0040,,,,,,,,,,,,,,,,,,,,,,,,,,,,c002,,,,,"https://res.cloudinary.com/www-stanleystella-com/image/upload/c_lpad,w_1600,f_auto,q_auto/v1/TechnicalNames/SBC0_STJM188_C002.jpg?_i=AB",Stanley Voyager 2.0 in Black,2,,,,,,,,,,,,,,,,,,
image,MP-0040,,,,,,,,,,,,,,,,,,,,,,,,,,,,c727,,,,,"https://res.cloudinary.com/www-stanleystella-com/image/upload/c_lpad,w_1600,f_auto,q_auto/v1/TechnicalNames/SBC0_STJM188_C727.jpg?_i=AB",Stanley Voyager 2.0 in French Navy,3,,,,,,,,,,,,,,,,,,
image,MP-0040,,,,,,,,,,,,,,,,,,,,,,,,,,,,c116,,,,,"https://res.cloudinary.com/www-stanleystella-com/image/upload/c_lpad,w_1600,f_auto,q_auto/v1/TechnicalNames/SFM1_STJM188_C116.jpg?_i=AB",Stanley Voyager 2.0 in Red Brown,4,,,,,,,,,,,,,,,,,,
image,MP-0040,,,,,,,,,,,,,,,,,,,,,,,,,,,,c004,,,,,"https://res.cloudinary.com/www-stanleystella-com/image/upload/c_lpad,w_1600,f_auto,q_auto/v1/TechnicalNames/SFC0_STJM188_C004.jpg?_i=AB",Stanley Voyager 2.0 in Red,5,,,,,,,,,,,,,,,,,,
image,MP-0040,,,,,,,,,,,,,,,,,,,,,,,,,,,,c729,,,,,"https://res.cloudinary.com/www-stanleystella-com/image/upload/c_lpad,w_1600,f_auto,q_auto/v1/TechnicalNames/SBC0_STJM188_C729.jpg?_i=AB",Stanley Voyager 2.0 in Mindful Blue,6,,,,,,,,,,,,,,,,,,
image,MP-0040,,,,,,,,,,,,,,,,,,,,,,,,,,,,c702,,,,,"https://res.cloudinary.com/www-stanleystella-com/image/upload/c_lpad,w_1600,f_auto,q_auto/v1/TechnicalNames/SBC0_STJM188_C702.jpg?_i=AB",Stanley Voyager 2.0 in Stargazer,7,,,,,,,,,,,,,,,,,,
image,MP-0040,,,,,,,,,,,,,,,,,,,,,,,,,,,,c223,,,,,"https://res.cloudinary.com/www-stanleystella-com/image/upload/c_lpad,w_1600,f_auto,q_auto/v1/TechnicalNames/SBC0_STJM188_C223.jpg?_i=AB",Stanley Voyager 2.0 in Khaki,8,,,,,,,,,,,,,,,,,,
image,MP-0040,,,,,,,,,,,,,,,,,,,,,,,,,,,,c028,,,,,"https://res.cloudinary.com/www-stanleystella-com/image/upload/c_lpad,w_1600,f_auto,q_auto/v1/TechnicalNames/PBM0_STJM188_C028.jpg?_i=AB",Stanley Voyager 2.0 in Desert Dust,9,,,,,,,,,,,,,,,,,,
image,MP-0040,,,,,,,,,,,,,,,,,,,,,,,,,,,,c018,,,,,"https://res.cloudinary.com/www-stanleystella-com/image/upload/c_lpad,w_1600,f_auto,q_auto/v1/TechnicalNames/PBM0_STJM188_C018.jpg?_i=AB",Stanley Voyager 2.0 in Off White,10,,,,,,,,,,,,,,,,,,
image,MP-0040,,,,,,,,,,,,,,,,,,,,,,,,,,,,c253,,,,,"https://res.cloudinary.com/www-stanleystella-com/image/upload/c_lpad,w_1600,f_auto,q_auto/v1/TechnicalNames/SBC0_STJM188_C253.jpg?_i=AB",Stanley Voyager 2.0 in Anthracite,11,,,,,,,,,,,,,,,,,,
decoration,MP-0040,,,,,,,,,,,,,,,,,,,,,,,,,,,,,,,,,,,,embroidery,front,160,160,6,Vector or DST,Default maximum for the category — confirm per product.,,,,,,,,,,,
decoration,MP-0040,,,,,,,,,,,,,,,,,,,,,,,,,,,,,,,,,,,,embroidery,back,200,200,6,Vector or DST,Default maximum for the category — confirm per product.,,,,,,,,,,,
decoration,MP-0040,,,,,,,,,,,,,,,,,,,,,,,,,,,,,,,,,,,,embroidery,left_chest,90,90,6,Vector or DST,Default maximum for the category — confirm per product.,,,,,,,,,,,
decoration,MP-0040,,,,,,,,,,,,,,,,,,,,,,,,,,,,,,,,,,,,screen,front,300,400,4,Vector,Default maximum for the category — confirm per product.,,,,,,,,,,,
decoration,MP-0040,,,,,,,,,,,,,,,,,,,,,,,,,,,,,,,,,,,,screen,back,320,420,4,Vector,Default maximum for the category — confirm per product.,,,,,,,,,,,
decoration,MP-0040,,,,,,,,,,,,,,,,,,,,,,,,,,,,,,,,,,,,screen,left_chest,100,100,4,Vector,Default maximum for the category — confirm per product.,,,,,,,,,,,
product,MP-0041,stella-climber-2-0,Stella Climber 2.0,Outerwear,published,25,EUR,74.36,71.20,68.17,65.76,64.61,38.45,3,5,c176|c002|c727|c116|c004|c063|c729|c702|c223|c028|c018|c253,XS|S|M|L|XL|XXL|3XL,embroidery|screen,front|back|left_chest,yes,"Shell: Plain Weave, 100% Nylon - Recycled, Durable water repellent, Fluorine-free DWR","Shell: Plain Weave, 100% Nylon - Recycled, Durable water repellent, Fluorine-free DWR",38,,,,Stanley/Stella,STJW190,,,,,,,,,,,,,,,cost 38.45; worst-case decoration 5.86 at 100; market blank 39.77; ours 1.71x market,,,,,,,,,,,
variant,MP-0041,,,,published,,,,,,,,,,,,,,,,,,,,,,,,c176,MP0041-C176,0.00,,,,,,,,,,,,,,,,,,,,,,,
variant,MP-0041,,,,published,,,,,,,,,,,,,,,,,,,,,,,,c002,MP0041-C002,0.00,,,,,,,,,,,,,,,,,,,,,,,
variant,MP-0041,,,,published,,,,,,,,,,,,,,,,,,,,,,,,c727,MP0041-C727,0.00,,,,,,,,,,,,,,,,,,,,,,,
variant,MP-0041,,,,published,,,,,,,,,,,,,,,,,,,,,,,,c116,MP0041-C116,0.00,,,,,,,,,,,,,,,,,,,,,,,
variant,MP-0041,,,,published,,,,,,,,,,,,,,,,,,,,,,,,c004,MP0041-C004,0.00,,,,,,,,,,,,,,,,,,,,,,,
variant,MP-0041,,,,published,,,,,,,,,,,,,,,,,,,,,,,,c063,MP0041-C063,0.00,,,,,,,,,,,,,,,,,,,,,,,
variant,MP-0041,,,,published,,,,,,,,,,,,,,,,,,,,,,,,c729,MP0041-C729,0.00,,,,,,,,,,,,,,,,,,,,,,,
variant,MP-0041,,,,published,,,,,,,,,,,,,,,,,,,,,,,,c702,MP0041-C702,0.00,,,,,,,,,,,,,,,,,,,,,,,
variant,MP-0041,,,,published,,,,,,,,,,,,,,,,,,,,,,,,c223,MP0041-C223,0.00,,,,,,,,,,,,,,,,,,,,,,,
variant,MP-0041,,,,published,,,,,,,,,,,,,,,,,,,,,,,,c028,MP0041-C028,0.00,,,,,,,,,,,,,,,,,,,,,,,
variant,MP-0041,,,,published,,,,,,,,,,,,,,,,,,,,,,,,c018,MP0041-C018,0.00,,,,,,,,,,,,,,,,,,,,,,,
variant,MP-0041,,,,published,,,,,,,,,,,,,,,,,,,,,,,,c253,MP0041-C253,0.00,,,,,,,,,,,,,,,,,,,,,,,
image,MP-0041,,,,,,,,,,,,,,,,,,,,,,,,,,,,,,,,,"https://res.cloudinary.com/www-stanleystella-com/image/upload/c_lpad,w_1600,f_auto,q_auto/v1/TechnicalNames/SBM5_STJW190_C176.jpg?_i=AB",Stella Climber 2.0 in Bronze,1,,,,,,,,,,,,,,,,,,
image,MP-0041,,,,,,,,,,,,,,,,,,,,,,,,,,,,c002,,,,,"https://res.cloudinary.com/www-stanleystella-com/image/upload/c_lpad,w_1600,f_auto,q_auto/v1/TechnicalNames/SFC5_STJW190_C002.jpg?_i=AB",Stella Climber 2.0 in Black,2,,,,,,,,,,,,,,,,,,
image,MP-0041,,,,,,,,,,,,,,,,,,,,,,,,,,,,c727,,,,,"https://res.cloudinary.com/www-stanleystella-com/image/upload/c_lpad,w_1600,f_auto,q_auto/v1/TechnicalNames/SFC5_STJW190_C727.jpg?_i=AB",Stella Climber 2.0 in French Navy,3,,,,,,,,,,,,,,,,,,
image,MP-0041,,,,,,,,,,,,,,,,,,,,,,,,,,,,c116,,,,,"https://res.cloudinary.com/www-stanleystella-com/image/upload/c_lpad,w_1600,f_auto,q_auto/v1/TechnicalNames/DFM0_STJW190_C116.jpg?_i=AB",Stella Climber 2.0 in Red Brown,4,,,,,,,,,,,,,,,,,,
image,MP-0041,,,,,,,,,,,,,,,,,,,,,,,,,,,,c004,,,,,"https://res.cloudinary.com/www-stanleystella-com/image/upload/c_lpad,w_1600,f_auto,q_auto/v1/TechnicalNames/SFC5_STJW190_C004.jpg?_i=AB",Stella Climber 2.0 in Red,5,,,,,,,,,,,,,,,,,,
image,MP-0041,,,,,,,,,,,,,,,,,,,,,,,,,,,,c063,,,,,"https://res.cloudinary.com/www-stanleystella-com/image/upload/c_lpad,w_1600,f_auto,q_auto/v1/TechnicalNames/PBM0_STJW190_C063.jpg?_i=AB",Stella Climber 2.0 in Lavender,6,,,,,,,,,,,,,,,,,,
image,MP-0041,,,,,,,,,,,,,,,,,,,,,,,,,,,,c729,,,,,"https://res.cloudinary.com/www-stanleystella-com/image/upload/c_lpad,w_1600,f_auto,q_auto/v1/TechnicalNames/SFC5_STJW190_C729.jpg?_i=AB",Stella Climber 2.0 in Mindful Blue,7,,,,,,,,,,,,,,,,,,
image,MP-0041,,,,,,,,,,,,,,,,,,,,,,,,,,,,c702,,,,,"https://res.cloudinary.com/www-stanleystella-com/image/upload/c_lpad,w_1600,f_auto,q_auto/v1/TechnicalNames/SFC5_STJW190_C702.jpg?_i=AB",Stella Climber 2.0 in Stargazer,8,,,,,,,,,,,,,,,,,,
image,MP-0041,,,,,,,,,,,,,,,,,,,,,,,,,,,,c223,,,,,"https://res.cloudinary.com/www-stanleystella-com/image/upload/c_lpad,w_1600,f_auto,q_auto/v1/TechnicalNames/SFC5_STJW190_C223.jpg?_i=AB",Stella Climber 2.0 in Khaki,9,,,,,,,,,,,,,,,,,,
image,MP-0041,,,,,,,,,,,,,,,,,,,,,,,,,,,,c028,,,,,"https://res.cloudinary.com/www-stanleystella-com/image/upload/c_lpad,w_1600,f_auto,q_auto/v1/TechnicalNames/PBM0_STJW190_C028.jpg?_i=AB",Stella Climber 2.0 in Desert Dust,10,,,,,,,,,,,,,,,,,,
image,MP-0041,,,,,,,,,,,,,,,,,,,,,,,,,,,,c018,,,,,"https://res.cloudinary.com/www-stanleystella-com/image/upload/c_lpad,w_1600,f_auto,q_auto/v1/TechnicalNames/PBM0_STJW190_C018.jpg?_i=AB",Stella Climber 2.0 in Off White,11,,,,,,,,,,,,,,,,,,
image,MP-0041,,,,,,,,,,,,,,,,,,,,,,,,,,,,c253,,,,,"https://res.cloudinary.com/www-stanleystella-com/image/upload/c_lpad,w_1600,f_auto,q_auto/v1/TechnicalNames/SFC5_STJW190_C253.jpg?_i=AB",Stella Climber 2.0 in Anthracite,12,,,,,,,,,,,,,,,,,,
decoration,MP-0041,,,,,,,,,,,,,,,,,,,,,,,,,,,,,,,,,,,,embroidery,front,160,160,6,Vector or DST,Default maximum for the category — confirm per product.,,,,,,,,,,,
decoration,MP-0041,,,,,,,,,,,,,,,,,,,,,,,,,,,,,,,,,,,,embroidery,back,200,200,6,Vector or DST,Default maximum for the category — confirm per product.,,,,,,,,,,,
decoration,MP-0041,,,,,,,,,,,,,,,,,,,,,,,,,,,,,,,,,,,,embroidery,left_chest,90,90,6,Vector or DST,Default maximum for the category — confirm per product.,,,,,,,,,,,
decoration,MP-0041,,,,,,,,,,,,,,,,,,,,,,,,,,,,,,,,,,,,screen,front,300,400,4,Vector,Default maximum for the category — confirm per product.,,,,,,,,,,,
decoration,MP-0041,,,,,,,,,,,,,,,,,,,,,,,,,,,,,,,,,,,,screen,back,320,420,4,Vector,Default maximum for the category — confirm per product.,,,,,,,,,,,
decoration,MP-0041,,,,,,,,,,,,,,,,,,,,,,,,,,,,,,,,,,,,screen,left_chest,100,100,4,Vector,Default maximum for the category — confirm per product.,,,,,,,,,,,
product,MP-0042,stella-discoverer,Stella Discoverer,Outerwear,published,25,EUR,91.21,88.05,85.02,82.60,81.46,49.40,3,5,c002|c727|c702|c253,XS|S|M|L|XL|XXL,embroidery|screen,front|back|left_chest,yes,"Shell: Bonded, Balanced Plain weave, 94% Polyester - Recycled,6% Elastane, Fluorine-free DWR","Shell: Bonded, Balanced Plain weave, 94% Polyester - Recycled,6% Elastane, Fluorine-free DWR",342,,,,Stanley/Stella,STJW159,,,,,,,,,,,,,,,cost 49.40; worst-case decoration 5.86 at 100; market blank 60.61; ours 1.40x market,,,,,,,,,,,
variant,MP-0042,,,,published,,,,,,,,,,,,,,,,,,,,,,,,c002,MP0042-C002,0.00,,,,,,,,,,,,,,,,,,,,,,,
variant,MP-0042,,,,published,,,,,,,,,,,,,,,,,,,,,,,,c727,MP0042-C727,0.00,,,,,,,,,,,,,,,,,,,,,,,
variant,MP-0042,,,,published,,,,,,,,,,,,,,,,,,,,,,,,c702,MP0042-C702,0.00,,,,,,,,,,,,,,,,,,,,,,,
variant,MP-0042,,,,published,,,,,,,,,,,,,,,,,,,,,,,,c253,MP0042-C253,0.00,,,,,,,,,,,,,,,,,,,,,,,
image,MP-0042,,,,,,,,,,,,,,,,,,,,,,,,,,,,,,,,,"https://res.cloudinary.com/www-stanleystella-com/image/upload/c_lpad,w_1600,f_auto,q_auto/v1/TechnicalNames/SFC6_STJW159_C002.jpg?_i=AB",Stella Discoverer in Black,1,,,,,,,,,,,,,,,,,,
image,MP-0042,,,,,,,,,,,,,,,,,,,,,,,,,,,,c727,,,,,"https://res.cloudinary.com/www-stanleystella-com/image/upload/c_lpad,w_1600,f_auto,q_auto/v1/TechnicalNames/SFC5_STJW159_C727.jpg?_i=AB",Stella Discoverer in French Navy,2,,,,,,,,,,,,,,,,,,
image,MP-0042,,,,,,,,,,,,,,,,,,,,,,,,,,,,c702,,,,,"https://res.cloudinary.com/www-stanleystella-com/image/upload/c_lpad,w_1600,f_auto,q_auto/v1/TechnicalNames/SFC6_STJW159_C702.jpg?_i=AB",Stella Discoverer in Stargazer,3,,,,,,,,,,,,,,,,,,
image,MP-0042,,,,,,,,,,,,,,,,,,,,,,,,,,,,c253,,,,,"https://res.cloudinary.com/www-stanleystella-com/image/upload/c_lpad,w_1600,f_auto,q_auto/v1/TechnicalNames/SFM5_STJW159_C253.jpg?_i=AB",Stella Discoverer in Anthracite,4,,,,,,,,,,,,,,,,,,
decoration,MP-0042,,,,,,,,,,,,,,,,,,,,,,,,,,,,,,,,,,,,embroidery,front,160,160,6,Vector or DST,Default maximum for the category — confirm per product.,,,,,,,,,,,
decoration,MP-0042,,,,,,,,,,,,,,,,,,,,,,,,,,,,,,,,,,,,embroidery,back,200,200,6,Vector or DST,Default maximum for the category — confirm per product.,,,,,,,,,,,
decoration,MP-0042,,,,,,,,,,,,,,,,,,,,,,,,,,,,,,,,,,,,embroidery,left_chest,90,90,6,Vector or DST,Default maximum for the category — confirm per product.,,,,,,,,,,,
decoration,MP-0042,,,,,,,,,,,,,,,,,,,,,,,,,,,,,,,,,,,,screen,front,300,400,4,Vector,Default maximum for the category — confirm per product.,,,,,,,,,,,
decoration,MP-0042,,,,,,,,,,,,,,,,,,,,,,,,,,,,,,,,,,,,screen,back,320,420,4,Vector,Default maximum for the category — confirm per product.,,,,,,,,,,,
decoration,MP-0042,,,,,,,,,,,,,,,,,,,,,,,,,,,,,,,,,,,,screen,left_chest,100,100,4,Vector,Default maximum for the category — confirm per product.,,,,,,,,,,,
product,MP-0043,stella-guider,Stella Guider,Outerwear,published,25,EUR,47.29,44.13,41.10,38.68,37.53,20.85,3,5,c002|c727|c244|c729|c702|c223|c028|c253,XS|S|M|L|XL|XXL,embroidery|screen,front|back|left_chest,yes,"Shell: Polar Fleece, 100% Polyester - Recycled, Anti piling, Brushed","Shell: Polar Fleece, 100% Polyester - Recycled, Anti piling, Brushed",300,,,,Stanley/Stella,STJW239,,,,,,,,,,,,,,,cost 20.85; worst-case decoration 5.86 at 100; market blank 25.62; ours 1.60x market,,,,,,,,,,,
variant,MP-0043,,,,published,,,,,,,,,,,,,,,,,,,,,,,,c002,MP0043-C002,0.00,,,,,,,,,,,,,,,,,,,,,,,
variant,MP-0043,,,,published,,,,,,,,,,,,,,,,,,,,,,,,c727,MP0043-C727,0.00,,,,,,,,,,,,,,,,,,,,,,,
variant,MP-0043,,,,published,,,,,,,,,,,,,,,,,,,,,,,,c244,MP0043-C244,0.00,,,,,,,,,,,,,,,,,,,,,,,
variant,MP-0043,,,,published,,,,,,,,,,,,,,,,,,,,,,,,c729,MP0043-C729,0.00,,,,,,,,,,,,,,,,,,,,,,,
variant,MP-0043,,,,published,,,,,,,,,,,,,,,,,,,,,,,,c702,MP0043-C702,0.00,,,,,,,,,,,,,,,,,,,,,,,
variant,MP-0043,,,,published,,,,,,,,,,,,,,,,,,,,,,,,c223,MP0043-C223,0.00,,,,,,,,,,,,,,,,,,,,,,,
variant,MP-0043,,,,published,,,,,,,,,,,,,,,,,,,,,,,,c028,MP0043-C028,0.00,,,,,,,,,,,,,,,,,,,,,,,
variant,MP-0043,,,,published,,,,,,,,,,,,,,,,,,,,,,,,c253,MP0043-C253,0.00,,,,,,,,,,,,,,,,,,,,,,,
image,MP-0043,,,,,,,,,,,,,,,,,,,,,,,,,,,,,,,,,"https://res.cloudinary.com/www-stanleystella-com/image/upload/c_lpad,w_1600,f_auto,q_auto/v1/TechnicalNames/SFC6_STJW239_C002.jpg?_i=AB",Stella Guider in Black,1,,,,,,,,,,,,,,,,,,
image,MP-0043,,,,,,,,,,,,,,,,,,,,,,,,,,,,c727,,,,,"https://res.cloudinary.com/www-stanleystella-com/image/upload/c_lpad,w_1600,f_auto,q_auto/v1/TechnicalNames/SFC5_STJW239_C727.jpg?_i=AB",Stella Guider in French Navy,2,,,,,,,,,,,,,,,,,,
image,MP-0043,,,,,,,,,,,,,,,,,,,,,,,,,,,,c244,,,,,"https://res.cloudinary.com/www-stanleystella-com/image/upload/c_lpad,w_1600,f_auto,q_auto/v1/TechnicalNames/SFM5_STJW239_C244.jpg?_i=AB",Stella Guider in Burgundy,3,,,,,,,,,,,,,,,,,,
image,MP-0043,,,,,,,,,,,,,,,,,,,,,,,,,,,,c729,,,,,"https://res.cloudinary.com/www-stanleystella-com/image/upload/c_lpad,w_1600,f_auto,q_auto/v1/TechnicalNames/SFC5_STJW239_C729.jpg?_i=AB",Stella Guider in Mindful Blue,4,,,,,,,,,,,,,,,,,,
image,MP-0043,,,,,,,,,,,,,,,,,,,,,,,,,,,,c702,,,,,"https://res.cloudinary.com/www-stanleystella-com/image/upload/c_lpad,w_1600,f_auto,q_auto/v1/TechnicalNames/SFC5_STJW239_C702.jpg?_i=AB",Stella Guider in Stargazer,5,,,,,,,,,,,,,,,,,,
image,MP-0043,,,,,,,,,,,,,,,,,,,,,,,,,,,,c223,,,,,"https://res.cloudinary.com/www-stanleystella-com/image/upload/c_lpad,w_1600,f_auto,q_auto/v1/TechnicalNames/SFC5_STJW239_C223.jpg?_i=AB",Stella Guider in Khaki,6,,,,,,,,,,,,,,,,,,
image,MP-0043,,,,,,,,,,,,,,,,,,,,,,,,,,,,c028,,,,,"https://res.cloudinary.com/www-stanleystella-com/image/upload/c_lpad,w_1600,f_auto,q_auto/v1/TechnicalNames/SBM5_STJW239_C028.jpg?_i=AB",Stella Guider in Desert Dust,7,,,,,,,,,,,,,,,,,,
image,MP-0043,,,,,,,,,,,,,,,,,,,,,,,,,,,,c253,,,,,"https://res.cloudinary.com/www-stanleystella-com/image/upload/c_lpad,w_1600,f_auto,q_auto/v1/TechnicalNames/SFC5_STJW239_C253.jpg?_i=AB",Stella Guider in Anthracite,8,,,,,,,,,,,,,,,,,,
decoration,MP-0043,,,,,,,,,,,,,,,,,,,,,,,,,,,,,,,,,,,,embroidery,front,160,160,6,Vector or DST,Default maximum for the category — confirm per product.,,,,,,,,,,,
decoration,MP-0043,,,,,,,,,,,,,,,,,,,,,,,,,,,,,,,,,,,,embroidery,back,200,200,6,Vector or DST,Default maximum for the category — confirm per product.,,,,,,,,,,,
decoration,MP-0043,,,,,,,,,,,,,,,,,,,,,,,,,,,,,,,,,,,,embroidery,left_chest,90,90,6,Vector or DST,Default maximum for the category — confirm per product.,,,,,,,,,,,
decoration,MP-0043,,,,,,,,,,,,,,,,,,,,,,,,,,,,,,,,,,,,screen,front,300,400,4,Vector,Default maximum for the category — confirm per product.,,,,,,,,,,,
decoration,MP-0043,,,,,,,,,,,,,,,,,,,,,,,,,,,,,,,,,,,,screen,back,320,420,4,Vector,Default maximum for the category — confirm per product.,,,,,,,,,,,
decoration,MP-0043,,,,,,,,,,,,,,,,,,,,,,,,,,,,,,,,,,,,screen,left_chest,100,100,4,Vector,Default maximum for the category — confirm per product.,,,,,,,,,,,
product,MP-0044,stella-navigator,Stella Navigator,Outerwear,published,25,EUR,84.98,81.82,78.79,76.37,75.23,45.35,3,5,c002|c727|c702|c253,XS|S|M|L|XL|XXL,embroidery|screen,front|back|left_chest,yes,"Shell: Bonded, Balanced Plain weave, 94% Polyester - Recycled,6% Elastane, Fluorine-free DWR","Shell: Bonded, Balanced Plain weave, 94% Polyester - Recycled,6% Elastane, Fluorine-free DWR",342,,,,Stanley/Stella,STJW166,,,,,,,,,,,,,,,cost 45.35; worst-case decoration 5.86 at 100; market blank 54.64; ours 1.44x market,,,,,,,,,,,
variant,MP-0044,,,,published,,,,,,,,,,,,,,,,,,,,,,,,c002,MP0044-C002,0.00,,,,,,,,,,,,,,,,,,,,,,,
variant,MP-0044,,,,published,,,,,,,,,,,,,,,,,,,,,,,,c727,MP0044-C727,0.00,,,,,,,,,,,,,,,,,,,,,,,
variant,MP-0044,,,,published,,,,,,,,,,,,,,,,,,,,,,,,c702,MP0044-C702,0.00,,,,,,,,,,,,,,,,,,,,,,,
variant,MP-0044,,,,published,,,,,,,,,,,,,,,,,,,,,,,,c253,MP0044-C253,0.00,,,,,,,,,,,,,,,,,,,,,,,
image,MP-0044,,,,,,,,,,,,,,,,,,,,,,,,,,,,,,,,,"https://res.cloudinary.com/www-stanleystella-com/image/upload/c_lpad,w_1600,f_auto,q_auto/v1/TechnicalNames/SFC5_STJW166_C002.jpg?_i=AB",Stella Navigator in Black,1,,,,,,,,,,,,,,,,,,
image,MP-0044,,,,,,,,,,,,,,,,,,,,,,,,,,,,c727,,,,,"https://res.cloudinary.com/www-stanleystella-com/image/upload/c_lpad,w_1600,f_auto,q_auto/v1/TechnicalNames/SFC5_STJW166_C727.jpg?_i=AB",Stella Navigator in French Navy,2,,,,,,,,,,,,,,,,,,
image,MP-0044,,,,,,,,,,,,,,,,,,,,,,,,,,,,c702,,,,,"https://res.cloudinary.com/www-stanleystella-com/image/upload/c_lpad,w_1600,f_auto,q_auto/v1/TechnicalNames/SFM5_STJW166_C702.jpg?_i=AB",Stella Navigator in Stargazer,3,,,,,,,,,,,,,,,,,,
image,MP-0044,,,,,,,,,,,,,,,,,,,,,,,,,,,,c253,,,,,"https://res.cloudinary.com/www-stanleystella-com/image/upload/c_lpad,w_1600,f_auto,q_auto/v1/TechnicalNames/SFC5_STJW166_C253.jpg?_i=AB",Stella Navigator in Anthracite,4,,,,,,,,,,,,,,,,,,
decoration,MP-0044,,,,,,,,,,,,,,,,,,,,,,,,,,,,,,,,,,,,embroidery,front,160,160,6,Vector or DST,Default maximum for the category — confirm per product.,,,,,,,,,,,
decoration,MP-0044,,,,,,,,,,,,,,,,,,,,,,,,,,,,,,,,,,,,embroidery,back,200,200,6,Vector or DST,Default maximum for the category — confirm per product.,,,,,,,,,,,
decoration,MP-0044,,,,,,,,,,,,,,,,,,,,,,,,,,,,,,,,,,,,embroidery,left_chest,90,90,6,Vector or DST,Default maximum for the category — confirm per product.,,,,,,,,,,,
decoration,MP-0044,,,,,,,,,,,,,,,,,,,,,,,,,,,,,,,,,,,,screen,front,300,400,4,Vector,Default maximum for the category — confirm per product.,,,,,,,,,,,
decoration,MP-0044,,,,,,,,,,,,,,,,,,,,,,,,,,,,,,,,,,,,screen,back,320,420,4,Vector,Default maximum for the category — confirm per product.,,,,,,,,,,,
decoration,MP-0044,,,,,,,,,,,,,,,,,,,,,,,,,,,,,,,,,,,,screen,left_chest,100,100,4,Vector,Default maximum for the category — confirm per product.,,,,,,,,,,,
product,MP-0045,stella-quester,Stella Quester,Outerwear,published,25,EUR,42.98,39.82,36.79,34.37,33.23,18.05,3,5,c002|c727|c244|c729|c702|c223|c028|c253,XS|S|M|L|XL|XXL,embroidery|screen,front|back|left_chest,yes,"Shell: Polar Fleece, 100% Polyester - Recycled, Anti piling, Brushed","Shell: Polar Fleece, 100% Polyester - Recycled, Anti piling, Brushed",300,,,,Stanley/Stella,STJW241,,,,,,,,,,,,,,,cost 18.05; worst-case decoration 5.86 at 100; market blank 22.19; ours 1.66x market,,,,,,,,,,,
variant,MP-0045,,,,published,,,,,,,,,,,,,,,,,,,,,,,,c002,MP0045-C002,0.00,,,,,,,,,,,,,,,,,,,,,,,
variant,MP-0045,,,,published,,,,,,,,,,,,,,,,,,,,,,,,c727,MP0045-C727,0.00,,,,,,,,,,,,,,,,,,,,,,,
variant,MP-0045,,,,published,,,,,,,,,,,,,,,,,,,,,,,,c244,MP0045-C244,0.00,,,,,,,,,,,,,,,,,,,,,,,
variant,MP-0045,,,,published,,,,,,,,,,,,,,,,,,,,,,,,c729,MP0045-C729,0.00,,,,,,,,,,,,,,,,,,,,,,,
variant,MP-0045,,,,published,,,,,,,,,,,,,,,,,,,,,,,,c702,MP0045-C702,0.00,,,,,,,,,,,,,,,,,,,,,,,
variant,MP-0045,,,,published,,,,,,,,,,,,,,,,,,,,,,,,c223,MP0045-C223,0.00,,,,,,,,,,,,,,,,,,,,,,,
variant,MP-0045,,,,published,,,,,,,,,,,,,,,,,,,,,,,,c028,MP0045-C028,0.00,,,,,,,,,,,,,,,,,,,,,,,
variant,MP-0045,,,,published,,,,,,,,,,,,,,,,,,,,,,,,c253,MP0045-C253,0.00,,,,,,,,,,,,,,,,,,,,,,,
image,MP-0045,,,,,,,,,,,,,,,,,,,,,,,,,,,,,,,,,"https://res.cloudinary.com/www-stanleystella-com/image/upload/c_lpad,w_1600,f_auto,q_auto/v1/TechnicalNames/SFC5_STJW241_C002.jpg?_i=AB",Stella Quester in Black,1,,,,,,,,,,,,,,,,,,
image,MP-0045,,,,,,,,,,,,,,,,,,,,,,,,,,,,c727,,,,,"https://res.cloudinary.com/www-stanleystella-com/image/upload/c_lpad,w_1600,f_auto,q_auto/v1/TechnicalNames/SFC5_STJW241_C727.jpg?_i=AB",Stella Quester in French Navy,2,,,,,,,,,,,,,,,,,,
image,MP-0045,,,,,,,,,,,,,,,,,,,,,,,,,,,,c244,,,,,"https://res.cloudinary.com/www-stanleystella-com/image/upload/c_lpad,w_1600,f_auto,q_auto/v1/TechnicalNames/SFC5_STJW241_C244.jpg?_i=AB",Stella Quester in Burgundy,3,,,,,,,,,,,,,,,,,,
image,MP-0045,,,,,,,,,,,,,,,,,,,,,,,,,,,,c729,,,,,"https://res.cloudinary.com/www-stanleystella-com/image/upload/c_lpad,w_1600,f_auto,q_auto/v1/TechnicalNames/SFC5_STJW241_C729.jpg?_i=AB",Stella Quester in Mindful Blue,4,,,,,,,,,,,,,,,,,,
image,MP-0045,,,,,,,,,,,,,,,,,,,,,,,,,,,,c702,,,,,"https://res.cloudinary.com/www-stanleystella-com/image/upload/c_lpad,w_1600,f_auto,q_auto/v1/TechnicalNames/SFM5_STJW241_C702.jpg?_i=AB",Stella Quester in Stargazer,5,,,,,,,,,,,,,,,,,,
image,MP-0045,,,,,,,,,,,,,,,,,,,,,,,,,,,,c223,,,,,"https://res.cloudinary.com/www-stanleystella-com/image/upload/c_lpad,w_1600,f_auto,q_auto/v1/TechnicalNames/SFC5_STJW241_C223.jpg?_i=AB",Stella Quester in Khaki,6,,,,,,,,,,,,,,,,,,
image,MP-0045,,,,,,,,,,,,,,,,,,,,,,,,,,,,c028,,,,,"https://res.cloudinary.com/www-stanleystella-com/image/upload/c_lpad,w_1600,f_auto,q_auto/v1/TechnicalNames/SBM5_STJW241_C028.jpg?_i=AB",Stella Quester in Desert Dust,7,,,,,,,,,,,,,,,,,,
image,MP-0045,,,,,,,,,,,,,,,,,,,,,,,,,,,,c253,,,,,"https://res.cloudinary.com/www-stanleystella-com/image/upload/c_lpad,w_1600,f_auto,q_auto/v1/TechnicalNames/SFC5_STJW241_C253.jpg?_i=AB",Stella Quester in Anthracite,8,,,,,,,,,,,,,,,,,,
decoration,MP-0045,,,,,,,,,,,,,,,,,,,,,,,,,,,,,,,,,,,,embroidery,front,160,160,6,Vector or DST,Default maximum for the category — confirm per product.,,,,,,,,,,,
decoration,MP-0045,,,,,,,,,,,,,,,,,,,,,,,,,,,,,,,,,,,,embroidery,back,200,200,6,Vector or DST,Default maximum for the category — confirm per product.,,,,,,,,,,,
decoration,MP-0045,,,,,,,,,,,,,,,,,,,,,,,,,,,,,,,,,,,,embroidery,left_chest,90,90,6,Vector or DST,Default maximum for the category — confirm per product.,,,,,,,,,,,
decoration,MP-0045,,,,,,,,,,,,,,,,,,,,,,,,,,,,,,,,,,,,screen,front,300,400,4,Vector,Default maximum for the category — confirm per product.,,,,,,,,,,,
decoration,MP-0045,,,,,,,,,,,,,,,,,,,,,,,,,,,,,,,,,,,,screen,back,320,420,4,Vector,Default maximum for the category — confirm per product.,,,,,,,,,,,
decoration,MP-0045,,,,,,,,,,,,,,,,,,,,,,,,,,,,,,,,,,,,screen,left_chest,100,100,4,Vector,Default maximum for the category — confirm per product.,,,,,,,,,,,
product,MP-0046,stella-stormer,Stella Stormer,Outerwear,published,25,EUR,,,,,,,3,5,c176|c002|c727|c004|c702|c223|c018|c253,XS|S|M|L|XL|XXL|3XL,embroidery|screen,front|back|left_chest,yes,"Shell: Plain Weave, 100% Polyester - Recycled, Fluorine-free DWR","Shell: Plain Weave, 100% Polyester - Recycled, Fluorine-free DWR",142,,,,Stanley/Stella,STJW291,,,,,,,,,,,,,,,No supplier cost on file — quote on inquiry.,,,,,,,,,,,
variant,MP-0046,,,,published,,,,,,,,,,,,,,,,,,,,,,,,c176,MP0046-C176,0.00,,,,,,,,,,,,,,,,,,,,,,,
variant,MP-0046,,,,published,,,,,,,,,,,,,,,,,,,,,,,,c002,MP0046-C002,0.00,,,,,,,,,,,,,,,,,,,,,,,
variant,MP-0046,,,,published,,,,,,,,,,,,,,,,,,,,,,,,c727,MP0046-C727,0.00,,,,,,,,,,,,,,,,,,,,,,,
variant,MP-0046,,,,published,,,,,,,,,,,,,,,,,,,,,,,,c004,MP0046-C004,0.00,,,,,,,,,,,,,,,,,,,,,,,
variant,MP-0046,,,,published,,,,,,,,,,,,,,,,,,,,,,,,c702,MP0046-C702,0.00,,,,,,,,,,,,,,,,,,,,,,,
variant,MP-0046,,,,published,,,,,,,,,,,,,,,,,,,,,,,,c223,MP0046-C223,0.00,,,,,,,,,,,,,,,,,,,,,,,
variant,MP-0046,,,,published,,,,,,,,,,,,,,,,,,,,,,,,c018,MP0046-C018,0.00,,,,,,,,,,,,,,,,,,,,,,,
variant,MP-0046,,,,published,,,,,,,,,,,,,,,,,,,,,,,,c253,MP0046-C253,0.00,,,,,,,,,,,,,,,,,,,,,,,
image,MP-0046,,,,,,,,,,,,,,,,,,,,,,,,,,,,,,,,,"https://res.cloudinary.com/www-stanleystella-com/image/upload/c_lpad,w_1600,f_auto,q_auto/v1/TechnicalNames/SBM5_STJW291_C176.jpg?_i=AB",Stella Stormer in Bronze,1,,,,,,,,,,,,,,,,,,
image,MP-0046,,,,,,,,,,,,,,,,,,,,,,,,,,,,c002,,,,,"https://res.cloudinary.com/www-stanleystella-com/image/upload/c_lpad,w_1600,f_auto,q_auto/v1/TechnicalNames/SBM5_STJW291_C002.jpg?_i=AB",Stella Stormer in Black,2,,,,,,,,,,,,,,,,,,
image,MP-0046,,,,,,,,,,,,,,,,,,,,,,,,,,,,c727,,,,,"https://res.cloudinary.com/www-stanleystella-com/image/upload/c_lpad,w_1600,f_auto,q_auto/v1/TechnicalNames/SBM5_STJW291_C727.jpg?_i=AB",Stella Stormer in French Navy,3,,,,,,,,,,,,,,,,,,
image,MP-0046,,,,,,,,,,,,,,,,,,,,,,,,,,,,c004,,,,,"https://res.cloudinary.com/www-stanleystella-com/image/upload/c_lpad,w_1600,f_auto,q_auto/v1/TechnicalNames/SBM5_STJW291_C004.jpg?_i=AB",Stella Stormer in Red,4,,,,,,,,,,,,,,,,,,
image,MP-0046,,,,,,,,,,,,,,,,,,,,,,,,,,,,c702,,,,,"https://res.cloudinary.com/www-stanleystella-com/image/upload/c_lpad,w_1600,f_auto,q_auto/v1/TechnicalNames/SFM6_STJW291_C702.jpg?_i=AB",Stella Stormer in Stargazer,5,,,,,,,,,,,,,,,,,,
image,MP-0046,,,,,,,,,,,,,,,,,,,,,,,,,,,,c223,,,,,"https://res.cloudinary.com/www-stanleystella-com/image/upload/c_lpad,w_1600,f_auto,q_auto/v1/TechnicalNames/SBM5_STJW291_C223.jpg?_i=AB",Stella Stormer in Khaki,6,,,,,,,,,,,,,,,,,,
image,MP-0046,,,,,,,,,,,,,,,,,,,,,,,,,,,,c018,,,,,"https://res.cloudinary.com/www-stanleystella-com/image/upload/c_lpad,w_1600,f_auto,q_auto/v1/TechnicalNames/SBM5_STJW291_C018.jpg?_i=AB",Stella Stormer in Off White,7,,,,,,,,,,,,,,,,,,
image,MP-0046,,,,,,,,,,,,,,,,,,,,,,,,,,,,c253,,,,,"https://res.cloudinary.com/www-stanleystella-com/image/upload/c_lpad,w_1600,f_auto,q_auto/v1/TechnicalNames/SBM5_STJW291_C253.jpg?_i=AB",Stella Stormer in Anthracite,8,,,,,,,,,,,,,,,,,,
decoration,MP-0046,,,,,,,,,,,,,,,,,,,,,,,,,,,,,,,,,,,,embroidery,front,160,160,6,Vector or DST,Default maximum for the category — confirm per product.,,,,,,,,,,,
decoration,MP-0046,,,,,,,,,,,,,,,,,,,,,,,,,,,,,,,,,,,,embroidery,back,200,200,6,Vector or DST,Default maximum for the category — confirm per product.,,,,,,,,,,,
decoration,MP-0046,,,,,,,,,,,,,,,,,,,,,,,,,,,,,,,,,,,,embroidery,left_chest,90,90,6,Vector or DST,Default maximum for the category — confirm per product.,,,,,,,,,,,
decoration,MP-0046,,,,,,,,,,,,,,,,,,,,,,,,,,,,,,,,,,,,screen,front,300,400,4,Vector,Default maximum for the category — confirm per product.,,,,,,,,,,,
decoration,MP-0046,,,,,,,,,,,,,,,,,,,,,,,,,,,,,,,,,,,,screen,back,320,420,4,Vector,Default maximum for the category — confirm per product.,,,,,,,,,,,
decoration,MP-0046,,,,,,,,,,,,,,,,,,,,,,,,,,,,,,,,,,,,screen,left_chest,100,100,4,Vector,Default maximum for the category — confirm per product.,,,,,,,,,,,
product,MP-0047,stella-trail-blazer,Stella Trail Blazer,Outerwear,published,25,EUR,68.82,65.66,62.63,60.22,59.07,34.85,3,5,c002|c727|c702|c253,XS|S|M|L|XL|XXL,embroidery|screen,front|back|left_chest,yes,"Shell: Bonded, Balanced Plain weave, 94% Recycled Polyester - 6% Elastane, Fluorine-free DWR","Shell: Bonded, Balanced Plain weave, 94% Recycled Polyester - 6% Elastane, Fluorine-free DWR",315,,,,Stanley/Stella,STJW236,,,,,,,,,,,,,,,cost 34.85; worst-case decoration 5.86 at 100; market blank 42.78; ours 1.46x market,,,,,,,,,,,
variant,MP-0047,,,,published,,,,,,,,,,,,,,,,,,,,,,,,c002,MP0047-C002,0.00,,,,,,,,,,,,,,,,,,,,,,,
variant,MP-0047,,,,published,,,,,,,,,,,,,,,,,,,,,,,,c727,MP0047-C727,0.00,,,,,,,,,,,,,,,,,,,,,,,
variant,MP-0047,,,,published,,,,,,,,,,,,,,,,,,,,,,,,c702,MP0047-C702,0.00,,,,,,,,,,,,,,,,,,,,,,,
variant,MP-0047,,,,published,,,,,,,,,,,,,,,,,,,,,,,,c253,MP0047-C253,0.00,,,,,,,,,,,,,,,,,,,,,,,
image,MP-0047,,,,,,,,,,,,,,,,,,,,,,,,,,,,,,,,,"https://res.cloudinary.com/www-stanleystella-com/image/upload/c_lpad,w_1600,f_auto,q_auto/v1/TechnicalNames/SFC5_STJW236_C002.jpg?_i=AB",Stella Trail Blazer in Black,1,,,,,,,,,,,,,,,,,,
image,MP-0047,,,,,,,,,,,,,,,,,,,,,,,,,,,,c727,,,,,"https://res.cloudinary.com/www-stanleystella-com/image/upload/c_lpad,w_1600,f_auto,q_auto/v1/TechnicalNames/SFM5_STJW236_C727.jpg?_i=AB",Stella Trail Blazer in French Navy,2,,,,,,,,,,,,,,,,,,
image,MP-0047,,,,,,,,,,,,,,,,,,,,,,,,,,,,c702,,,,,"https://res.cloudinary.com/www-stanleystella-com/image/upload/c_lpad,w_1600,f_auto,q_auto/v1/TechnicalNames/SFC5_STJW236_C702.jpg?_i=AB",Stella Trail Blazer in Stargazer,3,,,,,,,,,,,,,,,,,,
image,MP-0047,,,,,,,,,,,,,,,,,,,,,,,,,,,,c253,,,,,"https://res.cloudinary.com/www-stanleystella-com/image/upload/c_lpad,w_1600,f_auto,q_auto/v1/TechnicalNames/SFC5_STJW236_C253.jpg?_i=AB",Stella Trail Blazer in Anthracite,4,,,,,,,,,,,,,,,,,,
decoration,MP-0047,,,,,,,,,,,,,,,,,,,,,,,,,,,,,,,,,,,,embroidery,front,160,160,6,Vector or DST,Default maximum for the category — confirm per product.,,,,,,,,,,,
decoration,MP-0047,,,,,,,,,,,,,,,,,,,,,,,,,,,,,,,,,,,,embroidery,back,200,200,6,Vector or DST,Default maximum for the category — confirm per product.,,,,,,,,,,,
decoration,MP-0047,,,,,,,,,,,,,,,,,,,,,,,,,,,,,,,,,,,,embroidery,left_chest,90,90,6,Vector or DST,Default maximum for the category — confirm per product.,,,,,,,,,,,
decoration,MP-0047,,,,,,,,,,,,,,,,,,,,,,,,,,,,,,,,,,,,screen,front,300,400,4,Vector,Default maximum for the category — confirm per product.,,,,,,,,,,,
decoration,MP-0047,,,,,,,,,,,,,,,,,,,,,,,,,,,,,,,,,,,,screen,back,320,420,4,Vector,Default maximum for the category — confirm per product.,,,,,,,,,,,
decoration,MP-0047,,,,,,,,,,,,,,,,,,,,,,,,,,,,,,,,,,,,screen,left_chest,100,100,4,Vector,Default maximum for the category — confirm per product.,,,,,,,,,,,
product,MP-0048,stella-voyager-2-0,Stella Voyager 2.0,Outerwear,published,25,EUR,103.06,99.89,96.87,94.45,93.30,57.10,3,5,c176|c002|c727|c116|c004|c063|c729|c702|c223|c028|c018|c253,XS|S|M|L|XL|XXL|3XL,embroidery|screen,front|back|left_chest,yes,"Shell: Plain Weave, 100% Nylon - Recycled, Durable water repellent, Fluorine-free DWR","Shell: Plain Weave, 100% Nylon - Recycled, Durable water repellent, Fluorine-free DWR",38,,,,Stanley/Stella,STJW191,,,,,,,,,,,,,,,cost 57.10; worst-case decoration 5.86 at 100; market blank 59.00; ours 1.64x market,,,,,,,,,,,
variant,MP-0048,,,,published,,,,,,,,,,,,,,,,,,,,,,,,c176,MP0048-C176,0.00,,,,,,,,,,,,,,,,,,,,,,,
variant,MP-0048,,,,published,,,,,,,,,,,,,,,,,,,,,,,,c002,MP0048-C002,0.00,,,,,,,,,,,,,,,,,,,,,,,
variant,MP-0048,,,,published,,,,,,,,,,,,,,,,,,,,,,,,c727,MP0048-C727,0.00,,,,,,,,,,,,,,,,,,,,,,,
variant,MP-0048,,,,published,,,,,,,,,,,,,,,,,,,,,,,,c116,MP0048-C116,0.00,,,,,,,,,,,,,,,,,,,,,,,
variant,MP-0048,,,,published,,,,,,,,,,,,,,,,,,,,,,,,c004,MP0048-C004,0.00,,,,,,,,,,,,,,,,,,,,,,,
variant,MP-0048,,,,published,,,,,,,,,,,,,,,,,,,,,,,,c063,MP0048-C063,0.00,,,,,,,,,,,,,,,,,,,,,,,
variant,MP-0048,,,,published,,,,,,,,,,,,,,,,,,,,,,,,c729,MP0048-C729,0.00,,,,,,,,,,,,,,,,,,,,,,,
variant,MP-0048,,,,published,,,,,,,,,,,,,,,,,,,,,,,,c702,MP0048-C702,0.00,,,,,,,,,,,,,,,,,,,,,,,
variant,MP-0048,,,,published,,,,,,,,,,,,,,,,,,,,,,,,c223,MP0048-C223,0.00,,,,,,,,,,,,,,,,,,,,,,,
variant,MP-0048,,,,published,,,,,,,,,,,,,,,,,,,,,,,,c028,MP0048-C028,0.00,,,,,,,,,,,,,,,,,,,,,,,
variant,MP-0048,,,,published,,,,,,,,,,,,,,,,,,,,,,,,c018,MP0048-C018,0.00,,,,,,,,,,,,,,,,,,,,,,,
variant,MP-0048,,,,published,,,,,,,,,,,,,,,,,,,,,,,,c253,MP0048-C253,0.00,,,,,,,,,,,,,,,,,,,,,,,
image,MP-0048,,,,,,,,,,,,,,,,,,,,,,,,,,,,,,,,,"https://res.cloudinary.com/www-stanleystella-com/image/upload/c_lpad,w_1600,f_auto,q_auto/v1/TechnicalNames/SBM5_STJW191_C176.jpg?_i=AB",Stella Voyager 2.0 in Bronze,1,,,,,,,,,,,,,,,,,,
image,MP-0048,,,,,,,,,,,,,,,,,,,,,,,,,,,,c002,,,,,"https://res.cloudinary.com/www-stanleystella-com/image/upload/c_lpad,w_1600,f_auto,q_auto/v1/TechnicalNames/SFC5_STJW191_C002.jpg?_i=AB",Stella Voyager 2.0 in Black,2,,,,,,,,,,,,,,,,,,
image,MP-0048,,,,,,,,,,,,,,,,,,,,,,,,,,,,c727,,,,,"https://res.cloudinary.com/www-stanleystella-com/image/upload/c_lpad,w_1600,f_auto,q_auto/v1/TechnicalNames/SFC5_STJW191_C727.jpg?_i=AB",Stella Voyager 2.0 in French Navy,3,,,,,,,,,,,,,,,,,,
image,MP-0048,,,,,,,,,,,,,,,,,,,,,,,,,,,,c116,,,,,"https://res.cloudinary.com/www-stanleystella-com/image/upload/c_lpad,w_1600,f_auto,q_auto/v1/TechnicalNames/PBM0_STJW191_C116.jpg?_i=AB",Stella Voyager 2.0 in Red Brown,4,,,,,,,,,,,,,,,,,,
image,MP-0048,,,,,,,,,,,,,,,,,,,,,,,,,,,,c004,,,,,"https://res.cloudinary.com/www-stanleystella-com/image/upload/c_lpad,w_1600,f_auto,q_auto/v1/TechnicalNames/SFC5_STJW191_C004.jpg?_i=AB",Stella Voyager 2.0 in Red,5,,,,,,,,,,,,,,,,,,
image,MP-0048,,,,,,,,,,,,,,,,,,,,,,,,,,,,c063,,,,,"https://res.cloudinary.com/www-stanleystella-com/image/upload/c_lpad,w_1600,f_auto,q_auto/v1/TechnicalNames/DFM0_STJW191_C063.jpg?_i=AB",Stella Voyager 2.0 in Lavender,6,,,,,,,,,,,,,,,,,,
image,MP-0048,,,,,,,,,,,,,,,,,,,,,,,,,,,,c729,,,,,"https://res.cloudinary.com/www-stanleystella-com/image/upload/c_lpad,w_1600,f_auto,q_auto/v1/TechnicalNames/SFC5_STJW191_C729.jpg?_i=AB",Stella Voyager 2.0 in Mindful Blue,7,,,,,,,,,,,,,,,,,,
image,MP-0048,,,,,,,,,,,,,,,,,,,,,,,,,,,,c702,,,,,"https://res.cloudinary.com/www-stanleystella-com/image/upload/c_lpad,w_1600,f_auto,q_auto/v1/TechnicalNames/SFC5_STJW191_C702.jpg?_i=AB",Stella Voyager 2.0 in Stargazer,8,,,,,,,,,,,,,,,,,,
image,MP-0048,,,,,,,,,,,,,,,,,,,,,,,,,,,,c223,,,,,"https://res.cloudinary.com/www-stanleystella-com/image/upload/c_lpad,w_1600,f_auto,q_auto/v1/TechnicalNames/SFC5_STJW191_C223.jpg?_i=AB",Stella Voyager 2.0 in Khaki,9,,,,,,,,,,,,,,,,,,
image,MP-0048,,,,,,,,,,,,,,,,,,,,,,,,,,,,c028,,,,,"https://res.cloudinary.com/www-stanleystella-com/image/upload/c_lpad,w_1600,f_auto,q_auto/v1/TechnicalNames/PBM0_STJW191_C028.jpg?_i=AB",Stella Voyager 2.0 in Desert Dust,10,,,,,,,,,,,,,,,,,,
image,MP-0048,,,,,,,,,,,,,,,,,,,,,,,,,,,,c018,,,,,"https://res.cloudinary.com/www-stanleystella-com/image/upload/c_lpad,w_1600,f_auto,q_auto/v1/TechnicalNames/SFM6_STJW191_C018.jpg?_i=AB",Stella Voyager 2.0 in Off White,11,,,,,,,,,,,,,,,,,,
image,MP-0048,,,,,,,,,,,,,,,,,,,,,,,,,,,,c253,,,,,"https://res.cloudinary.com/www-stanleystella-com/image/upload/c_lpad,w_1600,f_auto,q_auto/v1/TechnicalNames/SFC5_STJW191_C253.jpg?_i=AB",Stella Voyager 2.0 in Anthracite,12,,,,,,,,,,,,,,,,,,
decoration,MP-0048,,,,,,,,,,,,,,,,,,,,,,,,,,,,,,,,,,,,embroidery,front,160,160,6,Vector or DST,Default maximum for the category — confirm per product.,,,,,,,,,,,
decoration,MP-0048,,,,,,,,,,,,,,,,,,,,,,,,,,,,,,,,,,,,embroidery,back,200,200,6,Vector or DST,Default maximum for the category — confirm per product.,,,,,,,,,,,
decoration,MP-0048,,,,,,,,,,,,,,,,,,,,,,,,,,,,,,,,,,,,embroidery,left_chest,90,90,6,Vector or DST,Default maximum for the category — confirm per product.,,,,,,,,,,,
decoration,MP-0048,,,,,,,,,,,,,,,,,,,,,,,,,,,,,,,,,,,,screen,front,300,400,4,Vector,Default maximum for the category — confirm per product.,,,,,,,,,,,
decoration,MP-0048,,,,,,,,,,,,,,,,,,,,,,,,,,,,,,,,,,,,screen,back,320,420,4,Vector,Default maximum for the category — confirm per product.,,,,,,,,,,,
decoration,MP-0048,,,,,,,,,,,,,,,,,,,,,,,,,,,,,,,,,,,,screen,left_chest,100,100,4,Vector,Default maximum for the category — confirm per product.,,,,,,,,,,,
product,MP-0049,tracker,Tracker,Outerwear,published,25,EUR,,,,,,,3,5,c002|c072|c727,XXS|XS|S|M|L|XL|XXL|3XL,embroidery|screen,front|back|left_chest,yes,"Shell: Taslan, 100% Nylon - Recycled, Fluorine-free DWR","Shell: Taslan, 100% Nylon - Recycled, Fluorine-free DWR",115,,,,Stanley/Stella,STJU849,,,,,,,,,,,,,,,No supplier cost on file — quote on inquiry.,,,,,,,,,,,
variant,MP-0049,,,,published,,,,,,,,,,,,,,,,,,,,,,,,c002,MP0049-C002,0.00,,,,,,,,,,,,,,,,,,,,,,,
variant,MP-0049,,,,published,,,,,,,,,,,,,,,,,,,,,,,,c072,MP0049-C072,0.00,,,,,,,,,,,,,,,,,,,,,,,
variant,MP-0049,,,,published,,,,,,,,,,,,,,,,,,,,,,,,c727,MP0049-C727,0.00,,,,,,,,,,,,,,,,,,,,,,,
image,MP-0049,,,,,,,,,,,,,,,,,,,,,,,,,,,,,,,,,"https://res.cloudinary.com/www-stanleystella-com/image/upload/c_lpad,w_1600,f_auto,q_auto/v1/TechnicalNames/SFM0_STJU849_C072.jpg?_i=AB",Tracker in Olive Oil,1,,,,,,,,,,,,,,,,,,
decoration,MP-0049,,,,,,,,,,,,,,,,,,,,,,,,,,,,,,,,,,,,embroidery,front,160,160,6,Vector or DST,Default maximum for the category — confirm per product.,,,,,,,,,,,
decoration,MP-0049,,,,,,,,,,,,,,,,,,,,,,,,,,,,,,,,,,,,embroidery,back,200,200,6,Vector or DST,Default maximum for the category — confirm per product.,,,,,,,,,,,
decoration,MP-0049,,,,,,,,,,,,,,,,,,,,,,,,,,,,,,,,,,,,embroidery,left_chest,90,90,6,Vector or DST,Default maximum for the category — confirm per product.,,,,,,,,,,,
decoration,MP-0049,,,,,,,,,,,,,,,,,,,,,,,,,,,,,,,,,,,,screen,front,300,400,4,Vector,Default maximum for the category — confirm per product.,,,,,,,,,,,
decoration,MP-0049,,,,,,,,,,,,,,,,,,,,,,,,,,,,,,,,,,,,screen,back,320,420,4,Vector,Default maximum for the category — confirm per product.,,,,,,,,,,,
decoration,MP-0049,,,,,,,,,,,,,,,,,,,,,,,,,,,,,,,,,,,,screen,left_chest,100,100,4,Vector,Default maximum for the category — confirm per product.,,,,,,,,,,,
product,MP-0050,trekker,Trekker,Outerwear,published,25,EUR,68.82,65.66,62.63,60.22,59.07,34.85,3,5,c002|c727|c028,XXS|XS|S|M|L|XL|XXL|3XL,embroidery|screen,front|back|left_chest,yes,"Shell: Polar Fleece, 100% Polyester - Recycled, Anti piling, Brushed","Shell: Polar Fleece, 100% Polyester - Recycled, Anti piling, Brushed",300,,,,Stanley/Stella,STJU242,,,,,,,,,,,,,,,cost 34.85; worst-case decoration 5.86 at 100; market blank 42.78; ours 1.46x market,,,,,,,,,,,
variant,MP-0050,,,,published,,,,,,,,,,,,,,,,,,,,,,,,c002,MP0050-C002,0.00,,,,,,,,,,,,,,,,,,,,,,,
variant,MP-0050,,,,published,,,,,,,,,,,,,,,,,,,,,,,,c727,MP0050-C727,0.00,,,,,,,,,,,,,,,,,,,,,,,
variant,MP-0050,,,,published,,,,,,,,,,,,,,,,,,,,,,,,c028,MP0050-C028,0.00,,,,,,,,,,,,,,,,,,,,,,,
image,MP-0050,,,,,,,,,,,,,,,,,,,,,,,,,,,,,,,,,"https://res.cloudinary.com/www-stanleystella-com/image/upload/c_lpad,w_1600,f_auto,q_auto/v1/TechnicalNames/SBM0_STJU242_C002.jpg?_i=AB",Trekker in Black,1,,,,,,,,,,,,,,,,,,
image,MP-0050,,,,,,,,,,,,,,,,,,,,,,,,,,,,c727,,,,,"https://res.cloudinary.com/www-stanleystella-com/image/upload/c_lpad,w_1600,f_auto,q_auto/v1/TechnicalNames/SFM0_STJU242_C727.jpg?_i=AB",Trekker in French Navy,2,,,,,,,,,,,,,,,,,,
image,MP-0050,,,,,,,,,,,,,,,,,,,,,,,,,,,,c028,,,,,"https://res.cloudinary.com/www-stanleystella-com/image/upload/c_lpad,w_1600,f_auto,q_auto/v1/TechnicalNames/DFM0_STJU242_C028.jpg?_i=AB",Trekker in Desert Dust,3,,,,,,,,,,,,,,,,,,
decoration,MP-0050,,,,,,,,,,,,,,,,,,,,,,,,,,,,,,,,,,,,embroidery,front,160,160,6,Vector or DST,Default maximum for the category — confirm per product.,,,,,,,,,,,
decoration,MP-0050,,,,,,,,,,,,,,,,,,,,,,,,,,,,,,,,,,,,embroidery,back,200,200,6,Vector or DST,Default maximum for the category — confirm per product.,,,,,,,,,,,
decoration,MP-0050,,,,,,,,,,,,,,,,,,,,,,,,,,,,,,,,,,,,embroidery,left_chest,90,90,6,Vector or DST,Default maximum for the category — confirm per product.,,,,,,,,,,,
decoration,MP-0050,,,,,,,,,,,,,,,,,,,,,,,,,,,,,,,,,,,,screen,front,300,400,4,Vector,Default maximum for the category — confirm per product.,,,,,,,,,,,
decoration,MP-0050,,,,,,,,,,,,,,,,,,,,,,,,,,,,,,,,,,,,screen,back,320,420,4,Vector,Default maximum for the category — confirm per product.,,,,,,,,,,,
decoration,MP-0050,,,,,,,,,,,,,,,,,,,,,,,,,,,,,,,,,,,,screen,left_chest,100,100,4,Vector,Default maximum for the category — confirm per product.,,,,,,,,,,,
product,MP-0051,baby-tumbler,Baby Tumbler,Pants & shorts,published,25,EUR,33.21,30.05,27.02,24.60,23.46,11.70,3,5,c727|c250|c054|c101|c078|c147,6-12 m/68-80cm|12-18 m/80-86cm|18-24 m/86-92cm|24-36 m/92-98cm,embroidery,left_chest|pocket,yes,"Shell: French Terry, 85% Cotton - Organic Ring Spun Combed,15% Polyester - Recycled, Fabric washed, Light sueded","Shell: French Terry, 85% Cotton - Organic Ring Spun Combed,15% Polyester - Recycled, Fabric washed, Light sueded",280,,,,Stanley/Stella,STBB187,,,,,,,,,,,,,,,cost 11.70; worst-case decoration 5.86 at 100; market blank 12.14; ours 2.23x market,,,,,,,,,,,
variant,MP-0051,,,,published,,,,,,,,,,,,,,,,,,,,,,,,c727,MP0051-C727,0.00,,,,,,,,,,,,,,,,,,,,,,,
variant,MP-0051,,,,published,,,,,,,,,,,,,,,,,,,,,,,,c250,MP0051-C250,0.00,,,,,,,,,,,,,,,,,,,,,,,
variant,MP-0051,,,,published,,,,,,,,,,,,,,,,,,,,,,,,c054,MP0051-C054,0.00,,,,,,,,,,,,,,,,,,,,,,,
variant,MP-0051,,,,published,,,,,,,,,,,,,,,,,,,,,,,,c101,MP0051-C101,0.00,,,,,,,,,,,,,,,,,,,,,,,
variant,MP-0051,,,,published,,,,,,,,,,,,,,,,,,,,,,,,c078,MP0051-C078,0.00,,,,,,,,,,,,,,,,,,,,,,,
variant,MP-0051,,,,published,,,,,,,,,,,,,,,,,,,,,,,,c147,MP0051-C147,0.00,,,,,,,,,,,,,,,,,,,,,,,
image,MP-0051,,,,,,,,,,,,,,,,,,,,,,,,,,,,,,,,,"https://res.cloudinary.com/www-stanleystella-com/image/upload/c_lpad,w_1600,f_auto,q_auto/v1/TechnicalNames/PFD0_STBB187_C727.jpg?_i=AB",Baby Tumbler in French Navy,1,,,,,,,,,,,,,,,,,,
image,MP-0051,,,,,,,,,,,,,,,,,,,,,,,,,,,,c250,,,,,"https://res.cloudinary.com/www-stanleystella-com/image/upload/c_lpad,w_1600,f_auto,q_auto/v1/TechnicalNames/PFD0_STBB187_C250.jpg?_i=AB",Baby Tumbler in Heather Grey,2,,,,,,,,,,,,,,,,,,
image,MP-0051,,,,,,,,,,,,,,,,,,,,,,,,,,,,c054,,,,,"https://res.cloudinary.com/www-stanleystella-com/image/upload/c_lpad,w_1600,f_auto,q_auto/v1/TechnicalNames/PFD0_STBB187_C054.jpg?_i=AB",Baby Tumbler in Natural Raw,3,,,,,,,,,,,,,,,,,,
image,MP-0051,,,,,,,,,,,,,,,,,,,,,,,,,,,,c101,,,,,"https://res.cloudinary.com/www-stanleystella-com/image/upload/c_lpad,w_1600,f_auto,q_auto/v1/TechnicalNames/PFD0_STBB187_C101.jpg?_i=AB",Baby Tumbler in Fraiche Peche,4,,,,,,,,,,,,,,,,,,
image,MP-0051,,,,,,,,,,,,,,,,,,,,,,,,,,,,c078,,,,,"https://res.cloudinary.com/www-stanleystella-com/image/upload/c_lpad,w_1600,f_auto,q_auto/v1/TechnicalNames/PFD0_STBB187_C078.jpg?_i=AB",Baby Tumbler in Butter,5,,,,,,,,,,,,,,,,,,
image,MP-0051,,,,,,,,,,,,,,,,,,,,,,,,,,,,c147,,,,,"https://res.cloudinary.com/www-stanleystella-com/image/upload/c_lpad,w_1600,f_auto,q_auto/v1/TechnicalNames/SFM0_STBB187_C147.jpg?_i=AB",Baby Tumbler in Eco-Heather,6,,,,,,,,,,,,,,,,,,
decoration,MP-0051,,,,,,,,,,,,,,,,,,,,,,,,,,,,,,,,,,,,embroidery,left_chest,90,90,6,Vector or DST,Default maximum for the category — confirm per product.,,,,,,,,,,,
decoration,MP-0051,,,,,,,,,,,,,,,,,,,,,,,,,,,,,,,,,,,,embroidery,pocket,80,80,6,Vector or DST,Default maximum for the category — confirm per product.,,,,,,,,,,,
product,MP-0052,barreler,Barreler,Pants & shorts,published,25,EUR,,,,,,,3,5,c002|c138,XS|S|M|L|XL|XXL|3XL,embroidery,left_chest|pocket,yes,"Shell: Brushed, 50% Cotton - Recycled Ring Spun Carded,50% Cotton - Organic Ring Spun Carded, Fabric washed","Shell: Brushed, 50% Cotton - Recycled Ring Spun Carded,50% Cotton - Organic Ring Spun Carded, Fabric washed",400,,,,Stanley/Stella,STBU276,,,,,,,,,,,,,,,No supplier cost on file — quote on inquiry.,,,,,,,,,,,
variant,MP-0052,,,,published,,,,,,,,,,,,,,,,,,,,,,,,c002,MP0052-C002,0.00,,,,,,,,,,,,,,,,,,,,,,,
variant,MP-0052,,,,published,,,,,,,,,,,,,,,,,,,,,,,,c138,MP0052-C138,0.00,,,,,,,,,,,,,,,,,,,,,,,
image,MP-0052,,,,,,,,,,,,,,,,,,,,,,,,,,,,,,,,,"https://res.cloudinary.com/www-stanleystella-com/image/upload/c_lpad,w_1600,f_auto,q_auto/v1/TechnicalNames/SBM5_STBU276_C002.jpg?_i=AB",Barreler in Black,1,,,,,,,,,,,,,,,,,,
image,MP-0052,,,,,,,,,,,,,,,,,,,,,,,,,,,,c138,,,,,"https://res.cloudinary.com/www-stanleystella-com/image/upload/c_lpad,w_1600,f_auto,q_auto/v1/TechnicalNames/DFM0_STBU276_C138.jpg?_i=AB",Barreler in Misty Grey,2,,,,,,,,,,,,,,,,,,
decoration,MP-0052,,,,,,,,,,,,,,,,,,,,,,,,,,,,,,,,,,,,embroidery,left_chest,90,90,6,Vector or DST,Default maximum for the category — confirm per product.,,,,,,,,,,,
decoration,MP-0052,,,,,,,,,,,,,,,,,,,,,,,,,,,,,,,,,,,,embroidery,pocket,80,80,6,Vector or DST,Default maximum for the category — confirm per product.,,,,,,,,,,,
product,MP-0053,boarder-dry,Boarder Dry,Pants & shorts,published,25,EUR,47.29,44.13,41.10,38.68,37.53,20.85,3,5,c002|c727|c250|c088|c028,XXS|XS|S|M|L|XL|XXL|3XL,embroidery,left_chest|pocket,yes,"Shell: French Terry, 100% Cotton - Organic Ring Spun Carded, Dry Handfeel","Shell: French Terry, 100% Cotton - Organic Ring Spun Carded, Dry Handfeel",400,,,,Stanley/Stella,STBU944,,,,,,,,,,,,,,,cost 20.85; worst-case decoration 5.86 at 100; market blank 24.27; ours 1.69x market,,,,,,,,,,,
variant,MP-0053,,,,published,,,,,,,,,,,,,,,,,,,,,,,,c002,MP0053-C002,0.00,,,,,,,,,,,,,,,,,,,,,,,
variant,MP-0053,,,,published,,,,,,,,,,,,,,,,,,,,,,,,c727,MP0053-C727,0.00,,,,,,,,,,,,,,,,,,,,,,,
variant,MP-0053,,,,published,,,,,,,,,,,,,,,,,,,,,,,,c250,MP0053-C250,0.00,,,,,,,,,,,,,,,,,,,,,,,
variant,MP-0053,,,,published,,,,,,,,,,,,,,,,,,,,,,,,c088,MP0053-C088,0.00,,,,,,,,,,,,,,,,,,,,,,,
variant,MP-0053,,,,published,,,,,,,,,,,,,,,,,,,,,,,,c028,MP0053-C028,0.00,,,,,,,,,,,,,,,,,,,,,,,
image,MP-0053,,,,,,,,,,,,,,,,,,,,,,,,,,,,,,,,,"https://res.cloudinary.com/www-stanleystella-com/image/upload/c_lpad,w_1600,f_auto,q_auto/v1/TechnicalNames/PBM0_STBU944_C002.jpg?_i=AB",Boarder Dry in Black,1,,,,,,,,,,,,,,,,,,
image,MP-0053,,,,,,,,,,,,,,,,,,,,,,,,,,,,c727,,,,,"https://res.cloudinary.com/www-stanleystella-com/image/upload/c_lpad,w_1600,f_auto,q_auto/v1/TechnicalNames/PBM0_STBU944_C727.jpg?_i=AB",Boarder Dry in French Navy,2,,,,,,,,,,,,,,,,,,
image,MP-0053,,,,,,,,,,,,,,,,,,,,,,,,,,,,c250,,,,,"https://res.cloudinary.com/www-stanleystella-com/image/upload/c_lpad,w_1600,f_auto,q_auto/v1/TechnicalNames/PBM0_STBU944_C250.jpg?_i=AB",Boarder Dry in Heather Grey,3,,,,,,,,,,,,,,,,,,
image,MP-0053,,,,,,,,,,,,,,,,,,,,,,,,,,,,c088,,,,,"https://res.cloudinary.com/www-stanleystella-com/image/upload/c_lpad,w_1600,f_auto,q_auto/v1/TechnicalNames/SFM0_STBU944_C088.jpg?_i=AB",Boarder Dry in Worker Blue,4,,,,,,,,,,,,,,,,,,
image,MP-0053,,,,,,,,,,,,,,,,,,,,,,,,,,,,c028,,,,,"https://res.cloudinary.com/www-stanleystella-com/image/upload/c_lpad,w_1600,f_auto,q_auto/v1/TechnicalNames/DFM0_STBU944_C028.jpg?_i=AB",Boarder Dry in Desert Dust,5,,,,,,,,,,,,,,,,,,
decoration,MP-0053,,,,,,,,,,,,,,,,,,,,,,,,,,,,,,,,,,,,embroidery,left_chest,90,90,6,Vector or DST,Default maximum for the category — confirm per product.,,,,,,,,,,,
decoration,MP-0053,,,,,,,,,,,,,,,,,,,,,,,,,,,,,,,,,,,,embroidery,pocket,80,80,6,Vector or DST,Default maximum for the category — confirm per product.,,,,,,,,,,,
product,MP-0054,jammer-dry,Jammer Dry,Pants & shorts,published,25,EUR,62.75,59.59,56.56,54.14,52.99,30.90,3,5,c002|c727|c250|c028,XXS|XS|S|M|L|XL|XXL|3XL,embroidery,left_chest|pocket,yes,"Shell: French Terry, 100% Cotton - Organic Ring Spun Carded, Dry Handfeel","Shell: French Terry, 100% Cotton - Organic Ring Spun Carded, Dry Handfeel",400,,,,Stanley/Stella,STBU157,,,,,,,,,,,,,,,cost 30.90; worst-case decoration 5.86 at 100; market blank 35.74; ours 1.58x market,,,,,,,,,,,
variant,MP-0054,,,,published,,,,,,,,,,,,,,,,,,,,,,,,c002,MP0054-C002,0.00,,,,,,,,,,,,,,,,,,,,,,,
variant,MP-0054,,,,published,,,,,,,,,,,,,,,,,,,,,,,,c727,MP0054-C727,0.00,,,,,,,,,,,,,,,,,,,,,,,
variant,MP-0054,,,,published,,,,,,,,,,,,,,,,,,,,,,,,c250,MP0054-C250,0.00,,,,,,,,,,,,,,,,,,,,,,,
variant,MP-0054,,,,published,,,,,,,,,,,,,,,,,,,,,,,,c028,MP0054-C028,0.00,,,,,,,,,,,,,,,,,,,,,,,
image,MP-0054,,,,,,,,,,,,,,,,,,,,,,,,,,,,,,,,,"https://res.cloudinary.com/www-stanleystella-com/image/upload/c_lpad,w_1600,f_auto,q_auto/v1/TechnicalNames/DFM0_STBU157_C002.jpg?_i=AB",Jammer Dry in Black,1,,,,,,,,,,,,,,,,,,
image,MP-0054,,,,,,,,,,,,,,,,,,,,,,,,,,,,c727,,,,,"https://res.cloudinary.com/www-stanleystella-com/image/upload/c_lpad,w_1600,f_auto,q_auto/v1/TechnicalNames/PBM0_STBU157_C727.jpg?_i=AB",Jammer Dry in French Navy,2,,,,,,,,,,,,,,,,,,
image,MP-0054,,,,,,,,,,,,,,,,,,,,,,,,,,,,c250,,,,,"https://res.cloudinary.com/www-stanleystella-com/image/upload/c_lpad,w_1600,f_auto,q_auto/v1/TechnicalNames/SFM0_STBU157_C250.jpg?_i=AB",Jammer Dry in Heather Grey,3,,,,,,,,,,,,,,,,,,
image,MP-0054,,,,,,,,,,,,,,,,,,,,,,,,,,,,c028,,,,,"https://res.cloudinary.com/www-stanleystella-com/image/upload/c_lpad,w_1600,f_auto,q_auto/v1/TechnicalNames/PBM0_STBU157_C028.jpg?_i=AB",Jammer Dry in Desert Dust,4,,,,,,,,,,,,,,,,,,
decoration,MP-0054,,,,,,,,,,,,,,,,,,,,,,,,,,,,,,,,,,,,embroidery,left_chest,90,90,6,Vector or DST,Default maximum for the category — confirm per product.,,,,,,,,,,,
decoration,MP-0054,,,,,,,,,,,,,,,,,,,,,,,,,,,,,,,,,,,,embroidery,pocket,80,80,6,Vector or DST,Default maximum for the category — confirm per product.,,,,,,,,,,,
product,MP-0055,mini-bolter,Mini Bolter,Pants & shorts,published,25,EUR,35.29,32.13,29.10,26.68,25.53,13.05,3,5,c002|c727|c250|c054|c004,3-4/98-104cm|5-6/110-116cm|7-8/122-128cm|9-11/134-146cm|12-13/152-158cm,embroidery,left_chest|pocket,yes,"Shell: French Terry, 85% Cotton - Organic Ring Spun Combed,15% Polyester - Recycled, Fabric washed, Light sueded","Shell: French Terry, 85% Cotton - Organic Ring Spun Combed,15% Polyester - Recycled, Fabric washed, Light sueded",280,,,,Stanley/Stella,STBK102,,,,,,,,,,,,,,,cost 13.05; worst-case decoration 5.86 at 100; market blank 14.65; ours 1.99x market,,,,,,,,,,,
variant,MP-0055,,,,published,,,,,,,,,,,,,,,,,,,,,,,,c002,MP0055-C002,0.00,,,,,,,,,,,,,,,,,,,,,,,
variant,MP-0055,,,,published,,,,,,,,,,,,,,,,,,,,,,,,c727,MP0055-C727,0.00,,,,,,,,,,,,,,,,,,,,,,,
variant,MP-0055,,,,published,,,,,,,,,,,,,,,,,,,,,,,,c250,MP0055-C250,0.00,,,,,,,,,,,,,,,,,,,,,,,
variant,MP-0055,,,,published,,,,,,,,,,,,,,,,,,,,,,,,c054,MP0055-C054,0.00,,,,,,,,,,,,,,,,,,,,,,,
variant,MP-0055,,,,published,,,,,,,,,,,,,,,,,,,,,,,,c004,MP0055-C004,0.00,,,,,,,,,,,,,,,,,,,,,,,
image,MP-0055,,,,,,,,,,,,,,,,,,,,,,,,,,,,,,,,,"https://res.cloudinary.com/www-stanleystella-com/image/upload/c_lpad,w_1600,f_auto,q_auto/v1/TechnicalNames/SFM5_STBK102_C002.jpg?_i=AB",Mini Bolter in Black,1,,,,,,,,,,,,,,,,,,
image,MP-0055,,,,,,,,,,,,,,,,,,,,,,,,,,,,c727,,,,,"https://res.cloudinary.com/www-stanleystella-com/image/upload/c_lpad,w_1600,f_auto,q_auto/v1/TechnicalNames/SFM5_STBK102_C727.jpg?_i=AB",Mini Bolter in French Navy,2,,,,,,,,,,,,,,,,,,
image,MP-0055,,,,,,,,,,,,,,,,,,,,,,,,,,,,c250,,,,,"https://res.cloudinary.com/www-stanleystella-com/image/upload/c_lpad,w_1600,f_auto,q_auto/v1/TechnicalNames/SFM5_STBK102_C250.jpg?_i=AB",Mini Bolter in Heather Grey,3,,,,,,,,,,,,,,,,,,
image,MP-0055,,,,,,,,,,,,,,,,,,,,,,,,,,,,c054,,,,,"https://res.cloudinary.com/www-stanleystella-com/image/upload/c_lpad,w_1600,f_auto,q_auto/v1/TechnicalNames/SFM5_STBK102_C054.jpg?_i=AB",Mini Bolter in Natural Raw,4,,,,,,,,,,,,,,,,,,
image,MP-0055,,,,,,,,,,,,,,,,,,,,,,,,,,,,c004,,,,,"https://res.cloudinary.com/www-stanleystella-com/image/upload/c_lpad,w_1600,f_auto,q_auto/v1/TechnicalNames/SFM5_STBK102_C004.jpg?_i=AB",Mini Bolter in Red,5,,,,,,,,,,,,,,,,,,
decoration,MP-0055,,,,,,,,,,,,,,,,,,,,,,,,,,,,,,,,,,,,embroidery,left_chest,90,90,6,Vector or DST,Default maximum for the category — confirm per product.,,,,,,,,,,,
decoration,MP-0055,,,,,,,,,,,,,,,,,,,,,,,,,,,,,,,,,,,,embroidery,pocket,80,80,6,Vector or DST,Default maximum for the category — confirm per product.,,,,,,,,,,,
product,MP-0056,mini-mover-2-0,Mini Mover 2.0,Pants & shorts,published,25,EUR,40.59,37.43,34.40,31.99,30.84,16.50,3,5,c002|c727|c250|c060,3-4/98-104cm|5-6/110-116cm|7-8/122-128cm|9-11/134-146cm|12-13/152-158cm,embroidery,left_chest|pocket,yes,"Shell: Brushed, 100% Cotton - Organic Ring Spun Combed, Panel washed","Shell: Brushed, 100% Cotton - Organic Ring Spun Combed, Panel washed",300,,,,Stanley/Stella,STSK183,,,,,,,,,,,,,,,cost 16.50; worst-case decoration 5.86 at 100; market blank 18.14; ours 1.90x market,,,,,,,,,,,
variant,MP-0056,,,,published,,,,,,,,,,,,,,,,,,,,,,,,c002,MP0056-C002,0.00,,,,,,,,,,,,,,,,,,,,,,,
variant,MP-0056,,,,published,,,,,,,,,,,,,,,,,,,,,,,,c727,MP0056-C727,0.00,,,,,,,,,,,,,,,,,,,,,,,
variant,MP-0056,,,,published,,,,,,,,,,,,,,,,,,,,,,,,c250,MP0056-C250,0.00,,,,,,,,,,,,,,,,,,,,,,,
variant,MP-0056,,,,published,,,,,,,,,,,,,,,,,,,,,,,,c060,MP0056-C060,0.00,,,,,,,,,,,,,,,,,,,,,,,
image,MP-0056,,,,,,,,,,,,,,,,,,,,,,,,,,,,,,,,,"https://res.cloudinary.com/www-stanleystella-com/image/upload/c_lpad,w_1600,f_auto,q_auto/v1/TechnicalNames/PFD0_STSK183_C002.jpg?_i=AB",Mini Mover 2.0 in Black,1,,,,,,,,,,,,,,,,,,
image,MP-0056,,,,,,,,,,,,,,,,,,,,,,,,,,,,c727,,,,,"https://res.cloudinary.com/www-stanleystella-com/image/upload/c_lpad,w_1600,f_auto,q_auto/v1/TechnicalNames/PFD0_STSK183_C727.jpg?_i=AB",Mini Mover 2.0 in French Navy,2,,,,,,,,,,,,,,,,,,
image,MP-0056,,,,,,,,,,,,,,,,,,,,,,,,,,,,c250,,,,,"https://res.cloudinary.com/www-stanleystella-com/image/upload/c_lpad,w_1600,f_auto,q_auto/v1/TechnicalNames/PFD0_STSK183_C250.jpg?_i=AB",Mini Mover 2.0 in Heather Grey,3,,,,,,,,,,,,,,,,,,
image,MP-0056,,,,,,,,,,,,,,,,,,,,,,,,,,,,c060,,,,,"https://res.cloudinary.com/www-stanleystella-com/image/upload/c_lpad,w_1600,f_auto,q_auto/v1/TechnicalNames/DFM0_STSK183_C060.jpg?_i=AB",Mini Mover 2.0 in Teal Monstera,4,,,,,,,,,,,,,,,,,,
decoration,MP-0056,,,,,,,,,,,,,,,,,,,,,,,,,,,,,,,,,,,,embroidery,left_chest,90,90,6,Vector or DST,Default maximum for the category — confirm per product.,,,,,,,,,,,
decoration,MP-0056,,,,,,,,,,,,,,,,,,,,,,,,,,,,,,,,,,,,embroidery,pocket,80,80,6,Vector or DST,Default maximum for the category — confirm per product.,,,,,,,,,,,
product,MP-0057,mover-2-0,Mover 2.0,Pants & shorts,published,25,EUR,51.76,48.60,45.57,43.16,42.01,23.76,3,5,c002|c727|c250|c054|c702|c223|c112|c146,XXS|XS|S|M|L|XL|XXL|3XL,embroidery,left_chest|pocket,yes,"Shell: Brushed, 100% Cotton - Organic Ring Spun Combed, Fabric washed","Shell: Brushed, 100% Cotton - Organic Ring Spun Combed, Fabric washed",350,,,,Stanley/Stella,STBU185,,,,,,,,,,,,,,,cost 23.76; worst-case decoration 5.86 at 100; market blank 26.73; ours 1.70x market,,,,,,,,,,,
variant,MP-0057,,,,published,,,,,,,,,,,,,,,,,,,,,,,,c002,MP0057-C002,0.00,,,,,,,,,,,,,,,,,,,,,,,
variant,MP-0057,,,,published,,,,,,,,,,,,,,,,,,,,,,,,c727,MP0057-C727,0.00,,,,,,,,,,,,,,,,,,,,,,,
variant,MP-0057,,,,published,,,,,,,,,,,,,,,,,,,,,,,,c250,MP0057-C250,0.00,,,,,,,,,,,,,,,,,,,,,,,
variant,MP-0057,,,,published,,,,,,,,,,,,,,,,,,,,,,,,c054,MP0057-C054,0.00,,,,,,,,,,,,,,,,,,,,,,,
variant,MP-0057,,,,published,,,,,,,,,,,,,,,,,,,,,,,,c702,MP0057-C702,0.00,,,,,,,,,,,,,,,,,,,,,,,
variant,MP-0057,,,,published,,,,,,,,,,,,,,,,,,,,,,,,c223,MP0057-C223,0.00,,,,,,,,,,,,,,,,,,,,,,,
variant,MP-0057,,,,published,,,,,,,,,,,,,,,,,,,,,,,,c112,MP0057-C112,0.00,,,,,,,,,,,,,,,,,,,,,,,
variant,MP-0057,,,,published,,,,,,,,,,,,,,,,,,,,,,,,c146,MP0057-C146,0.00,,,,,,,,,,,,,,,,,,,,,,,
image,MP-0057,,,,,,,,,,,,,,,,,,,,,,,,,,,,,,,,,"https://res.cloudinary.com/www-stanleystella-com/image/upload/c_lpad,w_1600,f_auto,q_auto/v1/TechnicalNames/PFD0_STBU185_C002.jpg?_i=AB",Mover 2.0 in Black,1,,,,,,,,,,,,,,,,,,
image,MP-0057,,,,,,,,,,,,,,,,,,,,,,,,,,,,c727,,,,,"https://res.cloudinary.com/www-stanleystella-com/image/upload/c_lpad,w_1600,f_auto,q_auto/v1/TechnicalNames/PFD0_STBU185_C727.jpg?_i=AB",Mover 2.0 in French Navy,2,,,,,,,,,,,,,,,,,,
image,MP-0057,,,,,,,,,,,,,,,,,,,,,,,,,,,,c250,,,,,"https://res.cloudinary.com/www-stanleystella-com/image/upload/c_lpad,w_1600,f_auto,q_auto/v1/TechnicalNames/PFD0_STBU185_C250.jpg?_i=AB",Mover 2.0 in Heather Grey,3,,,,,,,,,,,,,,,,,,
image,MP-0057,,,,,,,,,,,,,,,,,,,,,,,,,,,,c054,,,,,"https://res.cloudinary.com/www-stanleystella-com/image/upload/c_lpad,w_1600,f_auto,q_auto/v1/TechnicalNames/SFM2_STBU185_C054.jpg?_i=AB",Mover 2.0 in Natural Raw,4,,,,,,,,,,,,,,,,,,
image,MP-0057,,,,,,,,,,,,,,,,,,,,,,,,,,,,c702,,,,,"https://res.cloudinary.com/www-stanleystella-com/image/upload/c_lpad,w_1600,f_auto,q_auto/v1/TechnicalNames/PFD0_STBU185_C702.jpg?_i=AB",Mover 2.0 in Stargazer,5,,,,,,,,,,,,,,,,,,
image,MP-0057,,,,,,,,,,,,,,,,,,,,,,,,,,,,c223,,,,,"https://res.cloudinary.com/www-stanleystella-com/image/upload/c_lpad,w_1600,f_auto,q_auto/v1/TechnicalNames/DFM0_STBU185_C223.jpg?_i=AB",Mover 2.0 in Khaki,6,,,,,,,,,,,,,,,,,,
image,MP-0057,,,,,,,,,,,,,,,,,,,,,,,,,,,,c112,,,,,"https://res.cloudinary.com/www-stanleystella-com/image/upload/c_lpad,w_1600,f_auto,q_auto/v1/TechnicalNames/PFD0_STBU185_C112.jpg?_i=AB",Mover 2.0 in Latte,7,,,,,,,,,,,,,,,,,,
image,MP-0057,,,,,,,,,,,,,,,,,,,,,,,,,,,,c146,,,,,"https://res.cloudinary.com/www-stanleystella-com/image/upload/c_lpad,w_1600,f_auto,q_auto/v1/TechnicalNames/PFD0_STBU185_C146.jpg?_i=AB",Mover 2.0 in Cool Heather Grey,8,,,,,,,,,,,,,,,,,,
decoration,MP-0057,,,,,,,,,,,,,,,,,,,,,,,,,,,,,,,,,,,,embroidery,left_chest,90,90,6,Vector or DST,Default maximum for the category — confirm per product.,,,,,,,,,,,
decoration,MP-0057,,,,,,,,,,,,,,,,,,,,,,,,,,,,,,,,,,,,embroidery,pocket,80,80,6,Vector or DST,Default maximum for the category — confirm per product.,,,,,,,,,,,
product,MP-0058,mover-vintage,Mover Vintage,Pants & shorts,published,25,EUR,57.44,54.28,51.25,48.83,47.69,27.45,3,5,c102|c109|c140,XXS|XS|S|M|L|XL|XXL|3XL,embroidery,left_chest|pocket,yes,"Shell: French Terry, 100% Cotton - Organic Ring Spun Combed, Garment washed, Garment dyed","Shell: French Terry, 100% Cotton - Organic Ring Spun Combed, Garment washed, Garment dyed",300,,,,Stanley/Stella,STBU576,,,,,,,,,,,,,,,cost 27.45; worst-case decoration 5.86 at 100; market blank 33.70; ours 1.52x market,,,,,,,,,,,
variant,MP-0058,,,,published,,,,,,,,,,,,,,,,,,,,,,,,c102,MP0058-C102,0.00,,,,,,,,,,,,,,,,,,,,,,,
variant,MP-0058,,,,published,,,,,,,,,,,,,,,,,,,,,,,,c109,MP0058-C109,0.00,,,,,,,,,,,,,,,,,,,,,,,
variant,MP-0058,,,,published,,,,,,,,,,,,,,,,,,,,,,,,c140,MP0058-C140,0.00,,,,,,,,,,,,,,,,,,,,,,,
image,MP-0058,,,,,,,,,,,,,,,,,,,,,,,,,,,,,,,,,"https://res.cloudinary.com/www-stanleystella-com/image/upload/c_lpad,w_1600,f_auto,q_auto/v1/TechnicalNames/PFD1_STBU576_C102.jpg?_i=AB",Mover Vintage in G. Dyed Hydro,1,,,,,,,,,,,,,,,,,,
image,MP-0058,,,,,,,,,,,,,,,,,,,,,,,,,,,,c109,,,,,"https://res.cloudinary.com/www-stanleystella-com/image/upload/c_lpad,w_1600,f_auto,q_auto/v1/TechnicalNames/DFM0_STBU576_C109.jpg?_i=AB",Mover Vintage in G. Dyed Khaki,2,,,,,,,,,,,,,,,,,,
image,MP-0058,,,,,,,,,,,,,,,,,,,,,,,,,,,,c140,,,,,"https://res.cloudinary.com/www-stanleystella-com/image/upload/c_lpad,w_1600,f_auto,q_auto/v1/TechnicalNames/PFD1_STBU576_C140.jpg?_i=AB",Mover Vintage in G. Dyed Black Rock,3,,,,,,,,,,,,,,,,,,
decoration,MP-0058,,,,,,,,,,,,,,,,,,,,,,,,,,,,,,,,,,,,embroidery,left_chest,90,90,6,Vector or DST,Default maximum for the category — confirm per product.,,,,,,,,,,,
decoration,MP-0058,,,,,,,,,,,,,,,,,,,,,,,,,,,,,,,,,,,,embroidery,pocket,80,80,6,Vector or DST,Default maximum for the category — confirm per product.,,,,,,,,,,,
product,MP-0059,needer,Needer,Pants & shorts,published,25,EUR,44.36,41.20,38.17,35.76,34.61,18.95,3,5,c002|c727|c250,XXS|XS|S|M|L|XL|XXL|3XL,embroidery,left_chest|pocket,yes,"Shell: Brushed, 85% Cotton - Organic Ring Spun Combed,15% Polyester - Recycled, Fabric washed","Shell: Brushed, 85% Cotton - Organic Ring Spun Combed,15% Polyester - Recycled, Fabric washed",280,,,,Stanley/Stella,STBU274,,,,,,,,,,,,,,,cost 18.95; worst-case decoration 5.86 at 100; market blank 22.62; ours 1.69x market,,,,,,,,,,,
variant,MP-0059,,,,published,,,,,,,,,,,,,,,,,,,,,,,,c002,MP0059-C002,0.00,,,,,,,,,,,,,,,,,,,,,,,
variant,MP-0059,,,,published,,,,,,,,,,,,,,,,,,,,,,,,c727,MP0059-C727,0.00,,,,,,,,,,,,,,,,,,,,,,,
variant,MP-0059,,,,published,,,,,,,,,,,,,,,,,,,,,,,,c250,MP0059-C250,0.00,,,,,,,,,,,,,,,,,,,,,,,
image,MP-0059,,,,,,,,,,,,,,,,,,,,,,,,,,,,,,,,,"https://res.cloudinary.com/www-stanleystella-com/image/upload/c_lpad,w_1600,f_auto,q_auto/v1/TechnicalNames/PBM0_STBU274_C002.jpg?_i=AB",Needer in Black,1,,,,,,,,,,,,,,,,,,
image,MP-0059,,,,,,,,,,,,,,,,,,,,,,,,,,,,c727,,,,,"https://res.cloudinary.com/www-stanleystella-com/image/upload/c_lpad,w_1600,f_auto,q_auto/v1/TechnicalNames/DFM0_STBU274_C727.jpg?_i=AB",Needer in French Navy,2,,,,,,,,,,,,,,,,,,
image,MP-0059,,,,,,,,,,,,,,,,,,,,,,,,,,,,c250,,,,,"https://res.cloudinary.com/www-stanleystella-com/image/upload/c_lpad,w_1600,f_auto,q_auto/v1/TechnicalNames/PBM0_STBU274_C250.jpg?_i=AB",Needer in Heather Grey,3,,,,,,,,,,,,,,,,,,
decoration,MP-0059,,,,,,,,,,,,,,,,,,,,,,,,,,,,,,,,,,,,embroidery,left_chest,90,90,6,Vector or DST,Default maximum for the category — confirm per product.,,,,,,,,,,,
decoration,MP-0059,,,,,,,,,,,,,,,,,,,,,,,,,,,,,,,,,,,,embroidery,pocket,80,80,6,Vector or DST,Default maximum for the category — confirm per product.,,,,,,,,,,,
product,MP-0060,trainer-2-0,Trainer 2.0,Pants & shorts,published,25,EUR,41.82,38.66,35.63,33.22,32.07,17.30,3,5,c002|c727|c250|c054|c004|c060,XXS|XS|S|M|L|XL|XXL|3XL,embroidery,left_chest|pocket,yes,"Shell: French Terry, 85% Cotton - Organic Ring Spun Combed,15% Polyester - Recycled, Fabric washed","Shell: French Terry, 85% Cotton - Organic Ring Spun Combed,15% Polyester - Recycled, Fabric washed",300,,,,Stanley/Stella,STBU186,,,,,,,,,,,,,,,cost 17.30; worst-case decoration 5.86 at 100; market blank 20.21; ours 1.76x market,,,,,,,,,,,
variant,MP-0060,,,,published,,,,,,,,,,,,,,,,,,,,,,,,c002,MP0060-C002,0.00,,,,,,,,,,,,,,,,,,,,,,,
variant,MP-0060,,,,published,,,,,,,,,,,,,,,,,,,,,,,,c727,MP0060-C727,0.00,,,,,,,,,,,,,,,,,,,,,,,
variant,MP-0060,,,,published,,,,,,,,,,,,,,,,,,,,,,,,c250,MP0060-C250,0.00,,,,,,,,,,,,,,,,,,,,,,,
variant,MP-0060,,,,published,,,,,,,,,,,,,,,,,,,,,,,,c054,MP0060-C054,0.00,,,,,,,,,,,,,,,,,,,,,,,
variant,MP-0060,,,,published,,,,,,,,,,,,,,,,,,,,,,,,c004,MP0060-C004,0.00,,,,,,,,,,,,,,,,,,,,,,,
variant,MP-0060,,,,published,,,,,,,,,,,,,,,,,,,,,,,,c060,MP0060-C060,0.00,,,,,,,,,,,,,,,,,,,,,,,
image,MP-0060,,,,,,,,,,,,,,,,,,,,,,,,,,,,,,,,,"https://res.cloudinary.com/www-stanleystella-com/image/upload/c_lpad,w_1600,f_auto,q_auto/v1/TechnicalNames/PFD0_STBU186_C002.jpg?_i=AB",Trainer 2.0 in Black,1,,,,,,,,,,,,,,,,,,
image,MP-0060,,,,,,,,,,,,,,,,,,,,,,,,,,,,c727,,,,,"https://res.cloudinary.com/www-stanleystella-com/image/upload/c_lpad,w_1600,f_auto,q_auto/v1/TechnicalNames/PFD0_STBU186_C727.jpg?_i=AB",Trainer 2.0 in French Navy,2,,,,,,,,,,,,,,,,,,
image,MP-0060,,,,,,,,,,,,,,,,,,,,,,,,,,,,c250,,,,,"https://res.cloudinary.com/www-stanleystella-com/image/upload/c_lpad,w_1600,f_auto,q_auto/v1/TechnicalNames/PFD0_STBU186_C250.jpg?_i=AB",Trainer 2.0 in Heather Grey,3,,,,,,,,,,,,,,,,,,
image,MP-0060,,,,,,,,,,,,,,,,,,,,,,,,,,,,c054,,,,,"https://res.cloudinary.com/www-stanleystella-com/image/upload/c_lpad,w_1600,f_auto,q_auto/v1/TechnicalNames/PFD0_STBU186_C054.jpg?_i=AB",Trainer 2.0 in Natural Raw,4,,,,,,,,,,,,,,,,,,
image,MP-0060,,,,,,,,,,,,,,,,,,,,,,,,,,,,c004,,,,,"https://res.cloudinary.com/www-stanleystella-com/image/upload/c_lpad,w_1600,f_auto,q_auto/v1/TechnicalNames/PFD0_STBU186_C004.jpg?_i=AB",Trainer 2.0 in Red,5,,,,,,,,,,,,,,,,,,
image,MP-0060,,,,,,,,,,,,,,,,,,,,,,,,,,,,c060,,,,,"https://res.cloudinary.com/www-stanleystella-com/image/upload/c_lpad,w_1600,f_auto,q_auto/v1/TechnicalNames/SFM0_STBU186_C060.jpg?_i=AB",Trainer 2.0 in Teal Monstera,6,,,,,,,,,,,,,,,,,,
decoration,MP-0060,,,,,,,,,,,,,,,,,,,,,,,,,,,,,,,,,,,,embroidery,left_chest,90,90,6,Vector or DST,Default maximum for the category — confirm per product.,,,,,,,,,,,
decoration,MP-0060,,,,,,,,,,,,,,,,,,,,,,,,,,,,,,,,,,,,embroidery,pocket,80,80,6,Vector or DST,Default maximum for the category — confirm per product.,,,,,,,,,,,
product,MP-0061,coaster-vintage,Coaster Vintage,Polos,published,25,EUR,32.90,29.74,26.71,24.29,23.15,11.50,3,5,c732|c102|c140,XXS|XS|S|M|L|XL|XXL|3XL,embroidery|screen,left_chest|back|sleeve,yes,"Shell: Piqué, 100% Cotton - Organic Ring Spun Combed, Garment washed, Garment dyed","Shell: Piqué, 100% Cotton - Organic Ring Spun Combed, Garment washed, Garment dyed",185,,,,Stanley/Stella,STPU252,,,,,,,,,,,,,,,cost 11.50; worst-case decoration 5.86 at 100; market blank 14.14; ours 1.89x market,,,,,,,,,,,
variant,MP-0061,,,,published,,,,,,,,,,,,,,,,,,,,,,,,c732,MP0061-C732,0.00,,,,,,,,,,,,,,,,,,,,,,,
variant,MP-0061,,,,published,,,,,,,,,,,,,,,,,,,,,,,,c102,MP0061-C102,0.00,,,,,,,,,,,,,,,,,,,,,,,
variant,MP-0061,,,,published,,,,,,,,,,,,,,,,,,,,,,,,c140,MP0061-C140,0.00,,,,,,,,,,,,,,,,,,,,,,,
image,MP-0061,,,,,,,,,,,,,,,,,,,,,,,,,,,,,,,,,"https://res.cloudinary.com/www-stanleystella-com/image/upload/c_lpad,w_1600,f_auto,q_auto/v1/TechnicalNames/SBM0_STPU252_C732.jpg?_i=AB",Coaster Vintage in G. Dyed Blue Stone,1,,,,,,,,,,,,,,,,,,
image,MP-0061,,,,,,,,,,,,,,,,,,,,,,,,,,,,c102,,,,,"https://res.cloudinary.com/www-stanleystella-com/image/upload/c_lpad,w_1600,f_auto,q_auto/v1/TechnicalNames/PFD0_STPU252_C102.jpg?_i=AB",Coaster Vintage in G. Dyed Hydro,2,,,,,,,,,,,,,,,,,,
image,MP-0061,,,,,,,,,,,,,,,,,,,,,,,,,,,,c140,,,,,"https://res.cloudinary.com/www-stanleystella-com/image/upload/c_lpad,w_1600,f_auto,q_auto/v1/TechnicalNames/DFM0_STPU252_C140.jpg?_i=AB",Coaster Vintage in G. Dyed Black Rock,3,,,,,,,,,,,,,,,,,,
decoration,MP-0061,,,,,,,,,,,,,,,,,,,,,,,,,,,,,,,,,,,,embroidery,left_chest,90,90,6,Vector or DST,Default maximum for the category — confirm per product.,,,,,,,,,,,
decoration,MP-0061,,,,,,,,,,,,,,,,,,,,,,,,,,,,,,,,,,,,embroidery,back,200,200,6,Vector or DST,Default maximum for the category — confirm per product.,,,,,,,,,,,
decoration,MP-0061,,,,,,,,,,,,,,,,,,,,,,,,,,,,,,,,,,,,embroidery,sleeve,70,70,6,Vector or DST,Default maximum for the category — confirm per product.,,,,,,,,,,,
decoration,MP-0061,,,,,,,,,,,,,,,,,,,,,,,,,,,,,,,,,,,,screen,left_chest,100,100,4,Vector,Default maximum for the category — confirm per product.,,,,,,,,,,,
decoration,MP-0061,,,,,,,,,,,,,,,,,,,,,,,,,,,,,,,,,,,,screen,back,320,420,4,Vector,Default maximum for the category — confirm per product.,,,,,,,,,,,
decoration,MP-0061,,,,,,,,,,,,,,,,,,,,,,,,,,,,,,,,,,,,screen,sleeve,80,300,4,Vector,Default maximum for the category — confirm per product.,,,,,,,,,,,
product,MP-0062,mini-sprinter,Mini Sprinter,Polos,published,25,EUR,29.98,26.82,23.79,21.37,20.23,9.60,3,5,c001|c727|c250|c054|c004|c230|c232|c036,3-4/98-104cm|5-6/110-116cm|7-8/122-128cm|9-11/134-146cm|12-13/152-158cm,embroidery|screen,left_chest|back|sleeve,yes,"Shell: Piqué, 100% Cotton - Organic Ring Spun Combed, Fabric washed","Shell: Piqué, 100% Cotton - Organic Ring Spun Combed, Fabric washed",220,,,,Stanley/Stella,STPK908,,,,,,,,,,,,,,,cost 9.60; worst-case decoration 5.86 at 100; market blank 11.17; ours 2.13x market,,,,,,,,,,,
variant,MP-0062,,,,published,,,,,,,,,,,,,,,,,,,,,,,,c001,MP0062-C001,0.00,,,,,,,,,,,,,,,,,,,,,,,
variant,MP-0062,,,,published,,,,,,,,,,,,,,,,,,,,,,,,c727,MP0062-C727,0.00,,,,,,,,,,,,,,,,,,,,,,,
variant,MP-0062,,,,published,,,,,,,,,,,,,,,,,,,,,,,,c250,MP0062-C250,0.00,,,,,,,,,,,,,,,,,,,,,,,
variant,MP-0062,,,,published,,,,,,,,,,,,,,,,,,,,,,,,c054,MP0062-C054,0.00,,,,,,,,,,,,,,,,,,,,,,,
variant,MP-0062,,,,published,,,,,,,,,,,,,,,,,,,,,,,,c004,MP0062-C004,0.00,,,,,,,,,,,,,,,,,,,,,,,
variant,MP-0062,,,,published,,,,,,,,,,,,,,,,,,,,,,,,c230,MP0062-C230,0.00,,,,,,,,,,,,,,,,,,,,,,,
variant,MP-0062,,,,published,,,,,,,,,,,,,,,,,,,,,,,,c232,MP0062-C232,0.00,,,,,,,,,,,,,,,,,,,,,,,
variant,MP-0062,,,,published,,,,,,,,,,,,,,,,,,,,,,,,c036,MP0062-C036,0.00,,,,,,,,,,,,,,,,,,,,,,,
image,MP-0062,,,,,,,,,,,,,,,,,,,,,,,,,,,,,,,,,"https://res.cloudinary.com/www-stanleystella-com/image/upload/c_lpad,w_1600,f_auto,q_auto/v1/TechnicalNames/SFM5_STPK908_C001.jpg?_i=AB",Mini Sprinter in White,1,,,,,,,,,,,,,,,,,,
image,MP-0062,,,,,,,,,,,,,,,,,,,,,,,,,,,,c727,,,,,"https://res.cloudinary.com/www-stanleystella-com/image/upload/c_lpad,w_1600,f_auto,q_auto/v1/TechnicalNames/SFM1_STPK908_C727.jpg?_i=AB",Mini Sprinter in French Navy,2,,,,,,,,,,,,,,,,,,
image,MP-0062,,,,,,,,,,,,,,,,,,,,,,,,,,,,c250,,,,,"https://res.cloudinary.com/www-stanleystella-com/image/upload/c_lpad,w_1600,f_auto,q_auto/v1/TechnicalNames/SFM8_STPK908_C250.jpg?_i=AB",Mini Sprinter in Heather Grey,3,,,,,,,,,,,,,,,,,,
image,MP-0062,,,,,,,,,,,,,,,,,,,,,,,,,,,,c054,,,,,"https://res.cloudinary.com/www-stanleystella-com/image/upload/c_lpad,w_1600,f_auto,q_auto/v1/TechnicalNames/PBM0_STPK908_C054.jpg?_i=AB",Mini Sprinter in Natural Raw,4,,,,,,,,,,,,,,,,,,
image,MP-0062,,,,,,,,,,,,,,,,,,,,,,,,,,,,c004,,,,,"https://res.cloudinary.com/www-stanleystella-com/image/upload/c_lpad,w_1600,f_auto,q_auto/v1/TechnicalNames/SFD1_STPK908_C004.jpg?_i=AB",Mini Sprinter in Red,5,,,,,,,,,,,,,,,,,,
image,MP-0062,,,,,,,,,,,,,,,,,,,,,,,,,,,,c230,,,,,"https://res.cloudinary.com/www-stanleystella-com/image/upload/c_lpad,w_1600,f_auto,q_auto/v1/TechnicalNames/SFM6_STPK908_C230.jpg?_i=AB",Mini Sprinter in Royal Blue,6,,,,,,,,,,,,,,,,,,
image,MP-0062,,,,,,,,,,,,,,,,,,,,,,,,,,,,c232,,,,,"https://res.cloudinary.com/www-stanleystella-com/image/upload/c_lpad,w_1600,f_auto,q_auto/v1/TechnicalNames/SFM3_STPK908_C232.jpg?_i=AB",Mini Sprinter in Sky blue,7,,,,,,,,,,,,,,,,,,
image,MP-0062,,,,,,,,,,,,,,,,,,,,,,,,,,,,c036,,,,,"https://res.cloudinary.com/www-stanleystella-com/image/upload/c_lpad,w_1600,f_auto,q_auto/v1/TechnicalNames/SFD0_STPK908_C036.jpg?_i=AB",Mini Sprinter in Glazed Green,8,,,,,,,,,,,,,,,,,,
decoration,MP-0062,,,,,,,,,,,,,,,,,,,,,,,,,,,,,,,,,,,,embroidery,left_chest,90,90,6,Vector or DST,Default maximum for the category — confirm per product.,,,,,,,,,,,
decoration,MP-0062,,,,,,,,,,,,,,,,,,,,,,,,,,,,,,,,,,,,embroidery,back,200,200,6,Vector or DST,Default maximum for the category — confirm per product.,,,,,,,,,,,
decoration,MP-0062,,,,,,,,,,,,,,,,,,,,,,,,,,,,,,,,,,,,embroidery,sleeve,70,70,6,Vector or DST,Default maximum for the category — confirm per product.,,,,,,,,,,,
decoration,MP-0062,,,,,,,,,,,,,,,,,,,,,,,,,,,,,,,,,,,,screen,left_chest,100,100,4,Vector,Default maximum for the category — confirm per product.,,,,,,,,,,,
decoration,MP-0062,,,,,,,,,,,,,,,,,,,,,,,,,,,,,,,,,,,,screen,back,320,420,4,Vector,Default maximum for the category — confirm per product.,,,,,,,,,,,
decoration,MP-0062,,,,,,,,,,,,,,,,,,,,,,,,,,,,,,,,,,,,screen,sleeve,80,300,4,Vector,Default maximum for the category — confirm per product.,,,,,,,,,,,
product,MP-0063,prepster-2-0,Prepster 2.0,Polos,published,25,EUR,39.67,36.51,33.48,31.06,29.92,15.90,3,5,c172|c173|c002|c001|c727|c250|c054|c142|c129|c116|c151|c244|c004|c088|c149|c652|c156|c089|c702|c136|c036|c223|c135|c112|c146|c147|c253|c651,XXS|XS|S|M|L|XL|XXL|3XL|4XL|5XL,embroidery|screen,left_chest|back|sleeve,yes,"Shell: Piqué, 100% Cotton - Organic Ring Spun Combed, Panel washed","Shell: Piqué, 100% Cotton - Organic Ring Spun Combed, Panel washed",240,,,,Stanley/Stella,STPU222,,,,,,,,,,,,,,,cost 15.90; worst-case decoration 5.86 at 100; market blank 15.04; ours 2.23x market,,,,,,,,,,,
variant,MP-0063,,,,published,,,,,,,,,,,,,,,,,,,,,,,,c172,MP0063-C172,0.00,,,,,,,,,,,,,,,,,,,,,,,
variant,MP-0063,,,,published,,,,,,,,,,,,,,,,,,,,,,,,c173,MP0063-C173,0.00,,,,,,,,,,,,,,,,,,,,,,,
variant,MP-0063,,,,published,,,,,,,,,,,,,,,,,,,,,,,,c002,MP0063-C002,0.00,,,,,,,,,,,,,,,,,,,,,,,
variant,MP-0063,,,,published,,,,,,,,,,,,,,,,,,,,,,,,c001,MP0063-C001,0.00,,,,,,,,,,,,,,,,,,,,,,,
variant,MP-0063,,,,published,,,,,,,,,,,,,,,,,,,,,,,,c727,MP0063-C727,0.00,,,,,,,,,,,,,,,,,,,,,,,
variant,MP-0063,,,,published,,,,,,,,,,,,,,,,,,,,,,,,c250,MP0063-C250,0.00,,,,,,,,,,,,,,,,,,,,,,,
variant,MP-0063,,,,published,,,,,,,,,,,,,,,,,,,,,,,,c054,MP0063-C054,0.00,,,,,,,,,,,,,,,,,,,,,,,
variant,MP-0063,,,,published,,,,,,,,,,,,,,,,,,,,,,,,c142,MP0063-C142,0.00,,,,,,,,,,,,,,,,,,,,,,,
variant,MP-0063,,,,published,,,,,,,,,,,,,,,,,,,,,,,,c129,MP0063-C129,0.00,,,,,,,,,,,,,,,,,,,,,,,
variant,MP-0063,,,,published,,,,,,,,,,,,,,,,,,,,,,,,c116,MP0063-C116,0.00,,,,,,,,,,,,,,,,,,,,,,,
variant,MP-0063,,,,published,,,,,,,,,,,,,,,,,,,,,,,,c151,MP0063-C151,0.00,,,,,,,,,,,,,,,,,,,,,,,
variant,MP-0063,,,,published,,,,,,,,,,,,,,,,,,,,,,,,c244,MP0063-C244,0.00,,,,,,,,,,,,,,,,,,,,,,,
variant,MP-0063,,,,published,,,,,,,,,,,,,,,,,,,,,,,,c004,MP0063-C004,0.00,,,,,,,,,,,,,,,,,,,,,,,
variant,MP-0063,,,,published,,,,,,,,,,,,,,,,,,,,,,,,c088,MP0063-C088,0.00,,,,,,,,,,,,,,,,,,,,,,,
variant,MP-0063,,,,published,,,,,,,,,,,,,,,,,,,,,,,,c149,MP0063-C149,0.00,,,,,,,,,,,,,,,,,,,,,,,
variant,MP-0063,,,,published,,,,,,,,,,,,,,,,,,,,,,,,c652,MP0063-C652,0.00,,,,,,,,,,,,,,,,,,,,,,,
variant,MP-0063,,,,published,,,,,,,,,,,,,,,,,,,,,,,,c156,MP0063-C156,0.00,,,,,,,,,,,,,,,,,,,,,,,
variant,MP-0063,,,,published,,,,,,,,,,,,,,,,,,,,,,,,c089,MP0063-C089,0.00,,,,,,,,,,,,,,,,,,,,,,,
variant,MP-0063,,,,published,,,,,,,,,,,,,,,,,,,,,,,,c702,MP0063-C702,0.00,,,,,,,,,,,,,,,,,,,,,,,
variant,MP-0063,,,,published,,,,,,,,,,,,,,,,,,,,,,,,c136,MP0063-C136,0.00,,,,,,,,,,,,,,,,,,,,,,,
variant,MP-0063,,,,published,,,,,,,,,,,,,,,,,,,,,,,,c036,MP0063-C036,0.00,,,,,,,,,,,,,,,,,,,,,,,
variant,MP-0063,,,,published,,,,,,,,,,,,,,,,,,,,,,,,c223,MP0063-C223,0.00,,,,,,,,,,,,,,,,,,,,,,,
variant,MP-0063,,,,published,,,,,,,,,,,,,,,,,,,,,,,,c135,MP0063-C135,0.00,,,,,,,,,,,,,,,,,,,,,,,
variant,MP-0063,,,,published,,,,,,,,,,,,,,,,,,,,,,,,c112,MP0063-C112,0.00,,,,,,,,,,,,,,,,,,,,,,,
variant,MP-0063,,,,published,,,,,,,,,,,,,,,,,,,,,,,,c146,MP0063-C146,0.00,,,,,,,,,,,,,,,,,,,,,,,
variant,MP-0063,,,,published,,,,,,,,,,,,,,,,,,,,,,,,c147,MP0063-C147,0.00,,,,,,,,,,,,,,,,,,,,,,,
variant,MP-0063,,,,published,,,,,,,,,,,,,,,,,,,,,,,,c253,MP0063-C253,0.00,,,,,,,,,,,,,,,,,,,,,,,
variant,MP-0063,,,,published,,,,,,,,,,,,,,,,,,,,,,,,c651,MP0063-C651,0.00,,,,,,,,,,,,,,,,,,,,,,,
image,MP-0063,,,,,,,,,,,,,,,,,,,,,,,,,,,,,,,,,"https://res.cloudinary.com/www-stanleystella-com/image/upload/c_lpad,w_1600,f_auto,q_auto/v1/TechnicalNames/SBM0_STPU222_C172.jpg?_i=AB",Prepster 2.0 in Passionate Red,1,,,,,,,,,,,,,,,,,,
image,MP-0063,,,,,,,,,,,,,,,,,,,,,,,,,,,,c173,,,,,"https://res.cloudinary.com/www-stanleystella-com/image/upload/c_lpad,w_1600,f_auto,q_auto/v1/TechnicalNames/SBM0_STPU222_C173.jpg?_i=AB",Prepster 2.0 in Pebble Blue,2,,,,,,,,,,,,,,,,,,
image,MP-0063,,,,,,,,,,,,,,,,,,,,,,,,,,,,c002,,,,,"https://res.cloudinary.com/www-stanleystella-com/image/upload/c_lpad,w_1600,f_auto,q_auto/v1/TechnicalNames/SFC5_STPU222_C002.jpg?_i=AB",Prepster 2.0 in Black,3,,,,,,,,,,,,,,,,,,
image,MP-0063,,,,,,,,,,,,,,,,,,,,,,,,,,,,c001,,,,,"https://res.cloudinary.com/www-stanleystella-com/image/upload/c_lpad,w_1600,f_auto,q_auto/v1/TechnicalNames/SFC5_STPU222_C001.jpg?_i=AB",Prepster 2.0 in White,4,,,,,,,,,,,,,,,,,,
image,MP-0063,,,,,,,,,,,,,,,,,,,,,,,,,,,,c727,,,,,"https://res.cloudinary.com/www-stanleystella-com/image/upload/c_lpad,w_1600,f_auto,q_auto/v1/TechnicalNames/SFC5_STPU222_C727.jpg?_i=AB",Prepster 2.0 in French Navy,5,,,,,,,,,,,,,,,,,,
image,MP-0063,,,,,,,,,,,,,,,,,,,,,,,,,,,,c250,,,,,"https://res.cloudinary.com/www-stanleystella-com/image/upload/c_lpad,w_1600,f_auto,q_auto/v1/TechnicalNames/SFC0_STPU222_C250.jpg?_i=AB",Prepster 2.0 in Heather Grey,6,,,,,,,,,,,,,,,,,,
image,MP-0063,,,,,,,,,,,,,,,,,,,,,,,,,,,,c054,,,,,"https://res.cloudinary.com/www-stanleystella-com/image/upload/c_lpad,w_1600,f_auto,q_auto/v1/TechnicalNames/SFC5_STPU222_C054.jpg?_i=AB",Prepster 2.0 in Natural Raw,7,,,,,,,,,,,,,,,,,,
image,MP-0063,,,,,,,,,,,,,,,,,,,,,,,,,,,,c142,,,,,"https://res.cloudinary.com/www-stanleystella-com/image/upload/c_lpad,w_1600,f_auto,q_auto/v1/TechnicalNames/SBM0_STPU222_C142.jpg?_i=AB",Prepster 2.0 in Nispero,8,,,,,,,,,,,,,,,,,,
image,MP-0063,,,,,,,,,,,,,,,,,,,,,,,,,,,,c129,,,,,"https://res.cloudinary.com/www-stanleystella-com/image/upload/c_lpad,w_1600,f_auto,q_auto/v1/TechnicalNames/SBM0_STPU222_C129.jpg?_i=AB",Prepster 2.0 in Bubble Pink,9,,,,,,,,,,,,,,,,,,
image,MP-0063,,,,,,,,,,,,,,,,,,,,,,,,,,,,c116,,,,,"https://res.cloudinary.com/www-stanleystella-com/image/upload/c_lpad,w_1600,f_auto,q_auto/v1/TechnicalNames/SBM0_STPU222_C116.jpg?_i=AB",Prepster 2.0 in Red Brown,10,,,,,,,,,,,,,,,,,,
image,MP-0063,,,,,,,,,,,,,,,,,,,,,,,,,,,,c151,,,,,"https://res.cloudinary.com/www-stanleystella-com/image/upload/c_lpad,w_1600,f_auto,q_auto/v1/TechnicalNames/SBM0_STPU222_C151.jpg?_i=AB",Prepster 2.0 in Deep Plum,11,,,,,,,,,,,,,,,,,,
image,MP-0063,,,,,,,,,,,,,,,,,,,,,,,,,,,,c244,,,,,"https://res.cloudinary.com/www-stanleystella-com/image/upload/c_lpad,w_1600,f_auto,q_auto/v1/TechnicalNames/SFC5_STPU222_C244.jpg?_i=AB",Prepster 2.0 in Burgundy,12,,,,,,,,,,,,,,,,,,
image,MP-0063,,,,,,,,,,,,,,,,,,,,,,,,,,,,c004,,,,,"https://res.cloudinary.com/www-stanleystella-com/image/upload/c_lpad,w_1600,f_auto,q_auto/v1/TechnicalNames/SFC1_STPU222_C004.jpg?_i=AB",Prepster 2.0 in Red,13,,,,,,,,,,,,,,,,,,
image,MP-0063,,,,,,,,,,,,,,,,,,,,,,,,,,,,c088,,,,,"https://res.cloudinary.com/www-stanleystella-com/image/upload/c_lpad,w_1600,f_auto,q_auto/v1/TechnicalNames/SFC5_STPU222_C088.jpg?_i=AB",Prepster 2.0 in Worker Blue,14,,,,,,,,,,,,,,,,,,
image,MP-0063,,,,,,,,,,,,,,,,,,,,,,,,,,,,c149,,,,,"https://res.cloudinary.com/www-stanleystella-com/image/upload/c_lpad,w_1600,f_auto,q_auto/v1/TechnicalNames/SBM0_STPU222_C149.jpg?_i=AB",Prepster 2.0 in Blue soul,15,,,,,,,,,,,,,,,,,,
image,MP-0063,,,,,,,,,,,,,,,,,,,,,,,,,,,,c652,,,,,"https://res.cloudinary.com/www-stanleystella-com/image/upload/c_lpad,w_1600,f_auto,q_auto/v1/TechnicalNames/SBM0_STPU222_C652.jpg?_i=AB",Prepster 2.0 in Dark Heather Blue,16,,,,,,,,,,,,,,,,,,
image,MP-0063,,,,,,,,,,,,,,,,,,,,,,,,,,,,c156,,,,,"https://res.cloudinary.com/www-stanleystella-com/image/upload/c_lpad,w_1600,f_auto,q_auto/v1/TechnicalNames/SBM0_STPU222_C156.jpg?_i=AB",Prepster 2.0 in Blue Grey,17,,,,,,,,,,,,,,,,,,
image,MP-0063,,,,,,,,,,,,,,,,,,,,,,,,,,,,c089,,,,,"https://res.cloudinary.com/www-stanleystella-com/image/upload/c_lpad,w_1600,f_auto,q_auto/v1/TechnicalNames/SBM0_STPU222_C089.jpg?_i=AB",Prepster 2.0 in Aloe,18,,,,,,,,,,,,,,,,,,
image,MP-0063,,,,,,,,,,,,,,,,,,,,,,,,,,,,c702,,,,,"https://res.cloudinary.com/www-stanleystella-com/image/upload/c_lpad,w_1600,f_auto,q_auto/v1/TechnicalNames/SFC5_STPU222_C702.jpg?_i=AB",Prepster 2.0 in Stargazer,19,,,,,,,,,,,,,,,,,,
image,MP-0063,,,,,,,,,,,,,,,,,,,,,,,,,,,,c136,,,,,"https://res.cloudinary.com/www-stanleystella-com/image/upload/c_lpad,w_1600,f_auto,q_auto/v1/TechnicalNames/PBM0_STPU222_C136.jpg?_i=AB",Prepster 2.0 in Deep Teal,20,,,,,,,,,,,,,,,,,,
image,MP-0063,,,,,,,,,,,,,,,,,,,,,,,,,,,,c036,,,,,"https://res.cloudinary.com/www-stanleystella-com/image/upload/c_lpad,w_1600,f_auto,q_auto/v1/TechnicalNames/SFC5_STPU222_C036.jpg?_i=AB",Prepster 2.0 in Glazed Green,21,,,,,,,,,,,,,,,,,,
image,MP-0063,,,,,,,,,,,,,,,,,,,,,,,,,,,,c223,,,,,"https://res.cloudinary.com/www-stanleystella-com/image/upload/c_lpad,w_1600,f_auto,q_auto/v1/TechnicalNames/SFC5_STPU222_C223.jpg?_i=AB",Prepster 2.0 in Khaki,22,,,,,,,,,,,,,,,,,,
image,MP-0063,,,,,,,,,,,,,,,,,,,,,,,,,,,,c135,,,,,"https://res.cloudinary.com/www-stanleystella-com/image/upload/c_lpad,w_1600,f_auto,q_auto/v1/TechnicalNames/PBM0_STPU222_C135.jpg?_i=AB",Prepster 2.0 in Mocha,23,,,,,,,,,,,,,,,,,,
image,MP-0063,,,,,,,,,,,,,,,,,,,,,,,,,,,,c112,,,,,"https://res.cloudinary.com/www-stanleystella-com/image/upload/c_lpad,w_1600,f_auto,q_auto/v1/TechnicalNames/SBM0_STPU222_C112.jpg?_i=AB",Prepster 2.0 in Latte,24,,,,,,,,,,,,,,,,,,
image,MP-0063,,,,,,,,,,,,,,,,,,,,,,,,,,,,c146,,,,,"https://res.cloudinary.com/www-stanleystella-com/image/upload/c_lpad,w_1600,f_auto,q_auto/v1/TechnicalNames/SBM0_STPU222_C146.jpg?_i=AB",Prepster 2.0 in Cool Heather Grey,25,,,,,,,,,,,,,,,,,,
image,MP-0063,,,,,,,,,,,,,,,,,,,,,,,,,,,,c147,,,,,"https://res.cloudinary.com/www-stanleystella-com/image/upload/c_lpad,w_1600,f_auto,q_auto/v1/TechnicalNames/DFM0_STPU222_C147.jpg?_i=AB",Prepster 2.0 in Eco-Heather,26,,,,,,,,,,,,,,,,,,
image,MP-0063,,,,,,,,,,,,,,,,,,,,,,,,,,,,c253,,,,,"https://res.cloudinary.com/www-stanleystella-com/image/upload/c_lpad,w_1600,f_auto,q_auto/v1/TechnicalNames/SFC5_STPU222_C253.jpg?_i=AB",Prepster 2.0 in Anthracite,27,,,,,,,,,,,,,,,,,,
image,MP-0063,,,,,,,,,,,,,,,,,,,,,,,,,,,,c651,,,,,"https://res.cloudinary.com/www-stanleystella-com/image/upload/c_lpad,w_1600,f_auto,q_auto/v1/TechnicalNames/SBM0_STPU222_C651.jpg?_i=AB",Prepster 2.0 in Dark Heather Grey,28,,,,,,,,,,,,,,,,,,
decoration,MP-0063,,,,,,,,,,,,,,,,,,,,,,,,,,,,,,,,,,,,embroidery,left_chest,90,90,6,Vector or DST,Default maximum for the category — confirm per product.,,,,,,,,,,,
decoration,MP-0063,,,,,,,,,,,,,,,,,,,,,,,,,,,,,,,,,,,,embroidery,back,200,200,6,Vector or DST,Default maximum for the category — confirm per product.,,,,,,,,,,,
decoration,MP-0063,,,,,,,,,,,,,,,,,,,,,,,,,,,,,,,,,,,,embroidery,sleeve,70,70,6,Vector or DST,Default maximum for the category — confirm per product.,,,,,,,,,,,
decoration,MP-0063,,,,,,,,,,,,,,,,,,,,,,,,,,,,,,,,,,,,screen,left_chest,100,100,4,Vector,Default maximum for the category — confirm per product.,,,,,,,,,,,
decoration,MP-0063,,,,,,,,,,,,,,,,,,,,,,,,,,,,,,,,,,,,screen,back,320,420,4,Vector,Default maximum for the category — confirm per product.,,,,,,,,,,,
decoration,MP-0063,,,,,,,,,,,,,,,,,,,,,,,,,,,,,,,,,,,,screen,sleeve,80,300,4,Vector,Default maximum for the category — confirm per product.,,,,,,,,,,,
product,MP-0064,prepster-2-0-long-sleeve,Prepster 2.0 Long Sleeve,Polos,published,25,EUR,37.90,34.74,31.71,29.29,28.15,14.75,3,5,c172|c002|c001|c727|c250|c054|c244|c702|c036|c223|c253,XXS|XS|S|M|L|XL|XXL|3XL,embroidery|screen,left_chest|back|sleeve,yes,"Shell: Piqué, 100% Cotton - Organic Ring Spun Combed, Panel washed","Shell: Piqué, 100% Cotton - Organic Ring Spun Combed, Panel washed",240,,,,Stanley/Stella,STPU223,,,,,,,,,,,,,,,cost 14.75; worst-case decoration 5.86 at 100; market blank 17.22; ours 1.84x market,,,,,,,,,,,
variant,MP-0064,,,,published,,,,,,,,,,,,,,,,,,,,,,,,c172,MP0064-C172,0.00,,,,,,,,,,,,,,,,,,,,,,,
variant,MP-0064,,,,published,,,,,,,,,,,,,,,,,,,,,,,,c002,MP0064-C002,0.00,,,,,,,,,,,,,,,,,,,,,,,
variant,MP-0064,,,,published,,,,,,,,,,,,,,,,,,,,,,,,c001,MP0064-C001,0.00,,,,,,,,,,,,,,,,,,,,,,,
variant,MP-0064,,,,published,,,,,,,,,,,,,,,,,,,,,,,,c727,MP0064-C727,0.00,,,,,,,,,,,,,,,,,,,,,,,
variant,MP-0064,,,,published,,,,,,,,,,,,,,,,,,,,,,,,c250,MP0064-C250,0.00,,,,,,,,,,,,,,,,,,,,,,,
variant,MP-0064,,,,published,,,,,,,,,,,,,,,,,,,,,,,,c054,MP0064-C054,0.00,,,,,,,,,,,,,,,,,,,,,,,
variant,MP-0064,,,,published,,,,,,,,,,,,,,,,,,,,,,,,c244,MP0064-C244,0.00,,,,,,,,,,,,,,,,,,,,,,,
variant,MP-0064,,,,published,,,,,,,,,,,,,,,,,,,,,,,,c702,MP0064-C702,0.00,,,,,,,,,,,,,,,,,,,,,,,
variant,MP-0064,,,,published,,,,,,,,,,,,,,,,,,,,,,,,c036,MP0064-C036,0.00,,,,,,,,,,,,,,,,,,,,,,,
variant,MP-0064,,,,published,,,,,,,,,,,,,,,,,,,,,,,,c223,MP0064-C223,0.00,,,,,,,,,,,,,,,,,,,,,,,
variant,MP-0064,,,,published,,,,,,,,,,,,,,,,,,,,,,,,c253,MP0064-C253,0.00,,,,,,,,,,,,,,,,,,,,,,,
image,MP-0064,,,,,,,,,,,,,,,,,,,,,,,,,,,,,,,,,"https://res.cloudinary.com/www-stanleystella-com/image/upload/c_lpad,w_1600,f_auto,q_auto/v1/TechnicalNames/SBM0_STPU223_C172.jpg?_i=AB",Prepster 2.0 Long Sleeve in Passionate Red,1,,,,,,,,,,,,,,,,,,
image,MP-0064,,,,,,,,,,,,,,,,,,,,,,,,,,,,c002,,,,,"https://res.cloudinary.com/www-stanleystella-com/image/upload/c_lpad,w_1600,f_auto,q_auto/v1/TechnicalNames/SFC5_STPU223_C002.jpg?_i=AB",Prepster 2.0 Long Sleeve in Black,2,,,,,,,,,,,,,,,,,,
image,MP-0064,,,,,,,,,,,,,,,,,,,,,,,,,,,,c001,,,,,"https://res.cloudinary.com/www-stanleystella-com/image/upload/c_lpad,w_1600,f_auto,q_auto/v1/TechnicalNames/SFC0_STPU223_C001.jpg?_i=AB",Prepster 2.0 Long Sleeve in White,3,,,,,,,,,,,,,,,,,,
image,MP-0064,,,,,,,,,,,,,,,,,,,,,,,,,,,,c727,,,,,"https://res.cloudinary.com/www-stanleystella-com/image/upload/c_lpad,w_1600,f_auto,q_auto/v1/TechnicalNames/SFC5_STPU223_C727.jpg?_i=AB",Prepster 2.0 Long Sleeve in French Navy,4,,,,,,,,,,,,,,,,,,
image,MP-0064,,,,,,,,,,,,,,,,,,,,,,,,,,,,c250,,,,,"https://res.cloudinary.com/www-stanleystella-com/image/upload/c_lpad,w_1600,f_auto,q_auto/v1/TechnicalNames/SFC6_STPU223_C250.jpg?_i=AB",Prepster 2.0 Long Sleeve in Heather Grey,5,,,,,,,,,,,,,,,,,,
image,MP-0064,,,,,,,,,,,,,,,,,,,,,,,,,,,,c054,,,,,"https://res.cloudinary.com/www-stanleystella-com/image/upload/c_lpad,w_1600,f_auto,q_auto/v1/TechnicalNames/SFC5_STPU223_C054.jpg?_i=AB",Prepster 2.0 Long Sleeve in Natural Raw,6,,,,,,,,,,,,,,,,,,
image,MP-0064,,,,,,,,,,,,,,,,,,,,,,,,,,,,c244,,,,,"https://res.cloudinary.com/www-stanleystella-com/image/upload/c_lpad,w_1600,f_auto,q_auto/v1/TechnicalNames/SFC5_STPU223_C244.jpg?_i=AB",Prepster 2.0 Long Sleeve in Burgundy,7,,,,,,,,,,,,,,,,,,
image,MP-0064,,,,,,,,,,,,,,,,,,,,,,,,,,,,c702,,,,,"https://res.cloudinary.com/www-stanleystella-com/image/upload/c_lpad,w_1600,f_auto,q_auto/v1/TechnicalNames/SFC5_STPU223_C702.jpg?_i=AB",Prepster 2.0 Long Sleeve in Stargazer,8,,,,,,,,,,,,,,,,,,
image,MP-0064,,,,,,,,,,,,,,,,,,,,,,,,,,,,c036,,,,,"https://res.cloudinary.com/www-stanleystella-com/image/upload/c_lpad,w_1600,f_auto,q_auto/v1/TechnicalNames/SFC5_STPU223_C036.jpg?_i=AB",Prepster 2.0 Long Sleeve in Glazed Green,9,,,,,,,,,,,,,,,,,,
image,MP-0064,,,,,,,,,,,,,,,,,,,,,,,,,,,,c223,,,,,"https://res.cloudinary.com/www-stanleystella-com/image/upload/c_lpad,w_1600,f_auto,q_auto/v1/TechnicalNames/SFC1_STPU223_C223.jpg?_i=AB",Prepster 2.0 Long Sleeve in Khaki,10,,,,,,,,,,,,,,,,,,
image,MP-0064,,,,,,,,,,,,,,,,,,,,,,,,,,,,c253,,,,,"https://res.cloudinary.com/www-stanleystella-com/image/upload/c_lpad,w_1600,f_auto,q_auto/v1/TechnicalNames/SBC5_STPU223_C253.jpg?_i=AB",Prepster 2.0 Long Sleeve in Anthracite,11,,,,,,,,,,,,,,,,,,
decoration,MP-0064,,,,,,,,,,,,,,,,,,,,,,,,,,,,,,,,,,,,embroidery,left_chest,90,90,6,Vector or DST,Default maximum for the category — confirm per product.,,,,,,,,,,,
decoration,MP-0064,,,,,,,,,,,,,,,,,,,,,,,,,,,,,,,,,,,,embroidery,back,200,200,6,Vector or DST,Default maximum for the category — confirm per product.,,,,,,,,,,,
decoration,MP-0064,,,,,,,,,,,,,,,,,,,,,,,,,,,,,,,,,,,,embroidery,sleeve,70,70,6,Vector or DST,Default maximum for the category — confirm per product.,,,,,,,,,,,
decoration,MP-0064,,,,,,,,,,,,,,,,,,,,,,,,,,,,,,,,,,,,screen,left_chest,100,100,4,Vector,Default maximum for the category — confirm per product.,,,,,,,,,,,
decoration,MP-0064,,,,,,,,,,,,,,,,,,,,,,,,,,,,,,,,,,,,screen,back,320,420,4,Vector,Default maximum for the category — confirm per product.,,,,,,,,,,,
decoration,MP-0064,,,,,,,,,,,,,,,,,,,,,,,,,,,,,,,,,,,,screen,sleeve,80,300,4,Vector,Default maximum for the category — confirm per product.,,,,,,,,,,,
product,MP-0065,prepster-long-sleeve,Prepster Long Sleeve,Polos,published,25,EUR,,,,,,,3,5,c001|c002|c253|c702|c047|c004|c086|c244|c036|c727|c250|c650|c652,XXS|XS|S|M|L|XL|XXL|3XL,embroidery|screen,left_chest|back|sleeve,yes,"Shell: Piqué, 100% Cotton - Organic Ring Spun Combed, Fabric washed","Shell: Piqué, 100% Cotton - Organic Ring Spun Combed, Fabric washed",230,,,,Stanley/Stella,STPU332,,,,,,,,,,,,,,,No supplier cost on file — quote on inquiry.,,,,,,,,,,,
variant,MP-0065,,,,published,,,,,,,,,,,,,,,,,,,,,,,,c001,MP0065-C001,0.00,,,,,,,,,,,,,,,,,,,,,,,
variant,MP-0065,,,,published,,,,,,,,,,,,,,,,,,,,,,,,c002,MP0065-C002,0.00,,,,,,,,,,,,,,,,,,,,,,,
variant,MP-0065,,,,published,,,,,,,,,,,,,,,,,,,,,,,,c253,MP0065-C253,0.00,,,,,,,,,,,,,,,,,,,,,,,
variant,MP-0065,,,,published,,,,,,,,,,,,,,,,,,,,,,,,c702,MP0065-C702,0.00,,,,,,,,,,,,,,,,,,,,,,,
variant,MP-0065,,,,published,,,,,,,,,,,,,,,,,,,,,,,,c047,MP0065-C047,0.00,,,,,,,,,,,,,,,,,,,,,,,
variant,MP-0065,,,,published,,,,,,,,,,,,,,,,,,,,,,,,c004,MP0065-C004,0.00,,,,,,,,,,,,,,,,,,,,,,,
variant,MP-0065,,,,published,,,,,,,,,,,,,,,,,,,,,,,,c086,MP0065-C086,0.00,,,,,,,,,,,,,,,,,,,,,,,
variant,MP-0065,,,,published,,,,,,,,,,,,,,,,,,,,,,,,c244,MP0065-C244,0.00,,,,,,,,,,,,,,,,,,,,,,,
variant,MP-0065,,,,published,,,,,,,,,,,,,,,,,,,,,,,,c036,MP0065-C036,0.00,,,,,,,,,,,,,,,,,,,,,,,
variant,MP-0065,,,,published,,,,,,,,,,,,,,,,,,,,,,,,c727,MP0065-C727,0.00,,,,,,,,,,,,,,,,,,,,,,,
variant,MP-0065,,,,published,,,,,,,,,,,,,,,,,,,,,,,,c250,MP0065-C250,0.00,,,,,,,,,,,,,,,,,,,,,,,
variant,MP-0065,,,,published,,,,,,,,,,,,,,,,,,,,,,,,c650,MP0065-C650,0.00,,,,,,,,,,,,,,,,,,,,,,,
variant,MP-0065,,,,published,,,,,,,,,,,,,,,,,,,,,,,,c652,MP0065-C652,0.00,,,,,,,,,,,,,,,,,,,,,,,
image,MP-0065,,,,,,,,,,,,,,,,,,,,,,,,,,,,,,,,,"https://res.cloudinary.com/www-stanleystella-com/image/upload/c_lpad,w_1600,f_auto,q_auto/v1/TechnicalNames/SFM0_STPU332_C650.jpg?_i=AB",Prepster Long Sleeve in Mid Heather Grey,1,,,,,,,,,,,,,,,,,,
decoration,MP-0065,,,,,,,,,,,,,,,,,,,,,,,,,,,,,,,,,,,,embroidery,left_chest,90,90,6,Vector or DST,Default maximum for the category — confirm per product.,,,,,,,,,,,
decoration,MP-0065,,,,,,,,,,,,,,,,,,,,,,,,,,,,,,,,,,,,embroidery,back,200,200,6,Vector or DST,Default maximum for the category — confirm per product.,,,,,,,,,,,
decoration,MP-0065,,,,,,,,,,,,,,,,,,,,,,,,,,,,,,,,,,,,embroidery,sleeve,70,70,6,Vector or DST,Default maximum for the category — confirm per product.,,,,,,,,,,,
decoration,MP-0065,,,,,,,,,,,,,,,,,,,,,,,,,,,,,,,,,,,,screen,left_chest,100,100,4,Vector,Default maximum for the category — confirm per product.,,,,,,,,,,,
decoration,MP-0065,,,,,,,,,,,,,,,,,,,,,,,,,,,,,,,,,,,,screen,back,320,420,4,Vector,Default maximum for the category — confirm per product.,,,,,,,,,,,
decoration,MP-0065,,,,,,,,,,,,,,,,,,,,,,,,,,,,,,,,,,,,screen,sleeve,80,300,4,Vector,Default maximum for the category — confirm per product.,,,,,,,,,,,
product,MP-0066,stanley-coaster,Stanley Coaster,Polos,published,25,EUR,32.29,29.13,26.10,23.68,22.53,11.10,3,5,c002|c001|c727|c250|c054|c005|c151|c244|c004|c230|c232|c710|c724|c137|c224|c223|c715|c253,S|M|L|XL|XXL|3XL|4XL|5XL,embroidery|screen,left_chest|back|sleeve,yes,"Shell: Piqué, 100% Cotton - Organic Ring Spun Combed, Panel washed","Shell: Piqué, 100% Cotton - Organic Ring Spun Combed, Panel washed",185,,,,Stanley/Stella,STPM224,,,,,,,,,,,,,,,cost 11.10; worst-case decoration 5.86 at 100; market blank 10.37; ours 2.52x market,,,,,,,,,,,
variant,MP-0066,,,,published,,,,,,,,,,,,,,,,,,,,,,,,c002,MP0066-C002,0.00,,,,,,,,,,,,,,,,,,,,,,,
variant,MP-0066,,,,published,,,,,,,,,,,,,,,,,,,,,,,,c001,MP0066-C001,0.00,,,,,,,,,,,,,,,,,,,,,,,
variant,MP-0066,,,,published,,,,,,,,,,,,,,,,,,,,,,,,c727,MP0066-C727,0.00,,,,,,,,,,,,,,,,,,,,,,,
variant,MP-0066,,,,published,,,,,,,,,,,,,,,,,,,,,,,,c250,MP0066-C250,0.00,,,,,,,,,,,,,,,,,,,,,,,
variant,MP-0066,,,,published,,,,,,,,,,,,,,,,,,,,,,,,c054,MP0066-C054,0.00,,,,,,,,,,,,,,,,,,,,,,,
variant,MP-0066,,,,published,,,,,,,,,,,,,,,,,,,,,,,,c005,MP0066-C005,0.00,,,,,,,,,,,,,,,,,,,,,,,
variant,MP-0066,,,,published,,,,,,,,,,,,,,,,,,,,,,,,c151,MP0066-C151,0.00,,,,,,,,,,,,,,,,,,,,,,,
variant,MP-0066,,,,published,,,,,,,,,,,,,,,,,,,,,,,,c244,MP0066-C244,0.00,,,,,,,,,,,,,,,,,,,,,,,
variant,MP-0066,,,,published,,,,,,,,,,,,,,,,,,,,,,,,c004,MP0066-C004,0.00,,,,,,,,,,,,,,,,,,,,,,,
variant,MP-0066,,,,published,,,,,,,,,,,,,,,,,,,,,,,,c230,MP0066-C230,0.00,,,,,,,,,,,,,,,,,,,,,,,
variant,MP-0066,,,,published,,,,,,,,,,,,,,,,,,,,,,,,c232,MP0066-C232,0.00,,,,,,,,,,,,,,,,,,,,,,,
variant,MP-0066,,,,published,,,,,,,,,,,,,,,,,,,,,,,,c710,MP0066-C710,0.00,,,,,,,,,,,,,,,,,,,,,,,
variant,MP-0066,,,,published,,,,,,,,,,,,,,,,,,,,,,,,c724,MP0066-C724,0.00,,,,,,,,,,,,,,,,,,,,,,,
variant,MP-0066,,,,published,,,,,,,,,,,,,,,,,,,,,,,,c137,MP0066-C137,0.00,,,,,,,,,,,,,,,,,,,,,,,
variant,MP-0066,,,,published,,,,,,,,,,,,,,,,,,,,,,,,c224,MP0066-C224,0.00,,,,,,,,,,,,,,,,,,,,,,,
variant,MP-0066,,,,published,,,,,,,,,,,,,,,,,,,,,,,,c223,MP0066-C223,0.00,,,,,,,,,,,,,,,,,,,,,,,
variant,MP-0066,,,,published,,,,,,,,,,,,,,,,,,,,,,,,c715,MP0066-C715,0.00,,,,,,,,,,,,,,,,,,,,,,,
variant,MP-0066,,,,published,,,,,,,,,,,,,,,,,,,,,,,,c253,MP0066-C253,0.00,,,,,,,,,,,,,,,,,,,,,,,
image,MP-0066,,,,,,,,,,,,,,,,,,,,,,,,,,,,,,,,,"https://res.cloudinary.com/www-stanleystella-com/image/upload/c_lpad,w_1600,f_auto,q_auto/v1/TechnicalNames/SBC0_STPM224_C002.jpg?_i=AB",Stanley Coaster in Black,1,,,,,,,,,,,,,,,,,,
image,MP-0066,,,,,,,,,,,,,,,,,,,,,,,,,,,,c001,,,,,"https://res.cloudinary.com/www-stanleystella-com/image/upload/c_lpad,w_1600,f_auto,q_auto/v1/TechnicalNames/SFC0_STPM224_C001.jpg?_i=AB",Stanley Coaster in White,2,,,,,,,,,,,,,,,,,,
image,MP-0066,,,,,,,,,,,,,,,,,,,,,,,,,,,,c727,,,,,"https://res.cloudinary.com/www-stanleystella-com/image/upload/c_lpad,w_1600,f_auto,q_auto/v1/TechnicalNames/SBC0_STPM224_C727.jpg?_i=AB",Stanley Coaster in French Navy,3,,,,,,,,,,,,,,,,,,
image,MP-0066,,,,,,,,,,,,,,,,,,,,,,,,,,,,c250,,,,,"https://res.cloudinary.com/www-stanleystella-com/image/upload/c_lpad,w_1600,f_auto,q_auto/v1/TechnicalNames/SBC0_STPM224_C250.jpg?_i=AB",Stanley Coaster in Heather Grey,4,,,,,,,,,,,,,,,,,,
image,MP-0066,,,,,,,,,,,,,,,,,,,,,,,,,,,,c054,,,,,"https://res.cloudinary.com/www-stanleystella-com/image/upload/c_lpad,w_1600,f_auto,q_auto/v1/TechnicalNames/SBC0_STPM224_C054.jpg?_i=AB",Stanley Coaster in Natural Raw,5,,,,,,,,,,,,,,,,,,
image,MP-0066,,,,,,,,,,,,,,,,,,,,,,,,,,,,c005,,,,,"https://res.cloudinary.com/www-stanleystella-com/image/upload/c_lpad,w_1600,f_auto,q_auto/v1/TechnicalNames/PBM0_STPM224_C005.jpg?_i=AB",Stanley Coaster in Cotton Pink,6,,,,,,,,,,,,,,,,,,
image,MP-0066,,,,,,,,,,,,,,,,,,,,,,,,,,,,c151,,,,,"https://res.cloudinary.com/www-stanleystella-com/image/upload/c_lpad,w_1600,f_auto,q_auto/v1/TechnicalNames/SFM0_STPM224_C151.jpg?_i=AB",Stanley Coaster in Deep Plum,7,,,,,,,,,,,,,,,,,,
image,MP-0066,,,,,,,,,,,,,,,,,,,,,,,,,,,,c244,,,,,"https://res.cloudinary.com/www-stanleystella-com/image/upload/c_lpad,w_1600,f_auto,q_auto/v1/TechnicalNames/SBC0_STPM224_C244.jpg?_i=AB",Stanley Coaster in Burgundy,8,,,,,,,,,,,,,,,,,,
image,MP-0066,,,,,,,,,,,,,,,,,,,,,,,,,,,,c004,,,,,"https://res.cloudinary.com/www-stanleystella-com/image/upload/c_lpad,w_1600,f_auto,q_auto/v1/TechnicalNames/SBC0_STPM224_C004.jpg?_i=AB",Stanley Coaster in Red,9,,,,,,,,,,,,,,,,,,
image,MP-0066,,,,,,,,,,,,,,,,,,,,,,,,,,,,c230,,,,,"https://res.cloudinary.com/www-stanleystella-com/image/upload/c_lpad,w_1600,f_auto,q_auto/v1/TechnicalNames/PBM0_STPM224_C230.jpg?_i=AB",Stanley Coaster in Royal Blue,10,,,,,,,,,,,,,,,,,,
image,MP-0066,,,,,,,,,,,,,,,,,,,,,,,,,,,,c232,,,,,"https://res.cloudinary.com/www-stanleystella-com/image/upload/c_lpad,w_1600,f_auto,q_auto/v1/TechnicalNames/PBM0_STPM224_C232.jpg?_i=AB",Stanley Coaster in Sky blue,11,,,,,,,,,,,,,,,,,,
image,MP-0066,,,,,,,,,,,,,,,,,,,,,,,,,,,,c710,,,,,"https://res.cloudinary.com/www-stanleystella-com/image/upload/c_lpad,w_1600,f_auto,q_auto/v1/TechnicalNames/PBM0_STPM224_C710.jpg?_i=AB",Stanley Coaster in Ocean Depth,12,,,,,,,,,,,,,,,,,,
image,MP-0066,,,,,,,,,,,,,,,,,,,,,,,,,,,,c724,,,,,"https://res.cloudinary.com/www-stanleystella-com/image/upload/c_lpad,w_1600,f_auto,q_auto/v1/TechnicalNames/PBM0_STPM224_C724.jpg?_i=AB",Stanley Coaster in Caribbean Blue,13,,,,,,,,,,,,,,,,,,
image,MP-0066,,,,,,,,,,,,,,,,,,,,,,,,,,,,c137,,,,,"https://res.cloudinary.com/www-stanleystella-com/image/upload/c_lpad,w_1600,f_auto,q_auto/v1/TechnicalNames/PBM0_STPM224_C137.jpg?_i=AB",Stanley Coaster in Verdant Green,14,,,,,,,,,,,,,,,,,,
image,MP-0066,,,,,,,,,,,,,,,,,,,,,,,,,,,,c224,,,,,"https://res.cloudinary.com/www-stanleystella-com/image/upload/c_lpad,w_1600,f_auto,q_auto/v1/TechnicalNames/PBM0_STPM224_C224.jpg?_i=AB",Stanley Coaster in Bottle Green,15,,,,,,,,,,,,,,,,,,
image,MP-0066,,,,,,,,,,,,,,,,,,,,,,,,,,,,c223,,,,,"https://res.cloudinary.com/www-stanleystella-com/image/upload/c_lpad,w_1600,f_auto,q_auto/v1/TechnicalNames/SBC0_STPM224_C223.jpg?_i=AB",Stanley Coaster in Khaki,16,,,,,,,,,,,,,,,,,,
image,MP-0066,,,,,,,,,,,,,,,,,,,,,,,,,,,,c715,,,,,"https://res.cloudinary.com/www-stanleystella-com/image/upload/c_lpad,w_1600,f_auto,q_auto/v1/TechnicalNames/PBM0_STPM224_C715.jpg?_i=AB",Stanley Coaster in India Ink Grey,17,,,,,,,,,,,,,,,,,,
image,MP-0066,,,,,,,,,,,,,,,,,,,,,,,,,,,,c253,,,,,"https://res.cloudinary.com/www-stanleystella-com/image/upload/c_lpad,w_1600,f_auto,q_auto/v1/TechnicalNames/SBC0_STPM224_C253.jpg?_i=AB",Stanley Coaster in Anthracite,18,,,,,,,,,,,,,,,,,,
decoration,MP-0066,,,,,,,,,,,,,,,,,,,,,,,,,,,,,,,,,,,,embroidery,left_chest,90,90,6,Vector or DST,Default maximum for the category — confirm per product.,,,,,,,,,,,
decoration,MP-0066,,,,,,,,,,,,,,,,,,,,,,,,,,,,,,,,,,,,embroidery,back,200,200,6,Vector or DST,Default maximum for the category — confirm per product.,,,,,,,,,,,
decoration,MP-0066,,,,,,,,,,,,,,,,,,,,,,,,,,,,,,,,,,,,embroidery,sleeve,70,70,6,Vector or DST,Default maximum for the category — confirm per product.,,,,,,,,,,,
decoration,MP-0066,,,,,,,,,,,,,,,,,,,,,,,,,,,,,,,,,,,,screen,left_chest,100,100,4,Vector,Default maximum for the category — confirm per product.,,,,,,,,,,,
decoration,MP-0066,,,,,,,,,,,,,,,,,,,,,,,,,,,,,,,,,,,,screen,back,320,420,4,Vector,Default maximum for the category — confirm per product.,,,,,,,,,,,
decoration,MP-0066,,,,,,,,,,,,,,,,,,,,,,,,,,,,,,,,,,,,screen,sleeve,80,300,4,Vector,Default maximum for the category — confirm per product.,,,,,,,,,,,
product,MP-0067,stella-coaster,Stella Coaster,Polos,published,25,EUR,32.29,29.13,26.10,23.68,22.53,11.10,3,5,c002|c001|c727|c250|c054|c005|c151|c244|c004|c230|c232|c710|c724|c137|c224|c223|c715|c253,XS|S|M|L|XL|XXL|3XL,embroidery|screen,left_chest|back|sleeve,yes,"Shell: Piqué, 100% Cotton - Organic Ring Spun Combed, Panel washed","Shell: Piqué, 100% Cotton - Organic Ring Spun Combed, Panel washed",185,,,,Stanley/Stella,STPW977,,,,,,,,,,,,,,,cost 11.10; worst-case decoration 5.86 at 100; market blank 10.24; ours 2.55x market,,,,,,,,,,,
variant,MP-0067,,,,published,,,,,,,,,,,,,,,,,,,,,,,,c002,MP0067-C002,0.00,,,,,,,,,,,,,,,,,,,,,,,
variant,MP-0067,,,,published,,,,,,,,,,,,,,,,,,,,,,,,c001,MP0067-C001,0.00,,,,,,,,,,,,,,,,,,,,,,,
variant,MP-0067,,,,published,,,,,,,,,,,,,,,,,,,,,,,,c727,MP0067-C727,0.00,,,,,,,,,,,,,,,,,,,,,,,
variant,MP-0067,,,,published,,,,,,,,,,,,,,,,,,,,,,,,c250,MP0067-C250,0.00,,,,,,,,,,,,,,,,,,,,,,,
variant,MP-0067,,,,published,,,,,,,,,,,,,,,,,,,,,,,,c054,MP0067-C054,0.00,,,,,,,,,,,,,,,,,,,,,,,
variant,MP-0067,,,,published,,,,,,,,,,,,,,,,,,,,,,,,c005,MP0067-C005,0.00,,,,,,,,,,,,,,,,,,,,,,,
variant,MP-0067,,,,published,,,,,,,,,,,,,,,,,,,,,,,,c151,MP0067-C151,0.00,,,,,,,,,,,,,,,,,,,,,,,
variant,MP-0067,,,,published,,,,,,,,,,,,,,,,,,,,,,,,c244,MP0067-C244,0.00,,,,,,,,,,,,,,,,,,,,,,,
variant,MP-0067,,,,published,,,,,,,,,,,,,,,,,,,,,,,,c004,MP0067-C004,0.00,,,,,,,,,,,,,,,,,,,,,,,
variant,MP-0067,,,,published,,,,,,,,,,,,,,,,,,,,,,,,c230,MP0067-C230,0.00,,,,,,,,,,,,,,,,,,,,,,,
variant,MP-0067,,,,published,,,,,,,,,,,,,,,,,,,,,,,,c232,MP0067-C232,0.00,,,,,,,,,,,,,,,,,,,,,,,
variant,MP-0067,,,,published,,,,,,,,,,,,,,,,,,,,,,,,c710,MP0067-C710,0.00,,,,,,,,,,,,,,,,,,,,,,,
variant,MP-0067,,,,published,,,,,,,,,,,,,,,,,,,,,,,,c724,MP0067-C724,0.00,,,,,,,,,,,,,,,,,,,,,,,
variant,MP-0067,,,,published,,,,,,,,,,,,,,,,,,,,,,,,c137,MP0067-C137,0.00,,,,,,,,,,,,,,,,,,,,,,,
variant,MP-0067,,,,published,,,,,,,,,,,,,,,,,,,,,,,,c224,MP0067-C224,0.00,,,,,,,,,,,,,,,,,,,,,,,
variant,MP-0067,,,,published,,,,,,,,,,,,,,,,,,,,,,,,c223,MP0067-C223,0.00,,,,,,,,,,,,,,,,,,,,,,,
variant,MP-0067,,,,published,,,,,,,,,,,,,,,,,,,,,,,,c715,MP0067-C715,0.00,,,,,,,,,,,,,,,,,,,,,,,
variant,MP-0067,,,,published,,,,,,,,,,,,,,,,,,,,,,,,c253,MP0067-C253,0.00,,,,,,,,,,,,,,,,,,,,,,,
image,MP-0067,,,,,,,,,,,,,,,,,,,,,,,,,,,,,,,,,"https://res.cloudinary.com/www-stanleystella-com/image/upload/c_lpad,w_1600,f_auto,q_auto/v1/TechnicalNames/SFC5_STPW977_C002.jpg?_i=AB",Stella Coaster in Black,1,,,,,,,,,,,,,,,,,,
image,MP-0067,,,,,,,,,,,,,,,,,,,,,,,,,,,,c001,,,,,"https://res.cloudinary.com/www-stanleystella-com/image/upload/c_lpad,w_1600,f_auto,q_auto/v1/TechnicalNames/SFC5_STPW977_C001.jpg?_i=AB",Stella Coaster in White,2,,,,,,,,,,,,,,,,,,
image,MP-0067,,,,,,,,,,,,,,,,,,,,,,,,,,,,c727,,,,,"https://res.cloudinary.com/www-stanleystella-com/image/upload/c_lpad,w_1600,f_auto,q_auto/v1/TechnicalNames/SFC5_STPW977_C727.jpg?_i=AB",Stella Coaster in French Navy,3,,,,,,,,,,,,,,,,,,
image,MP-0067,,,,,,,,,,,,,,,,,,,,,,,,,,,,c250,,,,,"https://res.cloudinary.com/www-stanleystella-com/image/upload/c_lpad,w_1600,f_auto,q_auto/v1/TechnicalNames/SFC7_STPW977_C250.jpg?_i=AB",Stella Coaster in Heather Grey,4,,,,,,,,,,,,,,,,,,
image,MP-0067,,,,,,,,,,,,,,,,,,,,,,,,,,,,c054,,,,,"https://res.cloudinary.com/www-stanleystella-com/image/upload/c_lpad,w_1600,f_auto,q_auto/v1/TechnicalNames/SFC5_STPW977_C054.jpg?_i=AB",Stella Coaster in Natural Raw,5,,,,,,,,,,,,,,,,,,
image,MP-0067,,,,,,,,,,,,,,,,,,,,,,,,,,,,c005,,,,,"https://res.cloudinary.com/www-stanleystella-com/image/upload/c_lpad,w_1600,f_auto,q_auto/v1/TechnicalNames/PBM0_STPW977_C005.jpg?_i=AB",Stella Coaster in Cotton Pink,6,,,,,,,,,,,,,,,,,,
image,MP-0067,,,,,,,,,,,,,,,,,,,,,,,,,,,,c151,,,,,"https://res.cloudinary.com/www-stanleystella-com/image/upload/c_lpad,w_1600,f_auto,q_auto/v1/TechnicalNames/SBM5_STPW977_C151.jpg?_i=AB",Stella Coaster in Deep Plum,7,,,,,,,,,,,,,,,,,,
image,MP-0067,,,,,,,,,,,,,,,,,,,,,,,,,,,,c244,,,,,"https://res.cloudinary.com/www-stanleystella-com/image/upload/c_lpad,w_1600,f_auto,q_auto/v1/TechnicalNames/SFC7_STPW977_C244.jpg?_i=AB",Stella Coaster in Burgundy,8,,,,,,,,,,,,,,,,,,
image,MP-0067,,,,,,,,,,,,,,,,,,,,,,,,,,,,c004,,,,,"https://res.cloudinary.com/www-stanleystella-com/image/upload/c_lpad,w_1600,f_auto,q_auto/v1/TechnicalNames/SFC5_STPW977_C004.jpg?_i=AB",Stella Coaster in Red,9,,,,,,,,,,,,,,,,,,
image,MP-0067,,,,,,,,,,,,,,,,,,,,,,,,,,,,c230,,,,,"https://res.cloudinary.com/www-stanleystella-com/image/upload/c_lpad,w_1600,f_auto,q_auto/v1/TechnicalNames/PBM0_STPW977_C230.jpg?_i=AB",Stella Coaster in Royal Blue,10,,,,,,,,,,,,,,,,,,
image,MP-0067,,,,,,,,,,,,,,,,,,,,,,,,,,,,c232,,,,,"https://res.cloudinary.com/www-stanleystella-com/image/upload/c_lpad,w_1600,f_auto,q_auto/v1/TechnicalNames/PBM0_STPW977_C232.jpg?_i=AB",Stella Coaster in Sky blue,11,,,,,,,,,,,,,,,,,,
image,MP-0067,,,,,,,,,,,,,,,,,,,,,,,,,,,,c710,,,,,"https://res.cloudinary.com/www-stanleystella-com/image/upload/c_lpad,w_1600,f_auto,q_auto/v1/TechnicalNames/PBM0_STPW977_C710.jpg?_i=AB",Stella Coaster in Ocean Depth,12,,,,,,,,,,,,,,,,,,
image,MP-0067,,,,,,,,,,,,,,,,,,,,,,,,,,,,c724,,,,,"https://res.cloudinary.com/www-stanleystella-com/image/upload/c_lpad,w_1600,f_auto,q_auto/v1/TechnicalNames/PBM0_STPW977_C724.jpg?_i=AB",Stella Coaster in Caribbean Blue,13,,,,,,,,,,,,,,,,,,
image,MP-0067,,,,,,,,,,,,,,,,,,,,,,,,,,,,c137,,,,,"https://res.cloudinary.com/www-stanleystella-com/image/upload/c_lpad,w_1600,f_auto,q_auto/v1/TechnicalNames/PBM0_STPW977_C137.jpg?_i=AB",Stella Coaster in Verdant Green,14,,,,,,,,,,,,,,,,,,
image,MP-0067,,,,,,,,,,,,,,,,,,,,,,,,,,,,c224,,,,,"https://res.cloudinary.com/www-stanleystella-com/image/upload/c_lpad,w_1600,f_auto,q_auto/v1/TechnicalNames/SFM5_STPW977_C224.jpg?_i=AB",Stella Coaster in Bottle Green,15,,,,,,,,,,,,,,,,,,
image,MP-0067,,,,,,,,,,,,,,,,,,,,,,,,,,,,c223,,,,,"https://res.cloudinary.com/www-stanleystella-com/image/upload/c_lpad,w_1600,f_auto,q_auto/v1/TechnicalNames/SFC5_STPW977_C223.jpg?_i=AB",Stella Coaster in Khaki,16,,,,,,,,,,,,,,,,,,
image,MP-0067,,,,,,,,,,,,,,,,,,,,,,,,,,,,c715,,,,,"https://res.cloudinary.com/www-stanleystella-com/image/upload/c_lpad,w_1600,f_auto,q_auto/v1/TechnicalNames/PBM0_STPW977_C715.jpg?_i=AB",Stella Coaster in India Ink Grey,17,,,,,,,,,,,,,,,,,,
image,MP-0067,,,,,,,,,,,,,,,,,,,,,,,,,,,,c253,,,,,"https://res.cloudinary.com/www-stanleystella-com/image/upload/c_lpad,w_1600,f_auto,q_auto/v1/TechnicalNames/SFC5_STPW977_C253.jpg?_i=AB",Stella Coaster in Anthracite,18,,,,,,,,,,,,,,,,,,
decoration,MP-0067,,,,,,,,,,,,,,,,,,,,,,,,,,,,,,,,,,,,embroidery,left_chest,90,90,6,Vector or DST,Default maximum for the category — confirm per product.,,,,,,,,,,,
decoration,MP-0067,,,,,,,,,,,,,,,,,,,,,,,,,,,,,,,,,,,,embroidery,back,200,200,6,Vector or DST,Default maximum for the category — confirm per product.,,,,,,,,,,,
decoration,MP-0067,,,,,,,,,,,,,,,,,,,,,,,,,,,,,,,,,,,,embroidery,sleeve,70,70,6,Vector or DST,Default maximum for the category — confirm per product.,,,,,,,,,,,
decoration,MP-0067,,,,,,,,,,,,,,,,,,,,,,,,,,,,,,,,,,,,screen,left_chest,100,100,4,Vector,Default maximum for the category — confirm per product.,,,,,,,,,,,
decoration,MP-0067,,,,,,,,,,,,,,,,,,,,,,,,,,,,,,,,,,,,screen,back,320,420,4,Vector,Default maximum for the category — confirm per product.,,,,,,,,,,,
decoration,MP-0067,,,,,,,,,,,,,,,,,,,,,,,,,,,,,,,,,,,,screen,sleeve,80,300,4,Vector,Default maximum for the category — confirm per product.,,,,,,,,,,,
product,MP-0068,stella-elliser,Stella Elliser,Polos,published,25,EUR,,,,,,,3,5,c001|c002|c253|c232|c230|c004|c244|c727|c068|c005|c250,XS|S|M|L|XL|XXL,embroidery|screen,left_chest|back|sleeve,yes,"Shell: Piqué, 5% Elastane,95% Cotton - Organic Ring Spun Combed, Fabric washed","Shell: Piqué, 5% Elastane,95% Cotton - Organic Ring Spun Combed, Fabric washed",200,,,,Stanley/Stella,STPW333,,,,,,,,,,,,,,,No supplier cost on file — quote on inquiry.,,,,,,,,,,,
variant,MP-0068,,,,published,,,,,,,,,,,,,,,,,,,,,,,,c001,MP0068-C001,0.00,,,,,,,,,,,,,,,,,,,,,,,
variant,MP-0068,,,,published,,,,,,,,,,,,,,,,,,,,,,,,c002,MP0068-C002,0.00,,,,,,,,,,,,,,,,,,,,,,,
variant,MP-0068,,,,published,,,,,,,,,,,,,,,,,,,,,,,,c253,MP0068-C253,0.00,,,,,,,,,,,,,,,,,,,,,,,
variant,MP-0068,,,,published,,,,,,,,,,,,,,,,,,,,,,,,c232,MP0068-C232,0.00,,,,,,,,,,,,,,,,,,,,,,,
variant,MP-0068,,,,published,,,,,,,,,,,,,,,,,,,,,,,,c230,MP0068-C230,0.00,,,,,,,,,,,,,,,,,,,,,,,
variant,MP-0068,,,,published,,,,,,,,,,,,,,,,,,,,,,,,c004,MP0068-C004,0.00,,,,,,,,,,,,,,,,,,,,,,,
variant,MP-0068,,,,published,,,,,,,,,,,,,,,,,,,,,,,,c244,MP0068-C244,0.00,,,,,,,,,,,,,,,,,,,,,,,
variant,MP-0068,,,,published,,,,,,,,,,,,,,,,,,,,,,,,c727,MP0068-C727,0.00,,,,,,,,,,,,,,,,,,,,,,,
variant,MP-0068,,,,published,,,,,,,,,,,,,,,,,,,,,,,,c068,MP0068-C068,0.00,,,,,,,,,,,,,,,,,,,,,,,
variant,MP-0068,,,,published,,,,,,,,,,,,,,,,,,,,,,,,c005,MP0068-C005,0.00,,,,,,,,,,,,,,,,,,,,,,,
variant,MP-0068,,,,published,,,,,,,,,,,,,,,,,,,,,,,,c250,MP0068-C250,0.00,,,,,,,,,,,,,,,,,,,,,,,
image,MP-0068,,,,,,,,,,,,,,,,,,,,,,,,,,,,,,,,,"https://res.cloudinary.com/www-stanleystella-com/image/upload/c_lpad,w_1600,f_auto,q_auto/v1/TechnicalNames/SFM5_STPW333_C068.jpg?_i=AB",Stella Elliser in Orchid Flower,1,,,,,,,,,,,,,,,,,,
decoration,MP-0068,,,,,,,,,,,,,,,,,,,,,,,,,,,,,,,,,,,,embroidery,left_chest,90,90,6,Vector or DST,Default maximum for the category — confirm per product.,,,,,,,,,,,
decoration,MP-0068,,,,,,,,,,,,,,,,,,,,,,,,,,,,,,,,,,,,embroidery,back,200,200,6,Vector or DST,Default maximum for the category — confirm per product.,,,,,,,,,,,
decoration,MP-0068,,,,,,,,,,,,,,,,,,,,,,,,,,,,,,,,,,,,embroidery,sleeve,70,70,6,Vector or DST,Default maximum for the category — confirm per product.,,,,,,,,,,,
decoration,MP-0068,,,,,,,,,,,,,,,,,,,,,,,,,,,,,,,,,,,,screen,left_chest,100,100,4,Vector,Default maximum for the category — confirm per product.,,,,,,,,,,,
decoration,MP-0068,,,,,,,,,,,,,,,,,,,,,,,,,,,,,,,,,,,,screen,back,320,420,4,Vector,Default maximum for the category — confirm per product.,,,,,,,,,,,
decoration,MP-0068,,,,,,,,,,,,,,,,,,,,,,,,,,,,,,,,,,,,screen,sleeve,80,300,4,Vector,Default maximum for the category — confirm per product.,,,,,,,,,,,
product,MP-0069,palmer,Palmer,Shirts,published,25,EUR,,,,,,,3,5,c375|c371,XS|S|M|L|XL|XXL,embroidery|screen,left_chest|back,yes,"Shell: Twill, 100% Cotton - Organic Ring Spun Slub Carded, Garment washed","Shell: Twill, 100% Cotton - Organic Ring Spun Slub Carded, Garment washed",440,,,,Stanley/Stella,STWU287,,,,,,,,,,,,,,,No supplier cost on file — quote on inquiry.,,,,,,,,,,,
variant,MP-0069,,,,published,,,,,,,,,,,,,,,,,,,,,,,,c375,MP0069-C375,0.00,,,,,,,,,,,,,,,,,,,,,,,
variant,MP-0069,,,,published,,,,,,,,,,,,,,,,,,,,,,,,c371,MP0069-C371,0.00,,,,,,,,,,,,,,,,,,,,,,,
image,MP-0069,,,,,,,,,,,,,,,,,,,,,,,,,,,,,,,,,"https://res.cloudinary.com/www-stanleystella-com/image/upload/c_lpad,w_1600,f_auto,q_auto/v1/TechnicalNames/SBM0_STWU287_C375.jpg?_i=AB",Palmer in Rinse Wash,1,,,,,,,,,,,,,,,,,,
image,MP-0069,,,,,,,,,,,,,,,,,,,,,,,,,,,,c371,,,,,"https://res.cloudinary.com/www-stanleystella-com/image/upload/c_lpad,w_1600,f_auto,q_auto/v1/TechnicalNames/DFM0_STWU287_C371.jpg?_i=AB",Palmer in Mid Wash,2,,,,,,,,,,,,,,,,,,
decoration,MP-0069,,,,,,,,,,,,,,,,,,,,,,,,,,,,,,,,,,,,embroidery,left_chest,90,90,6,Vector or DST,Default maximum for the category — confirm per product.,,,,,,,,,,,
decoration,MP-0069,,,,,,,,,,,,,,,,,,,,,,,,,,,,,,,,,,,,embroidery,back,200,200,6,Vector or DST,Default maximum for the category — confirm per product.,,,,,,,,,,,
decoration,MP-0069,,,,,,,,,,,,,,,,,,,,,,,,,,,,,,,,,,,,screen,left_chest,100,100,4,Vector,Default maximum for the category — confirm per product.,,,,,,,,,,,
decoration,MP-0069,,,,,,,,,,,,,,,,,,,,,,,,,,,,,,,,,,,,screen,back,320,420,4,Vector,Default maximum for the category — confirm per product.,,,,,,,,,,,
product,MP-0070,stanley-denim-shirt,Stanley Denim Shirt,Shirts,published,25,EUR,56.06,52.89,49.87,47.45,46.30,26.55,3,5,c370|c371,S|M|L|XL|XXL|3XL|4XL|5XL,embroidery|screen,left_chest|back,yes,"Shell: Woven denim, 100% Cotton - Organic Ring Spun Carded, Garment washed","Shell: Woven denim, 100% Cotton - Organic Ring Spun Carded, Garment washed",235,,,,Stanley/Stella,STWM967,,,,,,,,,,,,,,,cost 26.55; worst-case decoration 5.86 at 100; market blank 27.16; ours 1.84x market,,,,,,,,,,,
variant,MP-0070,,,,published,,,,,,,,,,,,,,,,,,,,,,,,c370,MP0070-C370,0.00,,,,,,,,,,,,,,,,,,,,,,,
variant,MP-0070,,,,published,,,,,,,,,,,,,,,,,,,,,,,,c371,MP0070-C371,0.00,,,,,,,,,,,,,,,,,,,,,,,
image,MP-0070,,,,,,,,,,,,,,,,,,,,,,,,,,,,,,,,,"https://res.cloudinary.com/www-stanleystella-com/image/upload/c_lpad,w_1600,f_auto,q_auto/v1/TechnicalNames/PBM0_STWM967_C370.jpg?_i=AB",Stanley Denim Shirt in Light Wash,1,,,,,,,,,,,,,,,,,,
image,MP-0070,,,,,,,,,,,,,,,,,,,,,,,,,,,,c371,,,,,"https://res.cloudinary.com/www-stanleystella-com/image/upload/c_lpad,w_1600,f_auto,q_auto/v1/TechnicalNames/SFM2_STWM967_C371.jpg?_i=AB",Stanley Denim Shirt in Mid Wash,2,,,,,,,,,,,,,,,,,,
decoration,MP-0070,,,,,,,,,,,,,,,,,,,,,,,,,,,,,,,,,,,,embroidery,left_chest,90,90,6,Vector or DST,Default maximum for the category — confirm per product.,,,,,,,,,,,
decoration,MP-0070,,,,,,,,,,,,,,,,,,,,,,,,,,,,,,,,,,,,embroidery,back,200,200,6,Vector or DST,Default maximum for the category — confirm per product.,,,,,,,,,,,
decoration,MP-0070,,,,,,,,,,,,,,,,,,,,,,,,,,,,,,,,,,,,screen,left_chest,100,100,4,Vector,Default maximum for the category — confirm per product.,,,,,,,,,,,
decoration,MP-0070,,,,,,,,,,,,,,,,,,,,,,,,,,,,,,,,,,,,screen,back,320,420,4,Vector,Default maximum for the category — confirm per product.,,,,,,,,,,,
product,MP-0071,stanley-oxford-shirt,Stanley Oxford Shirt,Shirts,published,25,EUR,55.36,52.20,49.17,46.76,45.61,26.10,3,5,c002|c001|c727|c363|c362|c253,S|M|L|XL|XXL|3XL|4XL|5XL,embroidery|screen,left_chest|back,yes,"Shell: Oxford, 100% Cotton - Organic Ring Spun Combed, Garment washed","Shell: Oxford, 100% Cotton - Organic Ring Spun Combed, Garment washed",190,,,,Stanley/Stella,STWM968,,,,,,,,,,,,,,,cost 26.10; worst-case decoration 5.86 at 100; market blank 26.66; ours 1.84x market,,,,,,,,,,,
variant,MP-0071,,,,published,,,,,,,,,,,,,,,,,,,,,,,,c002,MP0071-C002,0.00,,,,,,,,,,,,,,,,,,,,,,,
variant,MP-0071,,,,published,,,,,,,,,,,,,,,,,,,,,,,,c001,MP0071-C001,0.00,,,,,,,,,,,,,,,,,,,,,,,
variant,MP-0071,,,,published,,,,,,,,,,,,,,,,,,,,,,,,c727,MP0071-C727,0.00,,,,,,,,,,,,,,,,,,,,,,,
variant,MP-0071,,,,published,,,,,,,,,,,,,,,,,,,,,,,,c363,MP0071-C363,0.00,,,,,,,,,,,,,,,,,,,,,,,
variant,MP-0071,,,,published,,,,,,,,,,,,,,,,,,,,,,,,c362,MP0071-C362,0.00,,,,,,,,,,,,,,,,,,,,,,,
variant,MP-0071,,,,published,,,,,,,,,,,,,,,,,,,,,,,,c253,MP0071-C253,0.00,,,,,,,,,,,,,,,,,,,,,,,
image,MP-0071,,,,,,,,,,,,,,,,,,,,,,,,,,,,,,,,,"https://res.cloudinary.com/www-stanleystella-com/image/upload/c_lpad,w_1600,f_auto,q_auto/v1/TechnicalNames/SFC0_STWM968_C002.jpg?_i=AB",Stanley Oxford Shirt in Black,1,,,,,,,,,,,,,,,,,,
image,MP-0071,,,,,,,,,,,,,,,,,,,,,,,,,,,,c001,,,,,"https://res.cloudinary.com/www-stanleystella-com/image/upload/c_lpad,w_1600,f_auto,q_auto/v1/TechnicalNames/SBC0_STWM968_C001.jpg?_i=AB",Stanley Oxford Shirt in White,2,,,,,,,,,,,,,,,,,,
image,MP-0071,,,,,,,,,,,,,,,,,,,,,,,,,,,,c727,,,,,"https://res.cloudinary.com/www-stanleystella-com/image/upload/c_lpad,w_1600,f_auto,q_auto/v1/TechnicalNames/SBC0_STWM968_C727.jpg?_i=AB",Stanley Oxford Shirt in French Navy,3,,,,,,,,,,,,,,,,,,
image,MP-0071,,,,,,,,,,,,,,,,,,,,,,,,,,,,c363,,,,,"https://res.cloudinary.com/www-stanleystella-com/image/upload/c_lpad,w_1600,f_auto,q_auto/v1/TechnicalNames/SBC0_STWM968_C363.jpg?_i=AB",Stanley Oxford Shirt in Blue Oxford,4,,,,,,,,,,,,,,,,,,
image,MP-0071,,,,,,,,,,,,,,,,,,,,,,,,,,,,c362,,,,,"https://res.cloudinary.com/www-stanleystella-com/image/upload/c_lpad,w_1600,f_auto,q_auto/v1/TechnicalNames/SFM2_STWM968_C362.jpg?_i=AB",Stanley Oxford Shirt in Beige Oxford,5,,,,,,,,,,,,,,,,,,
image,MP-0071,,,,,,,,,,,,,,,,,,,,,,,,,,,,c253,,,,,"https://res.cloudinary.com/www-stanleystella-com/image/upload/c_lpad,w_1600,f_auto,q_auto/v1/TechnicalNames/SBC0_STWM968_C253.jpg?_i=AB",Stanley Oxford Shirt in Anthracite,6,,,,,,,,,,,,,,,,,,
decoration,MP-0071,,,,,,,,,,,,,,,,,,,,,,,,,,,,,,,,,,,,embroidery,left_chest,90,90,6,Vector or DST,Default maximum for the category — confirm per product.,,,,,,,,,,,
decoration,MP-0071,,,,,,,,,,,,,,,,,,,,,,,,,,,,,,,,,,,,embroidery,back,200,200,6,Vector or DST,Default maximum for the category — confirm per product.,,,,,,,,,,,
decoration,MP-0071,,,,,,,,,,,,,,,,,,,,,,,,,,,,,,,,,,,,screen,left_chest,100,100,4,Vector,Default maximum for the category — confirm per product.,,,,,,,,,,,
decoration,MP-0071,,,,,,,,,,,,,,,,,,,,,,,,,,,,,,,,,,,,screen,back,320,420,4,Vector,Default maximum for the category — confirm per product.,,,,,,,,,,,
product,MP-0072,stanley-styler-shirt,Stanley Styler Shirt,Shirts,published,25,EUR,54.06,50.89,47.87,45.45,44.30,25.25,3,5,c002|c001|c727|c366|c367|c361,S|M|L|XL|XXL|3XL|4XL|5XL,embroidery|screen,left_chest|back,yes,"Shell: Poplin, 100% Cotton - Organic Ring Spun Combed, Garment washed","Shell: Poplin, 100% Cotton - Organic Ring Spun Combed, Garment washed",130,,,,Stanley/Stella,STWM969,,,,,,,,,,,,,,,cost 25.25; worst-case decoration 5.86 at 100; market blank 25.38; ours 1.89x market,,,,,,,,,,,
variant,MP-0072,,,,published,,,,,,,,,,,,,,,,,,,,,,,,c002,MP0072-C002,0.00,,,,,,,,,,,,,,,,,,,,,,,
variant,MP-0072,,,,published,,,,,,,,,,,,,,,,,,,,,,,,c001,MP0072-C001,0.00,,,,,,,,,,,,,,,,,,,,,,,
variant,MP-0072,,,,published,,,,,,,,,,,,,,,,,,,,,,,,c727,MP0072-C727,0.00,,,,,,,,,,,,,,,,,,,,,,,
variant,MP-0072,,,,published,,,,,,,,,,,,,,,,,,,,,,,,c366,MP0072-C366,0.00,,,,,,,,,,,,,,,,,,,,,,,
variant,MP-0072,,,,published,,,,,,,,,,,,,,,,,,,,,,,,c367,MP0072-C367,0.00,,,,,,,,,,,,,,,,,,,,,,,
variant,MP-0072,,,,published,,,,,,,,,,,,,,,,,,,,,,,,c361,MP0072-C361,0.00,,,,,,,,,,,,,,,,,,,,,,,
image,MP-0072,,,,,,,,,,,,,,,,,,,,,,,,,,,,,,,,,"https://res.cloudinary.com/www-stanleystella-com/image/upload/c_lpad,w_1600,f_auto,q_auto/v1/TechnicalNames/SBC0_STWM969_C002.jpg?_i=AB",Stanley Styler Shirt in Black,1,,,,,,,,,,,,,,,,,,
image,MP-0072,,,,,,,,,,,,,,,,,,,,,,,,,,,,c001,,,,,"https://res.cloudinary.com/www-stanleystella-com/image/upload/c_lpad,w_1600,f_auto,q_auto/v1/TechnicalNames/SFC1_STWM969_C001.jpg?_i=AB",Stanley Styler Shirt in White,2,,,,,,,,,,,,,,,,,,
image,MP-0072,,,,,,,,,,,,,,,,,,,,,,,,,,,,c727,,,,,"https://res.cloudinary.com/www-stanleystella-com/image/upload/c_lpad,w_1600,f_auto,q_auto/v1/TechnicalNames/SBC0_STWM969_C727.jpg?_i=AB",Stanley Styler Shirt in French Navy,3,,,,,,,,,,,,,,,,,,
image,MP-0072,,,,,,,,,,,,,,,,,,,,,,,,,,,,c366,,,,,"https://res.cloudinary.com/www-stanleystella-com/image/upload/c_lpad,w_1600,f_auto,q_auto/v1/TechnicalNames/SBC0_STWM969_C366.jpg?_i=AB",Stanley Styler Shirt in Summer Blue,4,,,,,,,,,,,,,,,,,,
image,MP-0072,,,,,,,,,,,,,,,,,,,,,,,,,,,,c367,,,,,"https://res.cloudinary.com/www-stanleystella-com/image/upload/c_lpad,w_1600,f_auto,q_auto/v1/TechnicalNames/SFM2_STWM969_C367.jpg?_i=AB",Stanley Styler Shirt in Soft Khaki,5,,,,,,,,,,,,,,,,,,
image,MP-0072,,,,,,,,,,,,,,,,,,,,,,,,,,,,c361,,,,,"https://res.cloudinary.com/www-stanleystella-com/image/upload/c_lpad,w_1600,f_auto,q_auto/v1/TechnicalNames/SBC0_STWM969_C361.jpg?_i=AB",Stanley Styler Shirt in Cream,6,,,,,,,,,,,,,,,,,,
decoration,MP-0072,,,,,,,,,,,,,,,,,,,,,,,,,,,,,,,,,,,,embroidery,left_chest,90,90,6,Vector or DST,Default maximum for the category — confirm per product.,,,,,,,,,,,
decoration,MP-0072,,,,,,,,,,,,,,,,,,,,,,,,,,,,,,,,,,,,embroidery,back,200,200,6,Vector or DST,Default maximum for the category — confirm per product.,,,,,,,,,,,
decoration,MP-0072,,,,,,,,,,,,,,,,,,,,,,,,,,,,,,,,,,,,screen,left_chest,100,100,4,Vector,Default maximum for the category — confirm per product.,,,,,,,,,,,
decoration,MP-0072,,,,,,,,,,,,,,,,,,,,,,,,,,,,,,,,,,,,screen,back,320,420,4,Vector,Default maximum for the category — confirm per product.,,,,,,,,,,,
product,MP-0073,stella-denim-shirt,Stella Denim Shirt,Shirts,published,25,EUR,56.06,52.89,49.87,47.45,46.30,26.55,3,5,c370|c371,XS|S|M|L|XL|XXL|3XL,embroidery|screen,left_chest|back,yes,"Shell: Woven denim, 100% Cotton - Organic Ring Spun Carded, Garment washed","Shell: Woven denim, 100% Cotton - Organic Ring Spun Carded, Garment washed",235,,,,Stanley/Stella,STWW970,,,,,,,,,,,,,,,cost 26.55; worst-case decoration 5.86 at 100; market blank 27.16; ours 1.84x market,,,,,,,,,,,
variant,MP-0073,,,,published,,,,,,,,,,,,,,,,,,,,,,,,c370,MP0073-C370,0.00,,,,,,,,,,,,,,,,,,,,,,,
variant,MP-0073,,,,published,,,,,,,,,,,,,,,,,,,,,,,,c371,MP0073-C371,0.00,,,,,,,,,,,,,,,,,,,,,,,
image,MP-0073,,,,,,,,,,,,,,,,,,,,,,,,,,,,,,,,,"https://res.cloudinary.com/www-stanleystella-com/image/upload/c_lpad,w_1600,f_auto,q_auto/v1/TechnicalNames/DFM0_STWW970_C370.jpg?_i=AB",Stella Denim Shirt in Light Wash,1,,,,,,,,,,,,,,,,,,
image,MP-0073,,,,,,,,,,,,,,,,,,,,,,,,,,,,c371,,,,,"https://res.cloudinary.com/www-stanleystella-com/image/upload/c_lpad,w_1600,f_auto,q_auto/v1/TechnicalNames/PBM0_STWW970_C371.jpg?_i=AB",Stella Denim Shirt in Mid Wash,2,,,,,,,,,,,,,,,,,,
decoration,MP-0073,,,,,,,,,,,,,,,,,,,,,,,,,,,,,,,,,,,,embroidery,left_chest,90,90,6,Vector or DST,Default maximum for the category — confirm per product.,,,,,,,,,,,
decoration,MP-0073,,,,,,,,,,,,,,,,,,,,,,,,,,,,,,,,,,,,embroidery,back,200,200,6,Vector or DST,Default maximum for the category — confirm per product.,,,,,,,,,,,
decoration,MP-0073,,,,,,,,,,,,,,,,,,,,,,,,,,,,,,,,,,,,screen,left_chest,100,100,4,Vector,Default maximum for the category — confirm per product.,,,,,,,,,,,
decoration,MP-0073,,,,,,,,,,,,,,,,,,,,,,,,,,,,,,,,,,,,screen,back,320,420,4,Vector,Default maximum for the category — confirm per product.,,,,,,,,,,,
product,MP-0074,stella-ember,Stella Ember,Shirts,published,25,EUR,,,,,,,3,5,c370|c371,S|M|L,embroidery|screen,left_chest|back,yes,"Shell: Twill, 100% Cotton - Organic Ring Spun Slub Carded, Garment washed","Shell: Twill, 100% Cotton - Organic Ring Spun Slub Carded, Garment washed",440,,,,Stanley/Stella,STWW288,,,,,,,,,,,,,,,No supplier cost on file — quote on inquiry.,,,,,,,,,,,
variant,MP-0074,,,,published,,,,,,,,,,,,,,,,,,,,,,,,c370,MP0074-C370,0.00,,,,,,,,,,,,,,,,,,,,,,,
variant,MP-0074,,,,published,,,,,,,,,,,,,,,,,,,,,,,,c371,MP0074-C371,0.00,,,,,,,,,,,,,,,,,,,,,,,
image,MP-0074,,,,,,,,,,,,,,,,,,,,,,,,,,,,,,,,,"https://res.cloudinary.com/www-stanleystella-com/image/upload/c_lpad,w_1600,f_auto,q_auto/v1/TechnicalNames/SBM5_STWW288_C370.jpg?_i=AB",Stella Ember in Light Wash,1,,,,,,,,,,,,,,,,,,
image,MP-0074,,,,,,,,,,,,,,,,,,,,,,,,,,,,c371,,,,,"https://res.cloudinary.com/www-stanleystella-com/image/upload/c_lpad,w_1600,f_auto,q_auto/v1/TechnicalNames/SFM5_STWW288_C371.jpg?_i=AB",Stella Ember in Mid Wash,2,,,,,,,,,,,,,,,,,,
decoration,MP-0074,,,,,,,,,,,,,,,,,,,,,,,,,,,,,,,,,,,,embroidery,left_chest,90,90,6,Vector or DST,Default maximum for the category — confirm per product.,,,,,,,,,,,
decoration,MP-0074,,,,,,,,,,,,,,,,,,,,,,,,,,,,,,,,,,,,embroidery,back,200,200,6,Vector or DST,Default maximum for the category — confirm per product.,,,,,,,,,,,
decoration,MP-0074,,,,,,,,,,,,,,,,,,,,,,,,,,,,,,,,,,,,screen,left_chest,100,100,4,Vector,Default maximum for the category — confirm per product.,,,,,,,,,,,
decoration,MP-0074,,,,,,,,,,,,,,,,,,,,,,,,,,,,,,,,,,,,screen,back,320,420,4,Vector,Default maximum for the category — confirm per product.,,,,,,,,,,,
product,MP-0075,stella-harper,Stella Harper,Shirts,published,25,EUR,47.59,44.43,41.40,38.99,37.84,21.05,3,5,c001|c366,S|M|L,embroidery|screen,left_chest|back,yes,"Shell: Poplin, 100% Cotton - Organic Ring Spun Combed, Garment washed","Shell: Poplin, 100% Cotton - Organic Ring Spun Combed, Garment washed",130,,,,Stanley/Stella,STWW270,,,,,,,,,,,,,,,cost 21.05; worst-case decoration 5.86 at 100; market blank 26.09; ours 1.59x market,,,,,,,,,,,
variant,MP-0075,,,,published,,,,,,,,,,,,,,,,,,,,,,,,c001,MP0075-C001,0.00,,,,,,,,,,,,,,,,,,,,,,,
variant,MP-0075,,,,published,,,,,,,,,,,,,,,,,,,,,,,,c366,MP0075-C366,0.00,,,,,,,,,,,,,,,,,,,,,,,
image,MP-0075,,,,,,,,,,,,,,,,,,,,,,,,,,,,,,,,,"https://res.cloudinary.com/www-stanleystella-com/image/upload/c_lpad,w_1600,f_auto,q_auto/v1/TechnicalNames/SFM5_STWW270_C001.jpg?_i=AB",Stella Harper in White,1,,,,,,,,,,,,,,,,,,
image,MP-0075,,,,,,,,,,,,,,,,,,,,,,,,,,,,c366,,,,,"https://res.cloudinary.com/www-stanleystella-com/image/upload/c_lpad,w_1600,f_auto,q_auto/v1/TechnicalNames/SFM5_STWW270_C366.jpg?_i=AB",Stella Harper in Summer Blue,2,,,,,,,,,,,,,,,,,,
decoration,MP-0075,,,,,,,,,,,,,,,,,,,,,,,,,,,,,,,,,,,,embroidery,left_chest,90,90,6,Vector or DST,Default maximum for the category — confirm per product.,,,,,,,,,,,
decoration,MP-0075,,,,,,,,,,,,,,,,,,,,,,,,,,,,,,,,,,,,embroidery,back,200,200,6,Vector or DST,Default maximum for the category — confirm per product.,,,,,,,,,,,
decoration,MP-0075,,,,,,,,,,,,,,,,,,,,,,,,,,,,,,,,,,,,screen,left_chest,100,100,4,Vector,Default maximum for the category — confirm per product.,,,,,,,,,,,
decoration,MP-0075,,,,,,,,,,,,,,,,,,,,,,,,,,,,,,,,,,,,screen,back,320,420,4,Vector,Default maximum for the category — confirm per product.,,,,,,,,,,,
product,MP-0076,stella-oxford-shirt,Stella Oxford Shirt,Shirts,published,25,EUR,55.36,52.20,49.17,46.76,45.61,26.10,3,5,c002|c001|c727|c363|c362|c253,XS|S|M|L|XL|XXL|3XL,embroidery|screen,left_chest|back,yes,"Shell: Oxford, 100% Cotton - Organic Ring Spun Combed, Garment washed","Shell: Oxford, 100% Cotton - Organic Ring Spun Combed, Garment washed",190,,,,Stanley/Stella,STWW971,,,,,,,,,,,,,,,cost 26.10; worst-case decoration 5.86 at 100; market blank 26.66; ours 1.84x market,,,,,,,,,,,
variant,MP-0076,,,,published,,,,,,,,,,,,,,,,,,,,,,,,c002,MP0076-C002,0.00,,,,,,,,,,,,,,,,,,,,,,,
variant,MP-0076,,,,published,,,,,,,,,,,,,,,,,,,,,,,,c001,MP0076-C001,0.00,,,,,,,,,,,,,,,,,,,,,,,
variant,MP-0076,,,,published,,,,,,,,,,,,,,,,,,,,,,,,c727,MP0076-C727,0.00,,,,,,,,,,,,,,,,,,,,,,,
variant,MP-0076,,,,published,,,,,,,,,,,,,,,,,,,,,,,,c363,MP0076-C363,0.00,,,,,,,,,,,,,,,,,,,,,,,
variant,MP-0076,,,,published,,,,,,,,,,,,,,,,,,,,,,,,c362,MP0076-C362,0.00,,,,,,,,,,,,,,,,,,,,,,,
variant,MP-0076,,,,published,,,,,,,,,,,,,,,,,,,,,,,,c253,MP0076-C253,0.00,,,,,,,,,,,,,,,,,,,,,,,
image,MP-0076,,,,,,,,,,,,,,,,,,,,,,,,,,,,,,,,,"https://res.cloudinary.com/www-stanleystella-com/image/upload/c_lpad,w_1600,f_auto,q_auto/v1/TechnicalNames/SFC5_STWW971_C002.jpg?_i=AB",Stella Oxford Shirt in Black,1,,,,,,,,,,,,,,,,,,
image,MP-0076,,,,,,,,,,,,,,,,,,,,,,,,,,,,c001,,,,,"https://res.cloudinary.com/www-stanleystella-com/image/upload/c_lpad,w_1600,f_auto,q_auto/v1/TechnicalNames/SFC5_STWW971_C001.jpg?_i=AB",Stella Oxford Shirt in White,2,,,,,,,,,,,,,,,,,,
image,MP-0076,,,,,,,,,,,,,,,,,,,,,,,,,,,,c727,,,,,"https://res.cloudinary.com/www-stanleystella-com/image/upload/c_lpad,w_1600,f_auto,q_auto/v1/TechnicalNames/SFC5_STWW971_C727.jpg?_i=AB",Stella Oxford Shirt in French Navy,3,,,,,,,,,,,,,,,,,,
image,MP-0076,,,,,,,,,,,,,,,,,,,,,,,,,,,,c363,,,,,"https://res.cloudinary.com/www-stanleystella-com/image/upload/c_lpad,w_1600,f_auto,q_auto/v1/TechnicalNames/SFC5_STWW971_C363.jpg?_i=AB",Stella Oxford Shirt in Blue Oxford,4,,,,,,,,,,,,,,,,,,
image,MP-0076,,,,,,,,,,,,,,,,,,,,,,,,,,,,c362,,,,,"https://res.cloudinary.com/www-stanleystella-com/image/upload/c_lpad,w_1600,f_auto,q_auto/v1/TechnicalNames/SFC5_STWW971_C362.jpg?_i=AB",Stella Oxford Shirt in Beige Oxford,5,,,,,,,,,,,,,,,,,,
image,MP-0076,,,,,,,,,,,,,,,,,,,,,,,,,,,,c253,,,,,"https://res.cloudinary.com/www-stanleystella-com/image/upload/c_lpad,w_1600,f_auto,q_auto/v1/TechnicalNames/SFC5_STWW971_C253.jpg?_i=AB",Stella Oxford Shirt in Anthracite,6,,,,,,,,,,,,,,,,,,
decoration,MP-0076,,,,,,,,,,,,,,,,,,,,,,,,,,,,,,,,,,,,embroidery,left_chest,90,90,6,Vector or DST,Default maximum for the category — confirm per product.,,,,,,,,,,,
decoration,MP-0076,,,,,,,,,,,,,,,,,,,,,,,,,,,,,,,,,,,,embroidery,back,200,200,6,Vector or DST,Default maximum for the category — confirm per product.,,,,,,,,,,,
decoration,MP-0076,,,,,,,,,,,,,,,,,,,,,,,,,,,,,,,,,,,,screen,left_chest,100,100,4,Vector,Default maximum for the category — confirm per product.,,,,,,,,,,,
decoration,MP-0076,,,,,,,,,,,,,,,,,,,,,,,,,,,,,,,,,,,,screen,back,320,420,4,Vector,Default maximum for the category — confirm per product.,,,,,,,,,,,
product,MP-0077,stella-styler-shirt,Stella Styler Shirt,Shirts,published,25,EUR,47.52,44.36,41.33,38.91,37.76,21.00,3,5,c002|c001|c727|c366|c367|c361,XS|S|M|L|XL|XXL,embroidery|screen,left_chest|back,yes,"Shell: Poplin, 100% Cotton - Organic Ring Spun Combed, Garment washed","Shell: Poplin, 100% Cotton - Organic Ring Spun Combed, Garment washed",130,,,,Stanley/Stella,STWW973,,,,,,,,,,,,,,,cost 21.00; worst-case decoration 5.86 at 100; market blank 25.38; ours 1.63x market,,,,,,,,,,,
variant,MP-0077,,,,published,,,,,,,,,,,,,,,,,,,,,,,,c002,MP0077-C002,0.00,,,,,,,,,,,,,,,,,,,,,,,
variant,MP-0077,,,,published,,,,,,,,,,,,,,,,,,,,,,,,c001,MP0077-C001,0.00,,,,,,,,,,,,,,,,,,,,,,,
variant,MP-0077,,,,published,,,,,,,,,,,,,,,,,,,,,,,,c727,MP0077-C727,0.00,,,,,,,,,,,,,,,,,,,,,,,
variant,MP-0077,,,,published,,,,,,,,,,,,,,,,,,,,,,,,c366,MP0077-C366,0.00,,,,,,,,,,,,,,,,,,,,,,,
variant,MP-0077,,,,published,,,,,,,,,,,,,,,,,,,,,,,,c367,MP0077-C367,0.00,,,,,,,,,,,,,,,,,,,,,,,
variant,MP-0077,,,,published,,,,,,,,,,,,,,,,,,,,,,,,c361,MP0077-C361,0.00,,,,,,,,,,,,,,,,,,,,,,,
image,MP-0077,,,,,,,,,,,,,,,,,,,,,,,,,,,,,,,,,"https://res.cloudinary.com/www-stanleystella-com/image/upload/c_lpad,w_1600,f_auto,q_auto/v1/TechnicalNames/SFC5_STWW973_C002.jpg?_i=AB",Stella Styler Shirt in Black,1,,,,,,,,,,,,,,,,,,
image,MP-0077,,,,,,,,,,,,,,,,,,,,,,,,,,,,c001,,,,,"https://res.cloudinary.com/www-stanleystella-com/image/upload/c_lpad,w_1600,f_auto,q_auto/v1/TechnicalNames/SFC7_STWW973_C001.jpg?_i=AB",Stella Styler Shirt in White,2,,,,,,,,,,,,,,,,,,
image,MP-0077,,,,,,,,,,,,,,,,,,,,,,,,,,,,c727,,,,,"https://res.cloudinary.com/www-stanleystella-com/image/upload/c_lpad,w_1600,f_auto,q_auto/v1/TechnicalNames/SFC5_STWW973_C727.jpg?_i=AB",Stella Styler Shirt in French Navy,3,,,,,,,,,,,,,,,,,,
image,MP-0077,,,,,,,,,,,,,,,,,,,,,,,,,,,,c366,,,,,"https://res.cloudinary.com/www-stanleystella-com/image/upload/c_lpad,w_1600,f_auto,q_auto/v1/TechnicalNames/SFM7_STWW973_C366.jpg?_i=AB",Stella Styler Shirt in Summer Blue,4,,,,,,,,,,,,,,,,,,
image,MP-0077,,,,,,,,,,,,,,,,,,,,,,,,,,,,c367,,,,,"https://res.cloudinary.com/www-stanleystella-com/image/upload/c_lpad,w_1600,f_auto,q_auto/v1/TechnicalNames/SFC6_STWW973_C367.jpg?_i=AB",Stella Styler Shirt in Soft Khaki,5,,,,,,,,,,,,,,,,,,
image,MP-0077,,,,,,,,,,,,,,,,,,,,,,,,,,,,c361,,,,,"https://res.cloudinary.com/www-stanleystella-com/image/upload/c_lpad,w_1600,f_auto,q_auto/v1/TechnicalNames/SFC5_STWW973_C361.jpg?_i=AB",Stella Styler Shirt in Cream,6,,,,,,,,,,,,,,,,,,
decoration,MP-0077,,,,,,,,,,,,,,,,,,,,,,,,,,,,,,,,,,,,embroidery,left_chest,90,90,6,Vector or DST,Default maximum for the category — confirm per product.,,,,,,,,,,,
decoration,MP-0077,,,,,,,,,,,,,,,,,,,,,,,,,,,,,,,,,,,,embroidery,back,200,200,6,Vector or DST,Default maximum for the category — confirm per product.,,,,,,,,,,,
decoration,MP-0077,,,,,,,,,,,,,,,,,,,,,,,,,,,,,,,,,,,,screen,left_chest,100,100,4,Vector,Default maximum for the category — confirm per product.,,,,,,,,,,,
decoration,MP-0077,,,,,,,,,,,,,,,,,,,,,,,,,,,,,,,,,,,,screen,back,320,420,4,Vector,Default maximum for the category — confirm per product.,,,,,,,,,,,
product,MP-0078,worker,Worker,Shirts,published,25,EUR,53.75,50.59,47.56,45.14,43.99,25.05,3,5,c054|c373|c160|c157|c140,XS|S|M|L|XL|XXL,embroidery|screen,left_chest|back,yes,"Shell: Twill, 100% Cotton - Organic Ring Spun Carded, Garment washed, Garment dyed","Shell: Twill, 100% Cotton - Organic Ring Spun Carded, Garment washed, Garment dyed",285,,,,Stanley/Stella,STWU975,,,,,,,,,,,,,,,cost 25.05; worst-case decoration 5.86 at 100; market blank 27.48; ours 1.73x market,,,,,,,,,,,
variant,MP-0078,,,,published,,,,,,,,,,,,,,,,,,,,,,,,c054,MP0078-C054,0.00,,,,,,,,,,,,,,,,,,,,,,,
variant,MP-0078,,,,published,,,,,,,,,,,,,,,,,,,,,,,,c373,MP0078-C373,0.00,,,,,,,,,,,,,,,,,,,,,,,
variant,MP-0078,,,,published,,,,,,,,,,,,,,,,,,,,,,,,c160,MP0078-C160,0.00,,,,,,,,,,,,,,,,,,,,,,,
variant,MP-0078,,,,published,,,,,,,,,,,,,,,,,,,,,,,,c157,MP0078-C157,0.00,,,,,,,,,,,,,,,,,,,,,,,
variant,MP-0078,,,,published,,,,,,,,,,,,,,,,,,,,,,,,c140,MP0078-C140,0.00,,,,,,,,,,,,,,,,,,,,,,,
image,MP-0078,,,,,,,,,,,,,,,,,,,,,,,,,,,,,,,,,"https://res.cloudinary.com/www-stanleystella-com/image/upload/c_lpad,w_1600,f_auto,q_auto/v1/TechnicalNames/PBM0_STWU975_C054.jpg?_i=AB",Worker in Natural Raw,1,,,,,,,,,,,,,,,,,,
image,MP-0078,,,,,,,,,,,,,,,,,,,,,,,,,,,,c373,,,,,"https://res.cloudinary.com/www-stanleystella-com/image/upload/c_lpad,w_1600,f_auto,q_auto/v1/TechnicalNames/PBM0_STWU975_C373.jpg?_i=AB",Worker in G.Dyed Navy,2,,,,,,,,,,,,,,,,,,
image,MP-0078,,,,,,,,,,,,,,,,,,,,,,,,,,,,c160,,,,,"https://res.cloudinary.com/www-stanleystella-com/image/upload/c_lpad,w_1600,f_auto,q_auto/v1/TechnicalNames/SFM0_STWU975_C160.jpg?_i=AB",Worker in G. Dyed Green Bay,3,,,,,,,,,,,,,,,,,,
image,MP-0078,,,,,,,,,,,,,,,,,,,,,,,,,,,,c157,,,,,"https://res.cloudinary.com/www-stanleystella-com/image/upload/c_lpad,w_1600,f_auto,q_auto/v1/TechnicalNames/SBM0_STWU975_C157.jpg?_i=AB",Worker in G. Dyed Misty Grey,4,,,,,,,,,,,,,,,,,,
image,MP-0078,,,,,,,,,,,,,,,,,,,,,,,,,,,,c140,,,,,"https://res.cloudinary.com/www-stanleystella-com/image/upload/c_lpad,w_1600,f_auto,q_auto/v1/TechnicalNames/PBM0_STWU975_C140.jpg?_i=AB",Worker in G. Dyed Black Rock,5,,,,,,,,,,,,,,,,,,
decoration,MP-0078,,,,,,,,,,,,,,,,,,,,,,,,,,,,,,,,,,,,embroidery,left_chest,90,90,6,Vector or DST,Default maximum for the category — confirm per product.,,,,,,,,,,,
decoration,MP-0078,,,,,,,,,,,,,,,,,,,,,,,,,,,,,,,,,,,,embroidery,back,200,200,6,Vector or DST,Default maximum for the category — confirm per product.,,,,,,,,,,,
decoration,MP-0078,,,,,,,,,,,,,,,,,,,,,,,,,,,,,,,,,,,,screen,left_chest,100,100,4,Vector,Default maximum for the category — confirm per product.,,,,,,,,,,,
decoration,MP-0078,,,,,,,,,,,,,,,,,,,,,,,,,,,,,,,,,,,,screen,back,320,420,4,Vector,Default maximum for the category — confirm per product.,,,,,,,,,,,
product,MP-0079,archer,Archer,Sweatshirts,published,25,EUR,48.98,45.82,42.79,40.37,39.23,21.95,3,5,c002|c001|c727|c250|c054|c038|c360|c244|c063|c053|c710|c724|c060|c078,XXS|XS|S|M|L|XL|XXL|3XL,embroidery|screen|dtf|dtg,front|back|left_chest|sleeve,yes,"Shell: French Terry, 85% Cotton - Organic Ring Spun Combed,15% Polyester - Recycled, Fabric washed, Light sueded","Shell: French Terry, 85% Cotton - Organic Ring Spun Combed,15% Polyester - Recycled, Fabric washed, Light sueded",300,,,,Stanley/Stella,STSU011,,,,,,,,,,,,,,,cost 21.95; worst-case decoration 5.86 at 100; market blank 25.71; ours 1.66x market,,,,,,,,,,,
variant,MP-0079,,,,published,,,,,,,,,,,,,,,,,,,,,,,,c002,MP0079-C002,0.00,,,,,,,,,,,,,,,,,,,,,,,
variant,MP-0079,,,,published,,,,,,,,,,,,,,,,,,,,,,,,c001,MP0079-C001,0.00,,,,,,,,,,,,,,,,,,,,,,,
variant,MP-0079,,,,published,,,,,,,,,,,,,,,,,,,,,,,,c727,MP0079-C727,0.00,,,,,,,,,,,,,,,,,,,,,,,
variant,MP-0079,,,,published,,,,,,,,,,,,,,,,,,,,,,,,c250,MP0079-C250,0.00,,,,,,,,,,,,,,,,,,,,,,,
variant,MP-0079,,,,published,,,,,,,,,,,,,,,,,,,,,,,,c054,MP0079-C054,0.00,,,,,,,,,,,,,,,,,,,,,,,
variant,MP-0079,,,,published,,,,,,,,,,,,,,,,,,,,,,,,c038,MP0079-C038,0.00,,,,,,,,,,,,,,,,,,,,,,,
variant,MP-0079,,,,published,,,,,,,,,,,,,,,,,,,,,,,,c360,MP0079-C360,0.00,,,,,,,,,,,,,,,,,,,,,,,
variant,MP-0079,,,,published,,,,,,,,,,,,,,,,,,,,,,,,c244,MP0079-C244,0.00,,,,,,,,,,,,,,,,,,,,,,,
variant,MP-0079,,,,published,,,,,,,,,,,,,,,,,,,,,,,,c063,MP0079-C063,0.00,,,,,,,,,,,,,,,,,,,,,,,
variant,MP-0079,,,,published,,,,,,,,,,,,,,,,,,,,,,,,c053,MP0079-C053,0.00,,,,,,,,,,,,,,,,,,,,,,,
variant,MP-0079,,,,published,,,,,,,,,,,,,,,,,,,,,,,,c710,MP0079-C710,0.00,,,,,,,,,,,,,,,,,,,,,,,
variant,MP-0079,,,,published,,,,,,,,,,,,,,,,,,,,,,,,c724,MP0079-C724,0.00,,,,,,,,,,,,,,,,,,,,,,,
variant,MP-0079,,,,published,,,,,,,,,,,,,,,,,,,,,,,,c060,MP0079-C060,0.00,,,,,,,,,,,,,,,,,,,,,,,
variant,MP-0079,,,,published,,,,,,,,,,,,,,,,,,,,,,,,c078,MP0079-C078,0.00,,,,,,,,,,,,,,,,,,,,,,,
image,MP-0079,,,,,,,,,,,,,,,,,,,,,,,,,,,,,,,,,"https://res.cloudinary.com/www-stanleystella-com/image/upload/c_lpad,w_1600,f_auto,q_auto/v1/TechnicalNames/SBM0_STSU011_C002.jpg?_i=AB",Archer in Black,1,,,,,,,,,,,,,,,,,,
image,MP-0079,,,,,,,,,,,,,,,,,,,,,,,,,,,,c001,,,,,"https://res.cloudinary.com/www-stanleystella-com/image/upload/c_lpad,w_1600,f_auto,q_auto/v1/TechnicalNames/SBM0_STSU011_C001.jpg?_i=AB",Archer in White,2,,,,,,,,,,,,,,,,,,
image,MP-0079,,,,,,,,,,,,,,,,,,,,,,,,,,,,c727,,,,,"https://res.cloudinary.com/www-stanleystella-com/image/upload/c_lpad,w_1600,f_auto,q_auto/v1/TechnicalNames/SBM0_STSU011_C727.jpg?_i=AB",Archer in French Navy,3,,,,,,,,,,,,,,,,,,
image,MP-0079,,,,,,,,,,,,,,,,,,,,,,,,,,,,c250,,,,,"https://res.cloudinary.com/www-stanleystella-com/image/upload/c_lpad,w_1600,f_auto,q_auto/v1/TechnicalNames/SBM0_STSU011_C250.jpg?_i=AB",Archer in Heather Grey,4,,,,,,,,,,,,,,,,,,
image,MP-0079,,,,,,,,,,,,,,,,,,,,,,,,,,,,c054,,,,,"https://res.cloudinary.com/www-stanleystella-com/image/upload/c_lpad,w_1600,f_auto,q_auto/v1/TechnicalNames/SBM0_STSU011_C054.jpg?_i=AB",Archer in Natural Raw,5,,,,,,,,,,,,,,,,,,
image,MP-0079,,,,,,,,,,,,,,,,,,,,,,,,,,,,c038,,,,,"https://res.cloudinary.com/www-stanleystella-com/image/upload/c_lpad,w_1600,f_auto,q_auto/v1/TechnicalNames/SBM0_STSU011_C038.jpg?_i=AB",Archer in Canyon Pink,6,,,,,,,,,,,,,,,,,,
image,MP-0079,,,,,,,,,,,,,,,,,,,,,,,,,,,,c360,,,,,"https://res.cloudinary.com/www-stanleystella-com/image/upload/c_lpad,w_1600,f_auto,q_auto/v1/TechnicalNames/PBM0_STSU011_C360.jpg?_i=AB",Archer in Pink Joy,7,,,,,,,,,,,,,,,,,,
image,MP-0079,,,,,,,,,,,,,,,,,,,,,,,,,,,,c244,,,,,"https://res.cloudinary.com/www-stanleystella-com/image/upload/c_lpad,w_1600,f_auto,q_auto/v1/TechnicalNames/SBM0_STSU011_C244.jpg?_i=AB",Archer in Burgundy,8,,,,,,,,,,,,,,,,,,
image,MP-0079,,,,,,,,,,,,,,,,,,,,,,,,,,,,c063,,,,,"https://res.cloudinary.com/www-stanleystella-com/image/upload/c_lpad,w_1600,f_auto,q_auto/v1/TechnicalNames/PFD0_STSU011_C063.jpg?_i=AB",Archer in Lavender,9,,,,,,,,,,,,,,,,,,
image,MP-0079,,,,,,,,,,,,,,,,,,,,,,,,,,,,c053,,,,,"https://res.cloudinary.com/www-stanleystella-com/image/upload/c_lpad,w_1600,f_auto,q_auto/v1/TechnicalNames/SBM0_STSU011_C053.jpg?_i=AB",Archer in Bright Blue,10,,,,,,,,,,,,,,,,,,
image,MP-0079,,,,,,,,,,,,,,,,,,,,,,,,,,,,c710,,,,,"https://res.cloudinary.com/www-stanleystella-com/image/upload/c_lpad,w_1600,f_auto,q_auto/v1/TechnicalNames/PFD0_STSU011_C710.jpg?_i=AB",Archer in Ocean Depth,11,,,,,,,,,,,,,,,,,,
image,MP-0079,,,,,,,,,,,,,,,,,,,,,,,,,,,,c724,,,,,"https://res.cloudinary.com/www-stanleystella-com/image/upload/c_lpad,w_1600,f_auto,q_auto/v1/TechnicalNames/PFD0_STSU011_C724.jpg?_i=AB",Archer in Caribbean Blue,12,,,,,,,,,,,,,,,,,,
image,MP-0079,,,,,,,,,,,,,,,,,,,,,,,,,,,,c060,,,,,"https://res.cloudinary.com/www-stanleystella-com/image/upload/c_lpad,w_1600,f_auto,q_auto/v1/TechnicalNames/PFD0_STSU011_C060.jpg?_i=AB",Archer in Teal Monstera,13,,,,,,,,,,,,,,,,,,
image,MP-0079,,,,,,,,,,,,,,,,,,,,,,,,,,,,c078,,,,,"https://res.cloudinary.com/www-stanleystella-com/image/upload/c_lpad,w_1600,f_auto,q_auto/v1/TechnicalNames/SFM0_STSU011_C078.jpg?_i=AB",Archer in Butter,14,,,,,,,,,,,,,,,,,,
decoration,MP-0079,,,,,,,,,,,,,,,,,,,,,,,,,,,,,,,,,,,,embroidery,front,160,160,6,Vector or DST,Default maximum for the category — confirm per product.,,,,,,,,,,,
decoration,MP-0079,,,,,,,,,,,,,,,,,,,,,,,,,,,,,,,,,,,,embroidery,back,200,200,6,Vector or DST,Default maximum for the category — confirm per product.,,,,,,,,,,,
decoration,MP-0079,,,,,,,,,,,,,,,,,,,,,,,,,,,,,,,,,,,,embroidery,left_chest,90,90,6,Vector or DST,Default maximum for the category — confirm per product.,,,,,,,,,,,
decoration,MP-0079,,,,,,,,,,,,,,,,,,,,,,,,,,,,,,,,,,,,embroidery,sleeve,70,70,6,Vector or DST,Default maximum for the category — confirm per product.,,,,,,,,,,,
decoration,MP-0079,,,,,,,,,,,,,,,,,,,,,,,,,,,,,,,,,,,,screen,front,300,400,4,Vector,Default maximum for the category — confirm per product.,,,,,,,,,,,
decoration,MP-0079,,,,,,,,,,,,,,,,,,,,,,,,,,,,,,,,,,,,screen,back,320,420,4,Vector,Default maximum for the category — confirm per product.,,,,,,,,,,,
decoration,MP-0079,,,,,,,,,,,,,,,,,,,,,,,,,,,,,,,,,,,,screen,left_chest,100,100,4,Vector,Default maximum for the category — confirm per product.,,,,,,,,,,,
decoration,MP-0079,,,,,,,,,,,,,,,,,,,,,,,,,,,,,,,,,,,,screen,sleeve,80,300,4,Vector,Default maximum for the category — confirm per product.,,,,,,,,,,,
decoration,MP-0079,,,,,,,,,,,,,,,,,,,,,,,,,,,,,,,,,,,,dtf,front,300,400,4,Vector,Default maximum for the category — confirm per product.,,,,,,,,,,,
decoration,MP-0079,,,,,,,,,,,,,,,,,,,,,,,,,,,,,,,,,,,,dtf,back,320,420,4,Vector,Default maximum for the category — confirm per product.,,,,,,,,,,,
decoration,MP-0079,,,,,,,,,,,,,,,,,,,,,,,,,,,,,,,,,,,,dtf,left_chest,100,100,4,Vector,Default maximum for the category — confirm per product.,,,,,,,,,,,
decoration,MP-0079,,,,,,,,,,,,,,,,,,,,,,,,,,,,,,,,,,,,dtf,sleeve,80,300,4,Vector,Default maximum for the category — confirm per product.,,,,,,,,,,,
decoration,MP-0079,,,,,,,,,,,,,,,,,,,,,,,,,,,,,,,,,,,,dtg,front,300,400,4,Vector,Default maximum for the category — confirm per product.,,,,,,,,,,,
decoration,MP-0079,,,,,,,,,,,,,,,,,,,,,,,,,,,,,,,,,,,,dtg,back,320,420,4,Vector,Default maximum for the category — confirm per product.,,,,,,,,,,,
decoration,MP-0079,,,,,,,,,,,,,,,,,,,,,,,,,,,,,,,,,,,,dtg,left_chest,100,100,4,Vector,Default maximum for the category — confirm per product.,,,,,,,,,,,
decoration,MP-0079,,,,,,,,,,,,,,,,,,,,,,,,,,,,,,,,,,,,dtg,sleeve,80,300,4,Vector,Default maximum for the category — confirm per product.,,,,,,,,,,,
product,MP-0080,archer-vintage,Archer Vintage,Sweatshirts,published,25,EUR,57.82,54.66,51.63,49.22,48.07,27.70,3,5,c103|c102|c109|c157|c140,XXS|XS|S|M|L|XL|XXL|3XL,embroidery|screen|dtf|dtg,front|back|left_chest|sleeve,yes,"Shell: French Terry, 100% Cotton - Organic Ring Spun Combed, Garment washed, Garment dyed","Shell: French Terry, 100% Cotton - Organic Ring Spun Combed, Garment washed, Garment dyed",300,,,,Stanley/Stella,STSU040,,,,,,,,,,,,,,,cost 27.70; worst-case decoration 5.86 at 100; market blank 34.03; ours 1.52x market,,,,,,,,,,,
variant,MP-0080,,,,published,,,,,,,,,,,,,,,,,,,,,,,,c103,MP0080-C103,0.00,,,,,,,,,,,,,,,,,,,,,,,
variant,MP-0080,,,,published,,,,,,,,,,,,,,,,,,,,,,,,c102,MP0080-C102,0.00,,,,,,,,,,,,,,,,,,,,,,,
variant,MP-0080,,,,published,,,,,,,,,,,,,,,,,,,,,,,,c109,MP0080-C109,0.00,,,,,,,,,,,,,,,,,,,,,,,
variant,MP-0080,,,,published,,,,,,,,,,,,,,,,,,,,,,,,c157,MP0080-C157,0.00,,,,,,,,,,,,,,,,,,,,,,,
variant,MP-0080,,,,published,,,,,,,,,,,,,,,,,,,,,,,,c140,MP0080-C140,0.00,,,,,,,,,,,,,,,,,,,,,,,
image,MP-0080,,,,,,,,,,,,,,,,,,,,,,,,,,,,,,,,,"https://res.cloudinary.com/www-stanleystella-com/image/upload/c_lpad,w_1600,f_auto,q_auto/v1/TechnicalNames/PFD0_STSU040_C103.jpg?_i=AB",Archer Vintage in G. Dyed Swimmer Blue,1,,,,,,,,,,,,,,,,,,
image,MP-0080,,,,,,,,,,,,,,,,,,,,,,,,,,,,c102,,,,,"https://res.cloudinary.com/www-stanleystella-com/image/upload/c_lpad,w_1600,f_auto,q_auto/v1/TechnicalNames/DFM0_STSU040_C102.jpg?_i=AB",Archer Vintage in G. Dyed Hydro,2,,,,,,,,,,,,,,,,,,
image,MP-0080,,,,,,,,,,,,,,,,,,,,,,,,,,,,c109,,,,,"https://res.cloudinary.com/www-stanleystella-com/image/upload/c_lpad,w_1600,f_auto,q_auto/v1/TechnicalNames/PFD0_STSU040_C109.jpg?_i=AB",Archer Vintage in G. Dyed Khaki,3,,,,,,,,,,,,,,,,,,
image,MP-0080,,,,,,,,,,,,,,,,,,,,,,,,,,,,c157,,,,,"https://res.cloudinary.com/www-stanleystella-com/image/upload/c_lpad,w_1600,f_auto,q_auto/v1/TechnicalNames/SBM0_STSU040_C157.jpg?_i=AB",Archer Vintage in G. Dyed Misty Grey,4,,,,,,,,,,,,,,,,,,
image,MP-0080,,,,,,,,,,,,,,,,,,,,,,,,,,,,c140,,,,,"https://res.cloudinary.com/www-stanleystella-com/image/upload/c_lpad,w_1600,f_auto,q_auto/v1/TechnicalNames/PFD0_STSU040_C140.jpg?_i=AB",Archer Vintage in G. Dyed Black Rock,5,,,,,,,,,,,,,,,,,,
decoration,MP-0080,,,,,,,,,,,,,,,,,,,,,,,,,,,,,,,,,,,,embroidery,front,160,160,6,Vector or DST,Default maximum for the category — confirm per product.,,,,,,,,,,,
decoration,MP-0080,,,,,,,,,,,,,,,,,,,,,,,,,,,,,,,,,,,,embroidery,back,200,200,6,Vector or DST,Default maximum for the category — confirm per product.,,,,,,,,,,,
decoration,MP-0080,,,,,,,,,,,,,,,,,,,,,,,,,,,,,,,,,,,,embroidery,left_chest,90,90,6,Vector or DST,Default maximum for the category — confirm per product.,,,,,,,,,,,
decoration,MP-0080,,,,,,,,,,,,,,,,,,,,,,,,,,,,,,,,,,,,embroidery,sleeve,70,70,6,Vector or DST,Default maximum for the category — confirm per product.,,,,,,,,,,,
decoration,MP-0080,,,,,,,,,,,,,,,,,,,,,,,,,,,,,,,,,,,,screen,front,300,400,4,Vector,Default maximum for the category — confirm per product.,,,,,,,,,,,
decoration,MP-0080,,,,,,,,,,,,,,,,,,,,,,,,,,,,,,,,,,,,screen,back,320,420,4,Vector,Default maximum for the category — confirm per product.,,,,,,,,,,,
decoration,MP-0080,,,,,,,,,,,,,,,,,,,,,,,,,,,,,,,,,,,,screen,left_chest,100,100,4,Vector,Default maximum for the category — confirm per product.,,,,,,,,,,,
decoration,MP-0080,,,,,,,,,,,,,,,,,,,,,,,,,,,,,,,,,,,,screen,sleeve,80,300,4,Vector,Default maximum for the category — confirm per product.,,,,,,,,,,,
decoration,MP-0080,,,,,,,,,,,,,,,,,,,,,,,,,,,,,,,,,,,,dtf,front,300,400,4,Vector,Default maximum for the category — confirm per product.,,,,,,,,,,,
decoration,MP-0080,,,,,,,,,,,,,,,,,,,,,,,,,,,,,,,,,,,,dtf,back,320,420,4,Vector,Default maximum for the category — confirm per product.,,,,,,,,,,,
decoration,MP-0080,,,,,,,,,,,,,,,,,,,,,,,,,,,,,,,,,,,,dtf,left_chest,100,100,4,Vector,Default maximum for the category — confirm per product.,,,,,,,,,,,
decoration,MP-0080,,,,,,,,,,,,,,,,,,,,,,,,,,,,,,,,,,,,dtf,sleeve,80,300,4,Vector,Default maximum for the category — confirm per product.,,,,,,,,,,,
decoration,MP-0080,,,,,,,,,,,,,,,,,,,,,,,,,,,,,,,,,,,,dtg,front,300,400,4,Vector,Default maximum for the category — confirm per product.,,,,,,,,,,,
decoration,MP-0080,,,,,,,,,,,,,,,,,,,,,,,,,,,,,,,,,,,,dtg,back,320,420,4,Vector,Default maximum for the category — confirm per product.,,,,,,,,,,,
decoration,MP-0080,,,,,,,,,,,,,,,,,,,,,,,,,,,,,,,,,,,,dtg,left_chest,100,100,4,Vector,Default maximum for the category — confirm per product.,,,,,,,,,,,
decoration,MP-0080,,,,,,,,,,,,,,,,,,,,,,,,,,,,,,,,,,,,dtg,sleeve,80,300,4,Vector,Default maximum for the category — confirm per product.,,,,,,,,,,,
product,MP-0081,astor,Astor,Sweatshirts,published,25,EUR,66.98,63.82,60.79,58.37,57.23,33.65,3,5,c002|c727|c250,XXS|XS|S|M|L|XL|XXL|3XL,embroidery|screen|dtf|dtg,front|back|left_chest|sleeve,yes,"Shell: Brushed, 35% Modal,65% Cotton - Organic Ring Spun Combed, Fabric washed","Shell: Brushed, 35% Modal,65% Cotton - Organic Ring Spun Combed, Fabric washed",320,,,,Stanley/Stella,STSU261,,,,,,,,,,,,,,,cost 33.65; worst-case decoration 5.86 at 100; market blank 39.95; ours 1.52x market,,,,,,,,,,,
variant,MP-0081,,,,published,,,,,,,,,,,,,,,,,,,,,,,,c002,MP0081-C002,0.00,,,,,,,,,,,,,,,,,,,,,,,
variant,MP-0081,,,,published,,,,,,,,,,,,,,,,,,,,,,,,c727,MP0081-C727,0.00,,,,,,,,,,,,,,,,,,,,,,,
variant,MP-0081,,,,published,,,,,,,,,,,,,,,,,,,,,,,,c250,MP0081-C250,0.00,,,,,,,,,,,,,,,,,,,,,,,
image,MP-0081,,,,,,,,,,,,,,,,,,,,,,,,,,,,,,,,,"https://res.cloudinary.com/www-stanleystella-com/image/upload/c_lpad,w_1600,f_auto,q_auto/v1/TechnicalNames/SFD2_STSU261_C002.jpg?_i=AB",Astor in Black,1,,,,,,,,,,,,,,,,,,
image,MP-0081,,,,,,,,,,,,,,,,,,,,,,,,,,,,c727,,,,,"https://res.cloudinary.com/www-stanleystella-com/image/upload/c_lpad,w_1600,f_auto,q_auto/v1/TechnicalNames/SFD2_STSU261_C727.jpg?_i=AB",Astor in French Navy,2,,,,,,,,,,,,,,,,,,
image,MP-0081,,,,,,,,,,,,,,,,,,,,,,,,,,,,c250,,,,,"https://res.cloudinary.com/www-stanleystella-com/image/upload/c_lpad,w_1600,f_auto,q_auto/v1/TechnicalNames/SFM0_STSU261_C250.jpg?_i=AB",Astor in Heather Grey,3,,,,,,,,,,,,,,,,,,
decoration,MP-0081,,,,,,,,,,,,,,,,,,,,,,,,,,,,,,,,,,,,embroidery,front,160,160,6,Vector or DST,Default maximum for the category — confirm per product.,,,,,,,,,,,
decoration,MP-0081,,,,,,,,,,,,,,,,,,,,,,,,,,,,,,,,,,,,embroidery,back,200,200,6,Vector or DST,Default maximum for the category — confirm per product.,,,,,,,,,,,
decoration,MP-0081,,,,,,,,,,,,,,,,,,,,,,,,,,,,,,,,,,,,embroidery,left_chest,90,90,6,Vector or DST,Default maximum for the category — confirm per product.,,,,,,,,,,,
decoration,MP-0081,,,,,,,,,,,,,,,,,,,,,,,,,,,,,,,,,,,,embroidery,sleeve,70,70,6,Vector or DST,Default maximum for the category — confirm per product.,,,,,,,,,,,
decoration,MP-0081,,,,,,,,,,,,,,,,,,,,,,,,,,,,,,,,,,,,screen,front,300,400,4,Vector,Default maximum for the category — confirm per product.,,,,,,,,,,,
decoration,MP-0081,,,,,,,,,,,,,,,,,,,,,,,,,,,,,,,,,,,,screen,back,320,420,4,Vector,Default maximum for the category — confirm per product.,,,,,,,,,,,
decoration,MP-0081,,,,,,,,,,,,,,,,,,,,,,,,,,,,,,,,,,,,screen,left_chest,100,100,4,Vector,Default maximum for the category — confirm per product.,,,,,,,,,,,
decoration,MP-0081,,,,,,,,,,,,,,,,,,,,,,,,,,,,,,,,,,,,screen,sleeve,80,300,4,Vector,Default maximum for the category — confirm per product.,,,,,,,,,,,
decoration,MP-0081,,,,,,,,,,,,,,,,,,,,,,,,,,,,,,,,,,,,dtf,front,300,400,4,Vector,Default maximum for the category — confirm per product.,,,,,,,,,,,
decoration,MP-0081,,,,,,,,,,,,,,,,,,,,,,,,,,,,,,,,,,,,dtf,back,320,420,4,Vector,Default maximum for the category — confirm per product.,,,,,,,,,,,
decoration,MP-0081,,,,,,,,,,,,,,,,,,,,,,,,,,,,,,,,,,,,dtf,left_chest,100,100,4,Vector,Default maximum for the category — confirm per product.,,,,,,,,,,,
decoration,MP-0081,,,,,,,,,,,,,,,,,,,,,,,,,,,,,,,,,,,,dtf,sleeve,80,300,4,Vector,Default maximum for the category — confirm per product.,,,,,,,,,,,
decoration,MP-0081,,,,,,,,,,,,,,,,,,,,,,,,,,,,,,,,,,,,dtg,front,300,400,4,Vector,Default maximum for the category — confirm per product.,,,,,,,,,,,
decoration,MP-0081,,,,,,,,,,,,,,,,,,,,,,,,,,,,,,,,,,,,dtg,back,320,420,4,Vector,Default maximum for the category — confirm per product.,,,,,,,,,,,
decoration,MP-0081,,,,,,,,,,,,,,,,,,,,,,,,,,,,,,,,,,,,dtg,left_chest,100,100,4,Vector,Default maximum for the category — confirm per product.,,,,,,,,,,,
decoration,MP-0081,,,,,,,,,,,,,,,,,,,,,,,,,,,,,,,,,,,,dtg,sleeve,80,300,4,Vector,Default maximum for the category — confirm per product.,,,,,,,,,,,
product,MP-0082,baby-changer,Baby Changer,Sweatshirts,published,25,EUR,32.82,29.66,26.63,24.22,23.07,11.45,3,5,c001|c727|c250|c054|c101|c005|c149|c078|c147,6-12 m/68-80cm|12-18 m/80-86cm|18-24 m/86-92cm|24-36 m/92-98cm,embroidery|screen|dtf|dtg,front|back|left_chest|sleeve,yes,"Shell: French Terry, 85% Cotton - Organic Ring Spun Combed,15% Polyester - Recycled, Fabric washed, Light sueded","Shell: French Terry, 85% Cotton - Organic Ring Spun Combed,15% Polyester - Recycled, Fabric washed, Light sueded",280,,,,Stanley/Stella,STSB920,,,,,,,,,,,,,,,cost 11.45; worst-case decoration 5.86 at 100; market blank 11.87; ours 2.24x market,,,,,,,,,,,
variant,MP-0082,,,,published,,,,,,,,,,,,,,,,,,,,,,,,c001,MP0082-C001,0.00,,,,,,,,,,,,,,,,,,,,,,,
variant,MP-0082,,,,published,,,,,,,,,,,,,,,,,,,,,,,,c727,MP0082-C727,0.00,,,,,,,,,,,,,,,,,,,,,,,
variant,MP-0082,,,,published,,,,,,,,,,,,,,,,,,,,,,,,c250,MP0082-C250,0.00,,,,,,,,,,,,,,,,,,,,,,,
variant,MP-0082,,,,published,,,,,,,,,,,,,,,,,,,,,,,,c054,MP0082-C054,0.00,,,,,,,,,,,,,,,,,,,,,,,
variant,MP-0082,,,,published,,,,,,,,,,,,,,,,,,,,,,,,c101,MP0082-C101,0.00,,,,,,,,,,,,,,,,,,,,,,,
variant,MP-0082,,,,published,,,,,,,,,,,,,,,,,,,,,,,,c005,MP0082-C005,0.00,,,,,,,,,,,,,,,,,,,,,,,
variant,MP-0082,,,,published,,,,,,,,,,,,,,,,,,,,,,,,c149,MP0082-C149,0.00,,,,,,,,,,,,,,,,,,,,,,,
variant,MP-0082,,,,published,,,,,,,,,,,,,,,,,,,,,,,,c078,MP0082-C078,0.00,,,,,,,,,,,,,,,,,,,,,,,
variant,MP-0082,,,,published,,,,,,,,,,,,,,,,,,,,,,,,c147,MP0082-C147,0.00,,,,,,,,,,,,,,,,,,,,,,,
image,MP-0082,,,,,,,,,,,,,,,,,,,,,,,,,,,,,,,,,"https://res.cloudinary.com/www-stanleystella-com/image/upload/c_lpad,w_1600,f_auto,q_auto/v1/TechnicalNames/PBM0_STSB920_C001.jpg?_i=AB",Baby Changer in White,1,,,,,,,,,,,,,,,,,,
image,MP-0082,,,,,,,,,,,,,,,,,,,,,,,,,,,,c727,,,,,"https://res.cloudinary.com/www-stanleystella-com/image/upload/c_lpad,w_1600,f_auto,q_auto/v1/TechnicalNames/SFM0_STSB920_C727.jpg?_i=AB",Baby Changer in French Navy,2,,,,,,,,,,,,,,,,,,
image,MP-0082,,,,,,,,,,,,,,,,,,,,,,,,,,,,c250,,,,,"https://res.cloudinary.com/www-stanleystella-com/image/upload/c_lpad,w_1600,f_auto,q_auto/v1/TechnicalNames/SFM2_STSB920_C250.jpg?_i=AB",Baby Changer in Heather Grey,3,,,,,,,,,,,,,,,,,,
image,MP-0082,,,,,,,,,,,,,,,,,,,,,,,,,,,,c054,,,,,"https://res.cloudinary.com/www-stanleystella-com/image/upload/c_lpad,w_1600,f_auto,q_auto/v1/TechnicalNames/SFM2_STSB920_C054.jpg?_i=AB",Baby Changer in Natural Raw,4,,,,,,,,,,,,,,,,,,
image,MP-0082,,,,,,,,,,,,,,,,,,,,,,,,,,,,c101,,,,,"https://res.cloudinary.com/www-stanleystella-com/image/upload/c_lpad,w_1600,f_auto,q_auto/v1/TechnicalNames/PBM0_STSB920_C101.jpg?_i=AB",Baby Changer in Fraiche Peche,5,,,,,,,,,,,,,,,,,,
image,MP-0082,,,,,,,,,,,,,,,,,,,,,,,,,,,,c005,,,,,"https://res.cloudinary.com/www-stanleystella-com/image/upload/c_lpad,w_1600,f_auto,q_auto/v1/TechnicalNames/PBM0_STSB920_C005.jpg?_i=AB",Baby Changer in Cotton Pink,6,,,,,,,,,,,,,,,,,,
image,MP-0082,,,,,,,,,,,,,,,,,,,,,,,,,,,,c149,,,,,"https://res.cloudinary.com/www-stanleystella-com/image/upload/c_lpad,w_1600,f_auto,q_auto/v1/TechnicalNames/PFD0_STSB920_C149.jpg?_i=AB",Baby Changer in Blue soul,7,,,,,,,,,,,,,,,,,,
image,MP-0082,,,,,,,,,,,,,,,,,,,,,,,,,,,,c078,,,,,"https://res.cloudinary.com/www-stanleystella-com/image/upload/c_lpad,w_1600,f_auto,q_auto/v1/TechnicalNames/PBM0_STSB920_C078.jpg?_i=AB",Baby Changer in Butter,8,,,,,,,,,,,,,,,,,,
image,MP-0082,,,,,,,,,,,,,,,,,,,,,,,,,,,,c147,,,,,"https://res.cloudinary.com/www-stanleystella-com/image/upload/c_lpad,w_1600,f_auto,q_auto/v1/TechnicalNames/PFD0_STSB920_C147.jpg?_i=AB",Baby Changer in Eco-Heather,9,,,,,,,,,,,,,,,,,,
decoration,MP-0082,,,,,,,,,,,,,,,,,,,,,,,,,,,,,,,,,,,,embroidery,front,160,160,6,Vector or DST,Default maximum for the category — confirm per product.,,,,,,,,,,,
decoration,MP-0082,,,,,,,,,,,,,,,,,,,,,,,,,,,,,,,,,,,,embroidery,back,200,200,6,Vector or DST,Default maximum for the category — confirm per product.,,,,,,,,,,,
decoration,MP-0082,,,,,,,,,,,,,,,,,,,,,,,,,,,,,,,,,,,,embroidery,left_chest,90,90,6,Vector or DST,Default maximum for the category — confirm per product.,,,,,,,,,,,
decoration,MP-0082,,,,,,,,,,,,,,,,,,,,,,,,,,,,,,,,,,,,embroidery,sleeve,70,70,6,Vector or DST,Default maximum for the category — confirm per product.,,,,,,,,,,,
decoration,MP-0082,,,,,,,,,,,,,,,,,,,,,,,,,,,,,,,,,,,,screen,front,300,400,4,Vector,Default maximum for the category — confirm per product.,,,,,,,,,,,
decoration,MP-0082,,,,,,,,,,,,,,,,,,,,,,,,,,,,,,,,,,,,screen,back,320,420,4,Vector,Default maximum for the category — confirm per product.,,,,,,,,,,,
decoration,MP-0082,,,,,,,,,,,,,,,,,,,,,,,,,,,,,,,,,,,,screen,left_chest,100,100,4,Vector,Default maximum for the category — confirm per product.,,,,,,,,,,,
decoration,MP-0082,,,,,,,,,,,,,,,,,,,,,,,,,,,,,,,,,,,,screen,sleeve,80,300,4,Vector,Default maximum for the category — confirm per product.,,,,,,,,,,,
decoration,MP-0082,,,,,,,,,,,,,,,,,,,,,,,,,,,,,,,,,,,,dtf,front,300,400,4,Vector,Default maximum for the category — confirm per product.,,,,,,,,,,,
decoration,MP-0082,,,,,,,,,,,,,,,,,,,,,,,,,,,,,,,,,,,,dtf,back,320,420,4,Vector,Default maximum for the category — confirm per product.,,,,,,,,,,,
decoration,MP-0082,,,,,,,,,,,,,,,,,,,,,,,,,,,,,,,,,,,,dtf,left_chest,100,100,4,Vector,Default maximum for the category — confirm per product.,,,,,,,,,,,
decoration,MP-0082,,,,,,,,,,,,,,,,,,,,,,,,,,,,,,,,,,,,dtf,sleeve,80,300,4,Vector,Default maximum for the category — confirm per product.,,,,,,,,,,,
decoration,MP-0082,,,,,,,,,,,,,,,,,,,,,,,,,,,,,,,,,,,,dtg,front,300,400,4,Vector,Default maximum for the category — confirm per product.,,,,,,,,,,,
decoration,MP-0082,,,,,,,,,,,,,,,,,,,,,,,,,,,,,,,,,,,,dtg,back,320,420,4,Vector,Default maximum for the category — confirm per product.,,,,,,,,,,,
decoration,MP-0082,,,,,,,,,,,,,,,,,,,,,,,,,,,,,,,,,,,,dtg,left_chest,100,100,4,Vector,Default maximum for the category — confirm per product.,,,,,,,,,,,
decoration,MP-0082,,,,,,,,,,,,,,,,,,,,,,,,,,,,,,,,,,,,dtg,sleeve,80,300,4,Vector,Default maximum for the category — confirm per product.,,,,,,,,,,,
product,MP-0083,baby-connector,Baby Connector,Sweatshirts,published,25,EUR,36.59,33.43,30.40,27.99,26.84,13.90,3,5,c727|c250|c054|c101|c005|c149|c057|c078|c147,6-12 m/68-80cm|12-18 m/80-86cm|18-24 m/86-92cm|24-36 m/92-98cm,embroidery|screen|dtf|dtg,front|back|left_chest|sleeve,yes,"Shell: French Terry, 85% Cotton - Organic Ring Spun Combed,15% Polyester - Recycled, Fabric washed, Light sueded","Shell: French Terry, 85% Cotton - Organic Ring Spun Combed,15% Polyester - Recycled, Fabric washed, Light sueded",280,,,,Stanley/Stella,STSB105,,,,,,,,,,,,,,,cost 13.90; worst-case decoration 5.86 at 100; market blank 14.48; ours 2.10x market,,,,,,,,,,,
variant,MP-0083,,,,published,,,,,,,,,,,,,,,,,,,,,,,,c727,MP0083-C727,0.00,,,,,,,,,,,,,,,,,,,,,,,
variant,MP-0083,,,,published,,,,,,,,,,,,,,,,,,,,,,,,c250,MP0083-C250,0.00,,,,,,,,,,,,,,,,,,,,,,,
variant,MP-0083,,,,published,,,,,,,,,,,,,,,,,,,,,,,,c054,MP0083-C054,0.00,,,,,,,,,,,,,,,,,,,,,,,
variant,MP-0083,,,,published,,,,,,,,,,,,,,,,,,,,,,,,c101,MP0083-C101,0.00,,,,,,,,,,,,,,,,,,,,,,,
variant,MP-0083,,,,published,,,,,,,,,,,,,,,,,,,,,,,,c005,MP0083-C005,0.00,,,,,,,,,,,,,,,,,,,,,,,
variant,MP-0083,,,,published,,,,,,,,,,,,,,,,,,,,,,,,c149,MP0083-C149,0.00,,,,,,,,,,,,,,,,,,,,,,,
variant,MP-0083,,,,published,,,,,,,,,,,,,,,,,,,,,,,,c057,MP0083-C057,0.00,,,,,,,,,,,,,,,,,,,,,,,
variant,MP-0083,,,,published,,,,,,,,,,,,,,,,,,,,,,,,c078,MP0083-C078,0.00,,,,,,,,,,,,,,,,,,,,,,,
variant,MP-0083,,,,published,,,,,,,,,,,,,,,,,,,,,,,,c147,MP0083-C147,0.00,,,,,,,,,,,,,,,,,,,,,,,
image,MP-0083,,,,,,,,,,,,,,,,,,,,,,,,,,,,,,,,,"https://res.cloudinary.com/www-stanleystella-com/image/upload/c_lpad,w_1600,f_auto,q_auto/v1/TechnicalNames/PBM0_STSB105_C727.jpg?_i=AB",Baby Connector in French Navy,1,,,,,,,,,,,,,,,,,,
image,MP-0083,,,,,,,,,,,,,,,,,,,,,,,,,,,,c250,,,,,"https://res.cloudinary.com/www-stanleystella-com/image/upload/c_lpad,w_1600,f_auto,q_auto/v1/TechnicalNames/SFM0_STSB105_C250.jpg?_i=AB",Baby Connector in Heather Grey,2,,,,,,,,,,,,,,,,,,
image,MP-0083,,,,,,,,,,,,,,,,,,,,,,,,,,,,c054,,,,,"https://res.cloudinary.com/www-stanleystella-com/image/upload/c_lpad,w_1600,f_auto,q_auto/v1/TechnicalNames/PBM0_STSB105_C054.jpg?_i=AB",Baby Connector in Natural Raw,3,,,,,,,,,,,,,,,,,,
image,MP-0083,,,,,,,,,,,,,,,,,,,,,,,,,,,,c101,,,,,"https://res.cloudinary.com/www-stanleystella-com/image/upload/c_lpad,w_1600,f_auto,q_auto/v1/TechnicalNames/SFM0_STSB105_C101.jpg?_i=AB",Baby Connector in Fraiche Peche,4,,,,,,,,,,,,,,,,,,
image,MP-0083,,,,,,,,,,,,,,,,,,,,,,,,,,,,c005,,,,,"https://res.cloudinary.com/www-stanleystella-com/image/upload/c_lpad,w_1600,f_auto,q_auto/v1/TechnicalNames/PBM0_STSB105_C005.jpg?_i=AB",Baby Connector in Cotton Pink,5,,,,,,,,,,,,,,,,,,
image,MP-0083,,,,,,,,,,,,,,,,,,,,,,,,,,,,c149,,,,,"https://res.cloudinary.com/www-stanleystella-com/image/upload/c_lpad,w_1600,f_auto,q_auto/v1/TechnicalNames/PFD0_STSB105_C149.jpg?_i=AB",Baby Connector in Blue soul,6,,,,,,,,,,,,,,,,,,
image,MP-0083,,,,,,,,,,,,,,,,,,,,,,,,,,,,c057,,,,,"https://res.cloudinary.com/www-stanleystella-com/image/upload/c_lpad,w_1600,f_auto,q_auto/v1/TechnicalNames/PBM0_STSB105_C057.jpg?_i=AB",Baby Connector in Serene Blue,7,,,,,,,,,,,,,,,,,,
image,MP-0083,,,,,,,,,,,,,,,,,,,,,,,,,,,,c078,,,,,"https://res.cloudinary.com/www-stanleystella-com/image/upload/c_lpad,w_1600,f_auto,q_auto/v1/TechnicalNames/PBM0_STSB105_C078.jpg?_i=AB",Baby Connector in Butter,8,,,,,,,,,,,,,,,,,,
image,MP-0083,,,,,,,,,,,,,,,,,,,,,,,,,,,,c147,,,,,"https://res.cloudinary.com/www-stanleystella-com/image/upload/c_lpad,w_1600,f_auto,q_auto/v1/TechnicalNames/PFD0_STSB105_C147.jpg?_i=AB",Baby Connector in Eco-Heather,9,,,,,,,,,,,,,,,,,,
decoration,MP-0083,,,,,,,,,,,,,,,,,,,,,,,,,,,,,,,,,,,,embroidery,front,160,160,6,Vector or DST,Default maximum for the category — confirm per product.,,,,,,,,,,,
decoration,MP-0083,,,,,,,,,,,,,,,,,,,,,,,,,,,,,,,,,,,,embroidery,back,200,200,6,Vector or DST,Default maximum for the category — confirm per product.,,,,,,,,,,,
decoration,MP-0083,,,,,,,,,,,,,,,,,,,,,,,,,,,,,,,,,,,,embroidery,left_chest,90,90,6,Vector or DST,Default maximum for the category — confirm per product.,,,,,,,,,,,
decoration,MP-0083,,,,,,,,,,,,,,,,,,,,,,,,,,,,,,,,,,,,embroidery,sleeve,70,70,6,Vector or DST,Default maximum for the category — confirm per product.,,,,,,,,,,,
decoration,MP-0083,,,,,,,,,,,,,,,,,,,,,,,,,,,,,,,,,,,,screen,front,300,400,4,Vector,Default maximum for the category — confirm per product.,,,,,,,,,,,
decoration,MP-0083,,,,,,,,,,,,,,,,,,,,,,,,,,,,,,,,,,,,screen,back,320,420,4,Vector,Default maximum for the category — confirm per product.,,,,,,,,,,,
decoration,MP-0083,,,,,,,,,,,,,,,,,,,,,,,,,,,,,,,,,,,,screen,left_chest,100,100,4,Vector,Default maximum for the category — confirm per product.,,,,,,,,,,,
decoration,MP-0083,,,,,,,,,,,,,,,,,,,,,,,,,,,,,,,,,,,,screen,sleeve,80,300,4,Vector,Default maximum for the category — confirm per product.,,,,,,,,,,,
decoration,MP-0083,,,,,,,,,,,,,,,,,,,,,,,,,,,,,,,,,,,,dtf,front,300,400,4,Vector,Default maximum for the category — confirm per product.,,,,,,,,,,,
decoration,MP-0083,,,,,,,,,,,,,,,,,,,,,,,,,,,,,,,,,,,,dtf,back,320,420,4,Vector,Default maximum for the category — confirm per product.,,,,,,,,,,,
decoration,MP-0083,,,,,,,,,,,,,,,,,,,,,,,,,,,,,,,,,,,,dtf,left_chest,100,100,4,Vector,Default maximum for the category — confirm per product.,,,,,,,,,,,
decoration,MP-0083,,,,,,,,,,,,,,,,,,,,,,,,,,,,,,,,,,,,dtf,sleeve,80,300,4,Vector,Default maximum for the category — confirm per product.,,,,,,,,,,,
decoration,MP-0083,,,,,,,,,,,,,,,,,,,,,,,,,,,,,,,,,,,,dtg,front,300,400,4,Vector,Default maximum for the category — confirm per product.,,,,,,,,,,,
decoration,MP-0083,,,,,,,,,,,,,,,,,,,,,,,,,,,,,,,,,,,,dtg,back,320,420,4,Vector,Default maximum for the category — confirm per product.,,,,,,,,,,,
decoration,MP-0083,,,,,,,,,,,,,,,,,,,,,,,,,,,,,,,,,,,,dtg,left_chest,100,100,4,Vector,Default maximum for the category — confirm per product.,,,,,,,,,,,
decoration,MP-0083,,,,,,,,,,,,,,,,,,,,,,,,,,,,,,,,,,,,dtg,sleeve,80,300,4,Vector,Default maximum for the category — confirm per product.,,,,,,,,,,,
product,MP-0084,baby-cruiser,Baby Cruiser,Sweatshirts,published,25,EUR,33.06,29.89,26.87,24.45,23.30,11.60,3,5,c727|c250|c054|c078,6-12 m/68-80cm|12-18 m/80-86cm|18-24 m/86-92cm|24-36 m/92-98cm,embroidery|screen|dtf|dtg,front|back|left_chest|sleeve,yes,"Shell: French Terry, 85% Cotton - Organic Ring Spun Combed,15% Polyester - Recycled, Fabric washed, Light sueded","Shell: French Terry, 85% Cotton - Organic Ring Spun Combed,15% Polyester - Recycled, Fabric washed, Light sueded",280,,,,Stanley/Stella,STSB919,,,,,,,,,,,,,,,cost 11.60; worst-case decoration 5.86 at 100; market blank 14.03; ours 1.92x market,,,,,,,,,,,
variant,MP-0084,,,,published,,,,,,,,,,,,,,,,,,,,,,,,c727,MP0084-C727,0.00,,,,,,,,,,,,,,,,,,,,,,,
variant,MP-0084,,,,published,,,,,,,,,,,,,,,,,,,,,,,,c250,MP0084-C250,0.00,,,,,,,,,,,,,,,,,,,,,,,
variant,MP-0084,,,,published,,,,,,,,,,,,,,,,,,,,,,,,c054,MP0084-C054,0.00,,,,,,,,,,,,,,,,,,,,,,,
variant,MP-0084,,,,published,,,,,,,,,,,,,,,,,,,,,,,,c078,MP0084-C078,0.00,,,,,,,,,,,,,,,,,,,,,,,
image,MP-0084,,,,,,,,,,,,,,,,,,,,,,,,,,,,,,,,,"https://res.cloudinary.com/www-stanleystella-com/image/upload/c_lpad,w_1600,f_auto,q_auto/v1/TechnicalNames/SFM0_STSB919_C727.jpg?_i=AB",Baby Cruiser in French Navy,1,,,,,,,,,,,,,,,,,,
image,MP-0084,,,,,,,,,,,,,,,,,,,,,,,,,,,,c250,,,,,"https://res.cloudinary.com/www-stanleystella-com/image/upload/c_lpad,w_1600,f_auto,q_auto/v1/TechnicalNames/SFM0_STSB919_C250.jpg?_i=AB",Baby Cruiser in Heather Grey,2,,,,,,,,,,,,,,,,,,
image,MP-0084,,,,,,,,,,,,,,,,,,,,,,,,,,,,c054,,,,,"https://res.cloudinary.com/www-stanleystella-com/image/upload/c_lpad,w_1600,f_auto,q_auto/v1/TechnicalNames/SFM0_STSB919_C054.jpg?_i=AB",Baby Cruiser in Natural Raw,3,,,,,,,,,,,,,,,,,,
image,MP-0084,,,,,,,,,,,,,,,,,,,,,,,,,,,,c078,,,,,"https://res.cloudinary.com/www-stanleystella-com/image/upload/c_lpad,w_1600,f_auto,q_auto/v1/TechnicalNames/PBM0_STSB919_C078.jpg?_i=AB",Baby Cruiser in Butter,4,,,,,,,,,,,,,,,,,,
decoration,MP-0084,,,,,,,,,,,,,,,,,,,,,,,,,,,,,,,,,,,,embroidery,front,160,160,6,Vector or DST,Default maximum for the category — confirm per product.,,,,,,,,,,,
decoration,MP-0084,,,,,,,,,,,,,,,,,,,,,,,,,,,,,,,,,,,,embroidery,back,200,200,6,Vector or DST,Default maximum for the category — confirm per product.,,,,,,,,,,,
decoration,MP-0084,,,,,,,,,,,,,,,,,,,,,,,,,,,,,,,,,,,,embroidery,left_chest,90,90,6,Vector or DST,Default maximum for the category — confirm per product.,,,,,,,,,,,
decoration,MP-0084,,,,,,,,,,,,,,,,,,,,,,,,,,,,,,,,,,,,embroidery,sleeve,70,70,6,Vector or DST,Default maximum for the category — confirm per product.,,,,,,,,,,,
decoration,MP-0084,,,,,,,,,,,,,,,,,,,,,,,,,,,,,,,,,,,,screen,front,300,400,4,Vector,Default maximum for the category — confirm per product.,,,,,,,,,,,
decoration,MP-0084,,,,,,,,,,,,,,,,,,,,,,,,,,,,,,,,,,,,screen,back,320,420,4,Vector,Default maximum for the category — confirm per product.,,,,,,,,,,,
decoration,MP-0084,,,,,,,,,,,,,,,,,,,,,,,,,,,,,,,,,,,,screen,left_chest,100,100,4,Vector,Default maximum for the category — confirm per product.,,,,,,,,,,,
decoration,MP-0084,,,,,,,,,,,,,,,,,,,,,,,,,,,,,,,,,,,,screen,sleeve,80,300,4,Vector,Default maximum for the category — confirm per product.,,,,,,,,,,,
decoration,MP-0084,,,,,,,,,,,,,,,,,,,,,,,,,,,,,,,,,,,,dtf,front,300,400,4,Vector,Default maximum for the category — confirm per product.,,,,,,,,,,,
decoration,MP-0084,,,,,,,,,,,,,,,,,,,,,,,,,,,,,,,,,,,,dtf,back,320,420,4,Vector,Default maximum for the category — confirm per product.,,,,,,,,,,,
decoration,MP-0084,,,,,,,,,,,,,,,,,,,,,,,,,,,,,,,,,,,,dtf,left_chest,100,100,4,Vector,Default maximum for the category — confirm per product.,,,,,,,,,,,
decoration,MP-0084,,,,,,,,,,,,,,,,,,,,,,,,,,,,,,,,,,,,dtf,sleeve,80,300,4,Vector,Default maximum for the category — confirm per product.,,,,,,,,,,,
decoration,MP-0084,,,,,,,,,,,,,,,,,,,,,,,,,,,,,,,,,,,,dtg,front,300,400,4,Vector,Default maximum for the category — confirm per product.,,,,,,,,,,,
decoration,MP-0084,,,,,,,,,,,,,,,,,,,,,,,,,,,,,,,,,,,,dtg,back,320,420,4,Vector,Default maximum for the category — confirm per product.,,,,,,,,,,,
decoration,MP-0084,,,,,,,,,,,,,,,,,,,,,,,,,,,,,,,,,,,,dtg,left_chest,100,100,4,Vector,Default maximum for the category — confirm per product.,,,,,,,,,,,
decoration,MP-0084,,,,,,,,,,,,,,,,,,,,,,,,,,,,,,,,,,,,dtg,sleeve,80,300,4,Vector,Default maximum for the category — confirm per product.,,,,,,,,,,,
product,MP-0085,changer-2-0,Changer 2.0,Sweatshirts,published,25,EUR,48.06,44.89,41.87,39.45,38.30,21.35,3,5,c173|c171|c002|c001|c727|c250|c054|c143|c142|c101|c005|c129|c116|c151|c244|c150|c004|c355|c063|c088|c728|c149|c145|c053|c729|c156|c089|c702|c136|c357|c036|c144|c735|c223|c155|c048|c730|c112|c028|c358|c018|c146|c147|c731|c715|c253|c651,XXS|XS|S|M|L|XL|XXL|3XL|4XL|5XL,embroidery|screen|dtf|dtg,front|back|left_chest|sleeve,yes,"Shell: Brushed, 100% Cotton - Organic Ring Spun Combed / Heather Haze : 80% Organic Cotton - 20% Recycled Cotton, Ring Spun Combed, Fabric washed","Shell: Brushed, 100% Cotton - Organic Ring Spun Combed / Heather Haze : 80% Organic Cotton - 20% Recycled Cotton, Ring Spun Combed, Fabric washed",350,,,,Stanley/Stella,STSU178,,,,,,,,,,,,,,,cost 21.35; worst-case decoration 5.86 at 100; market blank 20.75; ours 2.02x market,,,,,,,,,,,
variant,MP-0085,,,,published,,,,,,,,,,,,,,,,,,,,,,,,c173,MP0085-C173,0.00,,,,,,,,,,,,,,,,,,,,,,,
variant,MP-0085,,,,published,,,,,,,,,,,,,,,,,,,,,,,,c171,MP0085-C171,0.00,,,,,,,,,,,,,,,,,,,,,,,
variant,MP-0085,,,,published,,,,,,,,,,,,,,,,,,,,,,,,c002,MP0085-C002,0.00,,,,,,,,,,,,,,,,,,,,,,,
variant,MP-0085,,,,published,,,,,,,,,,,,,,,,,,,,,,,,c001,MP0085-C001,0.00,,,,,,,,,,,,,,,,,,,,,,,
variant,MP-0085,,,,published,,,,,,,,,,,,,,,,,,,,,,,,c727,MP0085-C727,0.00,,,,,,,,,,,,,,,,,,,,,,,
variant,MP-0085,,,,published,,,,,,,,,,,,,,,,,,,,,,,,c250,MP0085-C250,0.00,,,,,,,,,,,,,,,,,,,,,,,
variant,MP-0085,,,,published,,,,,,,,,,,,,,,,,,,,,,,,c054,MP0085-C054,0.00,,,,,,,,,,,,,,,,,,,,,,,
variant,MP-0085,,,,published,,,,,,,,,,,,,,,,,,,,,,,,c143,MP0085-C143,0.00,,,,,,,,,,,,,,,,,,,,,,,
variant,MP-0085,,,,published,,,,,,,,,,,,,,,,,,,,,,,,c142,MP0085-C142,0.00,,,,,,,,,,,,,,,,,,,,,,,
variant,MP-0085,,,,published,,,,,,,,,,,,,,,,,,,,,,,,c101,MP0085-C101,0.00,,,,,,,,,,,,,,,,,,,,,,,
variant,MP-0085,,,,published,,,,,,,,,,,,,,,,,,,,,,,,c005,MP0085-C005,0.00,,,,,,,,,,,,,,,,,,,,,,,
variant,MP-0085,,,,published,,,,,,,,,,,,,,,,,,,,,,,,c129,MP0085-C129,0.00,,,,,,,,,,,,,,,,,,,,,,,
variant,MP-0085,,,,published,,,,,,,,,,,,,,,,,,,,,,,,c116,MP0085-C116,0.00,,,,,,,,,,,,,,,,,,,,,,,
variant,MP-0085,,,,published,,,,,,,,,,,,,,,,,,,,,,,,c151,MP0085-C151,0.00,,,,,,,,,,,,,,,,,,,,,,,
variant,MP-0085,,,,published,,,,,,,,,,,,,,,,,,,,,,,,c244,MP0085-C244,0.00,,,,,,,,,,,,,,,,,,,,,,,
variant,MP-0085,,,,published,,,,,,,,,,,,,,,,,,,,,,,,c150,MP0085-C150,0.00,,,,,,,,,,,,,,,,,,,,,,,
variant,MP-0085,,,,published,,,,,,,,,,,,,,,,,,,,,,,,c004,MP0085-C004,0.00,,,,,,,,,,,,,,,,,,,,,,,
variant,MP-0085,,,,published,,,,,,,,,,,,,,,,,,,,,,,,c355,MP0085-C355,0.00,,,,,,,,,,,,,,,,,,,,,,,
variant,MP-0085,,,,published,,,,,,,,,,,,,,,,,,,,,,,,c063,MP0085-C063,0.00,,,,,,,,,,,,,,,,,,,,,,,
variant,MP-0085,,,,published,,,,,,,,,,,,,,,,,,,,,,,,c088,MP0085-C088,0.00,,,,,,,,,,,,,,,,,,,,,,,
variant,MP-0085,,,,published,,,,,,,,,,,,,,,,,,,,,,,,c728,MP0085-C728,0.00,,,,,,,,,,,,,,,,,,,,,,,
variant,MP-0085,,,,published,,,,,,,,,,,,,,,,,,,,,,,,c149,MP0085-C149,0.00,,,,,,,,,,,,,,,,,,,,,,,
variant,MP-0085,,,,published,,,,,,,,,,,,,,,,,,,,,,,,c145,MP0085-C145,0.00,,,,,,,,,,,,,,,,,,,,,,,
variant,MP-0085,,,,published,,,,,,,,,,,,,,,,,,,,,,,,c053,MP0085-C053,0.00,,,,,,,,,,,,,,,,,,,,,,,
variant,MP-0085,,,,published,,,,,,,,,,,,,,,,,,,,,,,,c729,MP0085-C729,0.00,,,,,,,,,,,,,,,,,,,,,,,
variant,MP-0085,,,,published,,,,,,,,,,,,,,,,,,,,,,,,c156,MP0085-C156,0.00,,,,,,,,,,,,,,,,,,,,,,,
variant,MP-0085,,,,published,,,,,,,,,,,,,,,,,,,,,,,,c089,MP0085-C089,0.00,,,,,,,,,,,,,,,,,,,,,,,
variant,MP-0085,,,,published,,,,,,,,,,,,,,,,,,,,,,,,c702,MP0085-C702,0.00,,,,,,,,,,,,,,,,,,,,,,,
variant,MP-0085,,,,published,,,,,,,,,,,,,,,,,,,,,,,,c136,MP0085-C136,0.00,,,,,,,,,,,,,,,,,,,,,,,
variant,MP-0085,,,,published,,,,,,,,,,,,,,,,,,,,,,,,c357,MP0085-C357,0.00,,,,,,,,,,,,,,,,,,,,,,,
variant,MP-0085,,,,published,,,,,,,,,,,,,,,,,,,,,,,,c036,MP0085-C036,0.00,,,,,,,,,,,,,,,,,,,,,,,
variant,MP-0085,,,,published,,,,,,,,,,,,,,,,,,,,,,,,c144,MP0085-C144,0.00,,,,,,,,,,,,,,,,,,,,,,,
variant,MP-0085,,,,published,,,,,,,,,,,,,,,,,,,,,,,,c735,MP0085-C735,0.00,,,,,,,,,,,,,,,,,,,,,,,
variant,MP-0085,,,,published,,,,,,,,,,,,,,,,,,,,,,,,c223,MP0085-C223,0.00,,,,,,,,,,,,,,,,,,,,,,,
variant,MP-0085,,,,published,,,,,,,,,,,,,,,,,,,,,,,,c155,MP0085-C155,0.00,,,,,,,,,,,,,,,,,,,,,,,
variant,MP-0085,,,,published,,,,,,,,,,,,,,,,,,,,,,,,c048,MP0085-C048,0.00,,,,,,,,,,,,,,,,,,,,,,,
variant,MP-0085,,,,published,,,,,,,,,,,,,,,,,,,,,,,,c730,MP0085-C730,0.00,,,,,,,,,,,,,,,,,,,,,,,
variant,MP-0085,,,,published,,,,,,,,,,,,,,,,,,,,,,,,c112,MP0085-C112,0.00,,,,,,,,,,,,,,,,,,,,,,,
variant,MP-0085,,,,published,,,,,,,,,,,,,,,,,,,,,,,,c028,MP0085-C028,0.00,,,,,,,,,,,,,,,,,,,,,,,
variant,MP-0085,,,,published,,,,,,,,,,,,,,,,,,,,,,,,c358,MP0085-C358,0.00,,,,,,,,,,,,,,,,,,,,,,,
variant,MP-0085,,,,published,,,,,,,,,,,,,,,,,,,,,,,,c018,MP0085-C018,0.00,,,,,,,,,,,,,,,,,,,,,,,
variant,MP-0085,,,,published,,,,,,,,,,,,,,,,,,,,,,,,c146,MP0085-C146,0.00,,,,,,,,,,,,,,,,,,,,,,,
variant,MP-0085,,,,published,,,,,,,,,,,,,,,,,,,,,,,,c147,MP0085-C147,0.00,,,,,,,,,,,,,,,,,,,,,,,
variant,MP-0085,,,,published,,,,,,,,,,,,,,,,,,,,,,,,c731,MP0085-C731,0.00,,,,,,,,,,,,,,,,,,,,,,,
variant,MP-0085,,,,published,,,,,,,,,,,,,,,,,,,,,,,,c715,MP0085-C715,0.00,,,,,,,,,,,,,,,,,,,,,,,
variant,MP-0085,,,,published,,,,,,,,,,,,,,,,,,,,,,,,c253,MP0085-C253,0.00,,,,,,,,,,,,,,,,,,,,,,,
variant,MP-0085,,,,published,,,,,,,,,,,,,,,,,,,,,,,,c651,MP0085-C651,0.00,,,,,,,,,,,,,,,,,,,,,,,
image,MP-0085,,,,,,,,,,,,,,,,,,,,,,,,,,,,,,,,,"https://res.cloudinary.com/www-stanleystella-com/image/upload/c_lpad,w_1600,f_auto,q_auto/v1/TechnicalNames/SBM0_STSU178_C173.jpg?_i=AB",Changer 2.0 in Pebble Blue,1,,,,,,,,,,,,,,,,,,
image,MP-0085,,,,,,,,,,,,,,,,,,,,,,,,,,,,c171,,,,,"https://res.cloudinary.com/www-stanleystella-com/image/upload/c_lpad,w_1600,f_auto,q_auto/v1/TechnicalNames/SBM0_STSU178_C171.jpg?_i=AB",Changer 2.0 in Mosstone,2,,,,,,,,,,,,,,,,,,
image,MP-0085,,,,,,,,,,,,,,,,,,,,,,,,,,,,c002,,,,,"https://res.cloudinary.com/www-stanleystella-com/image/upload/c_lpad,w_1600,f_auto,q_auto/v1/TechnicalNames/SFC6_STSU178_C002.jpg?_i=AB",Changer 2.0 in Black,3,,,,,,,,,,,,,,,,,,
image,MP-0085,,,,,,,,,,,,,,,,,,,,,,,,,,,,c001,,,,,"https://res.cloudinary.com/www-stanleystella-com/image/upload/c_lpad,w_1600,f_auto,q_auto/v1/TechnicalNames/SFC6_STSU178_C001.jpg?_i=AB",Changer 2.0 in White,4,,,,,,,,,,,,,,,,,,
image,MP-0085,,,,,,,,,,,,,,,,,,,,,,,,,,,,c727,,,,,"https://res.cloudinary.com/www-stanleystella-com/image/upload/c_lpad,w_1600,f_auto,q_auto/v1/TechnicalNames/SFC5_STSU178_C727.jpg?_i=AB",Changer 2.0 in French Navy,5,,,,,,,,,,,,,,,,,,
image,MP-0085,,,,,,,,,,,,,,,,,,,,,,,,,,,,c250,,,,,"https://res.cloudinary.com/www-stanleystella-com/image/upload/c_lpad,w_1600,f_auto,q_auto/v1/TechnicalNames/SFC6_STSU178_C250.jpg?_i=AB",Changer 2.0 in Heather Grey,6,,,,,,,,,,,,,,,,,,
image,MP-0085,,,,,,,,,,,,,,,,,,,,,,,,,,,,c054,,,,,"https://res.cloudinary.com/www-stanleystella-com/image/upload/c_lpad,w_1600,f_auto,q_auto/v1/TechnicalNames/SFC5_STSU178_C054.jpg?_i=AB",Changer 2.0 in Natural Raw,7,,,,,,,,,,,,,,,,,,
image,MP-0085,,,,,,,,,,,,,,,,,,,,,,,,,,,,c143,,,,,"https://res.cloudinary.com/www-stanleystella-com/image/upload/c_lpad,w_1600,f_auto,q_auto/v1/TechnicalNames/PFD0_STSU178_C143.jpg?_i=AB",Changer 2.0 in Fiesta,8,,,,,,,,,,,,,,,,,,
image,MP-0085,,,,,,,,,,,,,,,,,,,,,,,,,,,,c142,,,,,"https://res.cloudinary.com/www-stanleystella-com/image/upload/c_lpad,w_1600,f_auto,q_auto/v1/TechnicalNames/PFD0_STSU178_C142.jpg?_i=AB",Changer 2.0 in Nispero,9,,,,,,,,,,,,,,,,,,
image,MP-0085,,,,,,,,,,,,,,,,,,,,,,,,,,,,c101,,,,,"https://res.cloudinary.com/www-stanleystella-com/image/upload/c_lpad,w_1600,f_auto,q_auto/v1/TechnicalNames/PFD0_STSU178_C101.jpg?_i=AB",Changer 2.0 in Fraiche Peche,10,,,,,,,,,,,,,,,,,,
image,MP-0085,,,,,,,,,,,,,,,,,,,,,,,,,,,,c005,,,,,"https://res.cloudinary.com/www-stanleystella-com/image/upload/c_lpad,w_1600,f_auto,q_auto/v1/TechnicalNames/PFD0_STSU178_C005.jpg?_i=AB",Changer 2.0 in Cotton Pink,11,,,,,,,,,,,,,,,,,,
image,MP-0085,,,,,,,,,,,,,,,,,,,,,,,,,,,,c129,,,,,"https://res.cloudinary.com/www-stanleystella-com/image/upload/c_lpad,w_1600,f_auto,q_auto/v1/TechnicalNames/PFD0_STSU178_C129.jpg?_i=AB",Changer 2.0 in Bubble Pink,12,,,,,,,,,,,,,,,,,,
image,MP-0085,,,,,,,,,,,,,,,,,,,,,,,,,,,,c116,,,,,"https://res.cloudinary.com/www-stanleystella-com/image/upload/c_lpad,w_1600,f_auto,q_auto/v1/TechnicalNames/PFD0_STSU178_C116.jpg?_i=AB",Changer 2.0 in Red Brown,13,,,,,,,,,,,,,,,,,,
image,MP-0085,,,,,,,,,,,,,,,,,,,,,,,,,,,,c151,,,,,"https://res.cloudinary.com/www-stanleystella-com/image/upload/c_lpad,w_1600,f_auto,q_auto/v1/TechnicalNames/SBM0_STSU178_C151.jpg?_i=AB",Changer 2.0 in Deep Plum,14,,,,,,,,,,,,,,,,,,
image,MP-0085,,,,,,,,,,,,,,,,,,,,,,,,,,,,c244,,,,,"https://res.cloudinary.com/www-stanleystella-com/image/upload/c_lpad,w_1600,f_auto,q_auto/v1/TechnicalNames/SFC5_STSU178_C244.jpg?_i=AB",Changer 2.0 in Burgundy,15,,,,,,,,,,,,,,,,,,
image,MP-0085,,,,,,,,,,,,,,,,,,,,,,,,,,,,c150,,,,,"https://res.cloudinary.com/www-stanleystella-com/image/upload/c_lpad,w_1600,f_auto,q_auto/v1/TechnicalNames/SBM0_STSU178_C150.jpg?_i=AB",Changer 2.0 in Earthy Red,16,,,,,,,,,,,,,,,,,,
image,MP-0085,,,,,,,,,,,,,,,,,,,,,,,,,,,,c004,,,,,"https://res.cloudinary.com/www-stanleystella-com/image/upload/c_lpad,w_1600,f_auto,q_auto/v1/TechnicalNames/SFC5_STSU178_C004.jpg?_i=AB",Changer 2.0 in Red,17,,,,,,,,,,,,,,,,,,
image,MP-0085,,,,,,,,,,,,,,,,,,,,,,,,,,,,c355,,,,,"https://res.cloudinary.com/www-stanleystella-com/image/upload/c_lpad,w_1600,f_auto,q_auto/v1/TechnicalNames/PBM0_STSU178_C355.jpg?_i=AB",Changer 2.0 in Lilac Dream,18,,,,,,,,,,,,,,,,,,
image,MP-0085,,,,,,,,,,,,,,,,,,,,,,,,,,,,c063,,,,,"https://res.cloudinary.com/www-stanleystella-com/image/upload/c_lpad,w_1600,f_auto,q_auto/v1/TechnicalNames/PFD0_STSU178_C063.jpg?_i=AB",Changer 2.0 in Lavender,19,,,,,,,,,,,,,,,,,,
image,MP-0085,,,,,,,,,,,,,,,,,,,,,,,,,,,,c088,,,,,"https://res.cloudinary.com/www-stanleystella-com/image/upload/c_lpad,w_1600,f_auto,q_auto/v1/TechnicalNames/SFC5_STSU178_C088.jpg?_i=AB",Changer 2.0 in Worker Blue,20,,,,,,,,,,,,,,,,,,
image,MP-0085,,,,,,,,,,,,,,,,,,,,,,,,,,,,c728,,,,,"https://res.cloudinary.com/www-stanleystella-com/image/upload/c_lpad,w_1600,f_auto,q_auto/v1/TechnicalNames/SBM0_STSU178_C728.jpg?_i=AB",Changer 2.0 in Blue Ice,21,,,,,,,,,,,,,,,,,,
image,MP-0085,,,,,,,,,,,,,,,,,,,,,,,,,,,,c149,,,,,"https://res.cloudinary.com/www-stanleystella-com/image/upload/c_lpad,w_1600,f_auto,q_auto/v1/TechnicalNames/PFD0_STSU178_C149.jpg?_i=AB",Changer 2.0 in Blue soul,22,,,,,,,,,,,,,,,,,,
image,MP-0085,,,,,,,,,,,,,,,,,,,,,,,,,,,,c145,,,,,"https://res.cloudinary.com/www-stanleystella-com/image/upload/c_lpad,w_1600,f_auto,q_auto/v1/TechnicalNames/PFD0_STSU178_C145.jpg?_i=AB",Changer 2.0 in Aqua Blue,23,,,,,,,,,,,,,,,,,,
image,MP-0085,,,,,,,,,,,,,,,,,,,,,,,,,,,,c053,,,,,"https://res.cloudinary.com/www-stanleystella-com/image/upload/c_lpad,w_1600,f_auto,q_auto/v1/TechnicalNames/PFD0_STSU178_C053.jpg?_i=AB",Changer 2.0 in Bright Blue,24,,,,,,,,,,,,,,,,,,
image,MP-0085,,,,,,,,,,,,,,,,,,,,,,,,,,,,c729,,,,,"https://res.cloudinary.com/www-stanleystella-com/image/upload/c_lpad,w_1600,f_auto,q_auto/v1/TechnicalNames/SFC5_STSU178_C729.jpg?_i=AB",Changer 2.0 in Mindful Blue,25,,,,,,,,,,,,,,,,,,
image,MP-0085,,,,,,,,,,,,,,,,,,,,,,,,,,,,c156,,,,,"https://res.cloudinary.com/www-stanleystella-com/image/upload/c_lpad,w_1600,f_auto,q_auto/v1/TechnicalNames/PFM0_STSU178_C156.jpg?_i=AB",Changer 2.0 in Blue Grey,26,,,,,,,,,,,,,,,,,,
image,MP-0085,,,,,,,,,,,,,,,,,,,,,,,,,,,,c089,,,,,"https://res.cloudinary.com/www-stanleystella-com/image/upload/c_lpad,w_1600,f_auto,q_auto/v1/TechnicalNames/PFD0_STSU178_C089.jpg?_i=AB",Changer 2.0 in Aloe,27,,,,,,,,,,,,,,,,,,
image,MP-0085,,,,,,,,,,,,,,,,,,,,,,,,,,,,c702,,,,,"https://res.cloudinary.com/www-stanleystella-com/image/upload/c_lpad,w_1600,f_auto,q_auto/v1/TechnicalNames/SFC5_STSU178_C702.jpg?_i=AB",Changer 2.0 in Stargazer,28,,,,,,,,,,,,,,,,,,
image,MP-0085,,,,,,,,,,,,,,,,,,,,,,,,,,,,c136,,,,,"https://res.cloudinary.com/www-stanleystella-com/image/upload/c_lpad,w_1600,f_auto,q_auto/v1/TechnicalNames/SFM0_STSU178_C136.jpg?_i=AB",Changer 2.0 in Deep Teal,29,,,,,,,,,,,,,,,,,,
image,MP-0085,,,,,,,,,,,,,,,,,,,,,,,,,,,,c357,,,,,"https://res.cloudinary.com/www-stanleystella-com/image/upload/c_lpad,w_1600,f_auto,q_auto/v1/TechnicalNames/PBM0_STSU178_C357.jpg?_i=AB",Changer 2.0 in Pool Blue,30,,,,,,,,,,,,,,,,,,
image,MP-0085,,,,,,,,,,,,,,,,,,,,,,,,,,,,c036,,,,,"https://res.cloudinary.com/www-stanleystella-com/image/upload/c_lpad,w_1600,f_auto,q_auto/v1/TechnicalNames/SFC0_STSU178_C036.jpg?_i=AB",Changer 2.0 in Glazed Green,31,,,,,,,,,,,,,,,,,,
image,MP-0085,,,,,,,,,,,,,,,,,,,,,,,,,,,,c144,,,,,"https://res.cloudinary.com/www-stanleystella-com/image/upload/c_lpad,w_1600,f_auto,q_auto/v1/TechnicalNames/PFD0_STSU178_C144.jpg?_i=AB",Changer 2.0 in Green Bay,32,,,,,,,,,,,,,,,,,,
image,MP-0085,,,,,,,,,,,,,,,,,,,,,,,,,,,,c735,,,,,"https://res.cloudinary.com/www-stanleystella-com/image/upload/c_lpad,w_1600,f_auto,q_auto/v1/TechnicalNames/SBM0_STSU178_C735.jpg?_i=AB",Changer 2.0 in Misty Jade,33,,,,,,,,,,,,,,,,,,
image,MP-0085,,,,,,,,,,,,,,,,,,,,,,,,,,,,c223,,,,,"https://res.cloudinary.com/www-stanleystella-com/image/upload/c_lpad,w_1600,f_auto,q_auto/v1/TechnicalNames/SFC6_STSU178_C223.jpg?_i=AB",Changer 2.0 in Khaki,34,,,,,,,,,,,,,,,,,,
image,MP-0085,,,,,,,,,,,,,,,,,,,,,,,,,,,,c155,,,,,"https://res.cloudinary.com/www-stanleystella-com/image/upload/c_lpad,w_1600,f_auto,q_auto/v1/TechnicalNames/SBM0_STSU178_C155.jpg?_i=AB",Changer 2.0 in Honey Paper,35,,,,,,,,,,,,,,,,,,
image,MP-0085,,,,,,,,,,,,,,,,,,,,,,,,,,,,c048,,,,,"https://res.cloudinary.com/www-stanleystella-com/image/upload/c_lpad,w_1600,f_auto,q_auto/v1/TechnicalNames/PFD0_STSU178_C048.jpg?_i=AB",Changer 2.0 in Ochre,36,,,,,,,,,,,,,,,,,,
image,MP-0085,,,,,,,,,,,,,,,,,,,,,,,,,,,,c730,,,,,"https://res.cloudinary.com/www-stanleystella-com/image/upload/c_lpad,w_1600,f_auto,q_auto/v1/TechnicalNames/DFM0_STSU178_C730.jpg?_i=AB",Changer 2.0 in Heritage Brown,37,,,,,,,,,,,,,,,,,,
image,MP-0085,,,,,,,,,,,,,,,,,,,,,,,,,,,,c112,,,,,"https://res.cloudinary.com/www-stanleystella-com/image/upload/c_lpad,w_1600,f_auto,q_auto/v1/TechnicalNames/PFD0_STSU178_C112.jpg?_i=AB",Changer 2.0 in Latte,38,,,,,,,,,,,,,,,,,,
image,MP-0085,,,,,,,,,,,,,,,,,,,,,,,,,,,,c028,,,,,"https://res.cloudinary.com/www-stanleystella-com/image/upload/c_lpad,w_1600,f_auto,q_auto/v1/TechnicalNames/PFD0_STSU178_C028.jpg?_i=AB",Changer 2.0 in Desert Dust,39,,,,,,,,,,,,,,,,,,
image,MP-0085,,,,,,,,,,,,,,,,,,,,,,,,,,,,c358,,,,,"https://res.cloudinary.com/www-stanleystella-com/image/upload/c_lpad,w_1600,f_auto,q_auto/v1/TechnicalNames/PBM0_STSU178_C358.jpg?_i=AB",Changer 2.0 in Stone,40,,,,,,,,,,,,,,,,,,
image,MP-0085,,,,,,,,,,,,,,,,,,,,,,,,,,,,c018,,,,,"https://res.cloudinary.com/www-stanleystella-com/image/upload/c_lpad,w_1600,f_auto,q_auto/v1/TechnicalNames/PFD0_STSU178_C018.jpg?_i=AB",Changer 2.0 in Off White,41,,,,,,,,,,,,,,,,,,
image,MP-0085,,,,,,,,,,,,,,,,,,,,,,,,,,,,c146,,,,,"https://res.cloudinary.com/www-stanleystella-com/image/upload/c_lpad,w_1600,f_auto,q_auto/v1/TechnicalNames/PFD0_STSU178_C146.jpg?_i=AB",Changer 2.0 in Cool Heather Grey,42,,,,,,,,,,,,,,,,,,
image,MP-0085,,,,,,,,,,,,,,,,,,,,,,,,,,,,c147,,,,,"https://res.cloudinary.com/www-stanleystella-com/image/upload/c_lpad,w_1600,f_auto,q_auto/v1/TechnicalNames/PFD0_STSU178_C147.jpg?_i=AB",Changer 2.0 in Eco-Heather,43,,,,,,,,,,,,,,,,,,
image,MP-0085,,,,,,,,,,,,,,,,,,,,,,,,,,,,c731,,,,,"https://res.cloudinary.com/www-stanleystella-com/image/upload/c_lpad,w_1600,f_auto,q_auto/v1/TechnicalNames/SBM0_STSU178_C731.jpg?_i=AB",Changer 2.0 in Heather Haze,44,,,,,,,,,,,,,,,,,,
image,MP-0085,,,,,,,,,,,,,,,,,,,,,,,,,,,,c715,,,,,"https://res.cloudinary.com/www-stanleystella-com/image/upload/c_lpad,w_1600,f_auto,q_auto/v1/TechnicalNames/PFD0_STSU178_C715.jpg?_i=AB",Changer 2.0 in India Ink Grey,45,,,,,,,,,,,,,,,,,,
image,MP-0085,,,,,,,,,,,,,,,,,,,,,,,,,,,,c253,,,,,"https://res.cloudinary.com/www-stanleystella-com/image/upload/c_lpad,w_1600,f_auto,q_auto/v1/TechnicalNames/SFC5_STSU178_C253.jpg?_i=AB",Changer 2.0 in Anthracite,46,,,,,,,,,,,,,,,,,,
image,MP-0085,,,,,,,,,,,,,,,,,,,,,,,,,,,,c651,,,,,"https://res.cloudinary.com/www-stanleystella-com/image/upload/c_lpad,w_1600,f_auto,q_auto/v1/TechnicalNames/PFD0_STSU178_C651.jpg?_i=AB",Changer 2.0 in Dark Heather Grey,47,,,,,,,,,,,,,,,,,,
decoration,MP-0085,,,,,,,,,,,,,,,,,,,,,,,,,,,,,,,,,,,,embroidery,front,160,160,6,Vector or DST,Default maximum for the category — confirm per product.,,,,,,,,,,,
decoration,MP-0085,,,,,,,,,,,,,,,,,,,,,,,,,,,,,,,,,,,,embroidery,back,200,200,6,Vector or DST,Default maximum for the category — confirm per product.,,,,,,,,,,,
decoration,MP-0085,,,,,,,,,,,,,,,,,,,,,,,,,,,,,,,,,,,,embroidery,left_chest,90,90,6,Vector or DST,Default maximum for the category — confirm per product.,,,,,,,,,,,
decoration,MP-0085,,,,,,,,,,,,,,,,,,,,,,,,,,,,,,,,,,,,embroidery,sleeve,70,70,6,Vector or DST,Default maximum for the category — confirm per product.,,,,,,,,,,,
decoration,MP-0085,,,,,,,,,,,,,,,,,,,,,,,,,,,,,,,,,,,,screen,front,300,400,4,Vector,Default maximum for the category — confirm per product.,,,,,,,,,,,
decoration,MP-0085,,,,,,,,,,,,,,,,,,,,,,,,,,,,,,,,,,,,screen,back,320,420,4,Vector,Default maximum for the category — confirm per product.,,,,,,,,,,,
decoration,MP-0085,,,,,,,,,,,,,,,,,,,,,,,,,,,,,,,,,,,,screen,left_chest,100,100,4,Vector,Default maximum for the category — confirm per product.,,,,,,,,,,,
decoration,MP-0085,,,,,,,,,,,,,,,,,,,,,,,,,,,,,,,,,,,,screen,sleeve,80,300,4,Vector,Default maximum for the category — confirm per product.,,,,,,,,,,,
decoration,MP-0085,,,,,,,,,,,,,,,,,,,,,,,,,,,,,,,,,,,,dtf,front,300,400,4,Vector,Default maximum for the category — confirm per product.,,,,,,,,,,,
decoration,MP-0085,,,,,,,,,,,,,,,,,,,,,,,,,,,,,,,,,,,,dtf,back,320,420,4,Vector,Default maximum for the category — confirm per product.,,,,,,,,,,,
decoration,MP-0085,,,,,,,,,,,,,,,,,,,,,,,,,,,,,,,,,,,,dtf,left_chest,100,100,4,Vector,Default maximum for the category — confirm per product.,,,,,,,,,,,
decoration,MP-0085,,,,,,,,,,,,,,,,,,,,,,,,,,,,,,,,,,,,dtf,sleeve,80,300,4,Vector,Default maximum for the category — confirm per product.,,,,,,,,,,,
decoration,MP-0085,,,,,,,,,,,,,,,,,,,,,,,,,,,,,,,,,,,,dtg,front,300,400,4,Vector,Default maximum for the category — confirm per product.,,,,,,,,,,,
decoration,MP-0085,,,,,,,,,,,,,,,,,,,,,,,,,,,,,,,,,,,,dtg,back,320,420,4,Vector,Default maximum for the category — confirm per product.,,,,,,,,,,,
decoration,MP-0085,,,,,,,,,,,,,,,,,,,,,,,,,,,,,,,,,,,,dtg,left_chest,100,100,4,Vector,Default maximum for the category — confirm per product.,,,,,,,,,,,
decoration,MP-0085,,,,,,,,,,,,,,,,,,,,,,,,,,,,,,,,,,,,dtg,sleeve,80,300,4,Vector,Default maximum for the category — confirm per product.,,,,,,,,,,,
product,MP-0086,chaser,Chaser,Sweatshirts,published,25,EUR,48.67,45.51,42.48,40.06,38.92,21.75,3,5,c172|c002|c001|c727|c250|c054|c244|c134|c149|c136|c223|c133|c730|c152|c358|c361|c715,XXS|XS|S|M|L|XL|XXL|3XL,embroidery|screen|dtf|dtg,front|back|left_chest|sleeve,yes,"Shell: Brushed, 85% Cotton - Organic Ring Spun Combed,15% Polyester - Recycled, Fabric washed","Shell: Brushed, 85% Cotton - Organic Ring Spun Combed,15% Polyester - Recycled, Fabric washed",280,,,,Stanley/Stella,STSU077,,,,,,,,,,,,,,,cost 21.75; worst-case decoration 5.86 at 100; market blank 25.21; ours 1.69x market,,,,,,,,,,,
variant,MP-0086,,,,published,,,,,,,,,,,,,,,,,,,,,,,,c172,MP0086-C172,0.00,,,,,,,,,,,,,,,,,,,,,,,
variant,MP-0086,,,,published,,,,,,,,,,,,,,,,,,,,,,,,c002,MP0086-C002,0.00,,,,,,,,,,,,,,,,,,,,,,,
variant,MP-0086,,,,published,,,,,,,,,,,,,,,,,,,,,,,,c001,MP0086-C001,0.00,,,,,,,,,,,,,,,,,,,,,,,
variant,MP-0086,,,,published,,,,,,,,,,,,,,,,,,,,,,,,c727,MP0086-C727,0.00,,,,,,,,,,,,,,,,,,,,,,,
variant,MP-0086,,,,published,,,,,,,,,,,,,,,,,,,,,,,,c250,MP0086-C250,0.00,,,,,,,,,,,,,,,,,,,,,,,
variant,MP-0086,,,,published,,,,,,,,,,,,,,,,,,,,,,,,c054,MP0086-C054,0.00,,,,,,,,,,,,,,,,,,,,,,,
variant,MP-0086,,,,published,,,,,,,,,,,,,,,,,,,,,,,,c244,MP0086-C244,0.00,,,,,,,,,,,,,,,,,,,,,,,
variant,MP-0086,,,,published,,,,,,,,,,,,,,,,,,,,,,,,c134,MP0086-C134,0.00,,,,,,,,,,,,,,,,,,,,,,,
variant,MP-0086,,,,published,,,,,,,,,,,,,,,,,,,,,,,,c149,MP0086-C149,0.00,,,,,,,,,,,,,,,,,,,,,,,
variant,MP-0086,,,,published,,,,,,,,,,,,,,,,,,,,,,,,c136,MP0086-C136,0.00,,,,,,,,,,,,,,,,,,,,,,,
variant,MP-0086,,,,published,,,,,,,,,,,,,,,,,,,,,,,,c223,MP0086-C223,0.00,,,,,,,,,,,,,,,,,,,,,,,
variant,MP-0086,,,,published,,,,,,,,,,,,,,,,,,,,,,,,c133,MP0086-C133,0.00,,,,,,,,,,,,,,,,,,,,,,,
variant,MP-0086,,,,published,,,,,,,,,,,,,,,,,,,,,,,,c730,MP0086-C730,0.00,,,,,,,,,,,,,,,,,,,,,,,
variant,MP-0086,,,,published,,,,,,,,,,,,,,,,,,,,,,,,c152,MP0086-C152,0.00,,,,,,,,,,,,,,,,,,,,,,,
variant,MP-0086,,,,published,,,,,,,,,,,,,,,,,,,,,,,,c358,MP0086-C358,0.00,,,,,,,,,,,,,,,,,,,,,,,
variant,MP-0086,,,,published,,,,,,,,,,,,,,,,,,,,,,,,c361,MP0086-C361,0.00,,,,,,,,,,,,,,,,,,,,,,,
variant,MP-0086,,,,published,,,,,,,,,,,,,,,,,,,,,,,,c715,MP0086-C715,0.00,,,,,,,,,,,,,,,,,,,,,,,
image,MP-0086,,,,,,,,,,,,,,,,,,,,,,,,,,,,,,,,,"https://res.cloudinary.com/www-stanleystella-com/image/upload/c_lpad,w_1600,f_auto,q_auto/v1/TechnicalNames/SBM0_STSU077_C172.jpg?_i=AB",Chaser in Passionate Red,1,,,,,,,,,,,,,,,,,,
image,MP-0086,,,,,,,,,,,,,,,,,,,,,,,,,,,,c002,,,,,"https://res.cloudinary.com/www-stanleystella-com/image/upload/c_lpad,w_1600,f_auto,q_auto/v1/TechnicalNames/PBM0_STSU077_C002.jpg?_i=AB",Chaser in Black,2,,,,,,,,,,,,,,,,,,
image,MP-0086,,,,,,,,,,,,,,,,,,,,,,,,,,,,c001,,,,,"https://res.cloudinary.com/www-stanleystella-com/image/upload/c_lpad,w_1600,f_auto,q_auto/v1/TechnicalNames/SBM0_STSU077_C001.jpg?_i=AB",Chaser in White,3,,,,,,,,,,,,,,,,,,
image,MP-0086,,,,,,,,,,,,,,,,,,,,,,,,,,,,c727,,,,,"https://res.cloudinary.com/www-stanleystella-com/image/upload/c_lpad,w_1600,f_auto,q_auto/v1/TechnicalNames/PBM0_STSU077_C727.jpg?_i=AB",Chaser in French Navy,4,,,,,,,,,,,,,,,,,,
image,MP-0086,,,,,,,,,,,,,,,,,,,,,,,,,,,,c250,,,,,"https://res.cloudinary.com/www-stanleystella-com/image/upload/c_lpad,w_1600,f_auto,q_auto/v1/TechnicalNames/DFM0_STSU077_C250.jpg?_i=AB",Chaser in Heather Grey,5,,,,,,,,,,,,,,,,,,
image,MP-0086,,,,,,,,,,,,,,,,,,,,,,,,,,,,c054,,,,,"https://res.cloudinary.com/www-stanleystella-com/image/upload/c_lpad,w_1600,f_auto,q_auto/v1/TechnicalNames/PBM0_STSU077_C054.jpg?_i=AB",Chaser in Natural Raw,6,,,,,,,,,,,,,,,,,,
image,MP-0086,,,,,,,,,,,,,,,,,,,,,,,,,,,,c244,,,,,"https://res.cloudinary.com/www-stanleystella-com/image/upload/c_lpad,w_1600,f_auto,q_auto/v1/TechnicalNames/PBM0_STSU077_C244.jpg?_i=AB",Chaser in Burgundy,7,,,,,,,,,,,,,,,,,,
image,MP-0086,,,,,,,,,,,,,,,,,,,,,,,,,,,,c134,,,,,"https://res.cloudinary.com/www-stanleystella-com/image/upload/c_lpad,w_1600,f_auto,q_auto/v1/TechnicalNames/DFM0_STSU077_C134.jpg?_i=AB",Chaser in Violet,8,,,,,,,,,,,,,,,,,,
image,MP-0086,,,,,,,,,,,,,,,,,,,,,,,,,,,,c149,,,,,"https://res.cloudinary.com/www-stanleystella-com/image/upload/c_lpad,w_1600,f_auto,q_auto/v1/TechnicalNames/PBM0_STSU077_C149.jpg?_i=AB",Chaser in Blue soul,9,,,,,,,,,,,,,,,,,,
image,MP-0086,,,,,,,,,,,,,,,,,,,,,,,,,,,,c136,,,,,"https://res.cloudinary.com/www-stanleystella-com/image/upload/c_lpad,w_1600,f_auto,q_auto/v1/TechnicalNames/SBM0_STSU077_C136.jpg?_i=AB",Chaser in Deep Teal,10,,,,,,,,,,,,,,,,,,
image,MP-0086,,,,,,,,,,,,,,,,,,,,,,,,,,,,c223,,,,,"https://res.cloudinary.com/www-stanleystella-com/image/upload/c_lpad,w_1600,f_auto,q_auto/v1/TechnicalNames/PBM0_STSU077_C223.jpg?_i=AB",Chaser in Khaki,11,,,,,,,,,,,,,,,,,,
image,MP-0086,,,,,,,,,,,,,,,,,,,,,,,,,,,,c133,,,,,"https://res.cloudinary.com/www-stanleystella-com/image/upload/c_lpad,w_1600,f_auto,q_auto/v1/TechnicalNames/PBM0_STSU077_C133.jpg?_i=AB",Chaser in Lemon Sorbet,12,,,,,,,,,,,,,,,,,,
image,MP-0086,,,,,,,,,,,,,,,,,,,,,,,,,,,,c730,,,,,"https://res.cloudinary.com/www-stanleystella-com/image/upload/c_lpad,w_1600,f_auto,q_auto/v1/TechnicalNames/SFM0_STSU077_C730.jpg?_i=AB",Chaser in Heritage Brown,13,,,,,,,,,,,,,,,,,,
image,MP-0086,,,,,,,,,,,,,,,,,,,,,,,,,,,,c152,,,,,"https://res.cloudinary.com/www-stanleystella-com/image/upload/c_lpad,w_1600,f_auto,q_auto/v1/TechnicalNames/SBM0_STSU077_C152.jpg?_i=AB",Chaser in Grounded Beige,14,,,,,,,,,,,,,,,,,,
image,MP-0086,,,,,,,,,,,,,,,,,,,,,,,,,,,,c358,,,,,"https://res.cloudinary.com/www-stanleystella-com/image/upload/c_lpad,w_1600,f_auto,q_auto/v1/TechnicalNames/PBM0_STSU077_C358.jpg?_i=AB",Chaser in Stone,15,,,,,,,,,,,,,,,,,,
image,MP-0086,,,,,,,,,,,,,,,,,,,,,,,,,,,,c361,,,,,"https://res.cloudinary.com/www-stanleystella-com/image/upload/c_lpad,w_1600,f_auto,q_auto/v1/TechnicalNames/PBM0_STSU077_C361.jpg?_i=AB",Chaser in Cream,16,,,,,,,,,,,,,,,,,,
image,MP-0086,,,,,,,,,,,,,,,,,,,,,,,,,,,,c715,,,,,"https://res.cloudinary.com/www-stanleystella-com/image/upload/c_lpad,w_1600,f_auto,q_auto/v1/TechnicalNames/PBM0_STSU077_C715.jpg?_i=AB",Chaser in India Ink Grey,17,,,,,,,,,,,,,,,,,,
decoration,MP-0086,,,,,,,,,,,,,,,,,,,,,,,,,,,,,,,,,,,,embroidery,front,160,160,6,Vector or DST,Default maximum for the category — confirm per product.,,,,,,,,,,,
decoration,MP-0086,,,,,,,,,,,,,,,,,,,,,,,,,,,,,,,,,,,,embroidery,back,200,200,6,Vector or DST,Default maximum for the category — confirm per product.,,,,,,,,,,,
decoration,MP-0086,,,,,,,,,,,,,,,,,,,,,,,,,,,,,,,,,,,,embroidery,left_chest,90,90,6,Vector or DST,Default maximum for the category — confirm per product.,,,,,,,,,,,
decoration,MP-0086,,,,,,,,,,,,,,,,,,,,,,,,,,,,,,,,,,,,embroidery,sleeve,70,70,6,Vector or DST,Default maximum for the category — confirm per product.,,,,,,,,,,,
decoration,MP-0086,,,,,,,,,,,,,,,,,,,,,,,,,,,,,,,,,,,,screen,front,300,400,4,Vector,Default maximum for the category — confirm per product.,,,,,,,,,,,
decoration,MP-0086,,,,,,,,,,,,,,,,,,,,,,,,,,,,,,,,,,,,screen,back,320,420,4,Vector,Default maximum for the category — confirm per product.,,,,,,,,,,,
decoration,MP-0086,,,,,,,,,,,,,,,,,,,,,,,,,,,,,,,,,,,,screen,left_chest,100,100,4,Vector,Default maximum for the category — confirm per product.,,,,,,,,,,,
decoration,MP-0086,,,,,,,,,,,,,,,,,,,,,,,,,,,,,,,,,,,,screen,sleeve,80,300,4,Vector,Default maximum for the category — confirm per product.,,,,,,,,,,,
decoration,MP-0086,,,,,,,,,,,,,,,,,,,,,,,,,,,,,,,,,,,,dtf,front,300,400,4,Vector,Default maximum for the category — confirm per product.,,,,,,,,,,,
decoration,MP-0086,,,,,,,,,,,,,,,,,,,,,,,,,,,,,,,,,,,,dtf,back,320,420,4,Vector,Default maximum for the category — confirm per product.,,,,,,,,,,,
decoration,MP-0086,,,,,,,,,,,,,,,,,,,,,,,,,,,,,,,,,,,,dtf,left_chest,100,100,4,Vector,Default maximum for the category — confirm per product.,,,,,,,,,,,
decoration,MP-0086,,,,,,,,,,,,,,,,,,,,,,,,,,,,,,,,,,,,dtf,sleeve,80,300,4,Vector,Default maximum for the category — confirm per product.,,,,,,,,,,,
decoration,MP-0086,,,,,,,,,,,,,,,,,,,,,,,,,,,,,,,,,,,,dtg,front,300,400,4,Vector,Default maximum for the category — confirm per product.,,,,,,,,,,,
decoration,MP-0086,,,,,,,,,,,,,,,,,,,,,,,,,,,,,,,,,,,,dtg,back,320,420,4,Vector,Default maximum for the category — confirm per product.,,,,,,,,,,,
decoration,MP-0086,,,,,,,,,,,,,,,,,,,,,,,,,,,,,,,,,,,,dtg,left_chest,100,100,4,Vector,Default maximum for the category — confirm per product.,,,,,,,,,,,
decoration,MP-0086,,,,,,,,,,,,,,,,,,,,,,,,,,,,,,,,,,,,dtg,sleeve,80,300,4,Vector,Default maximum for the category — confirm per product.,,,,,,,,,,,
product,MP-0087,chaser-vintage,Chaser Vintage,Sweatshirts,published,25,EUR,,,,,,,3,5,c174|c158|c157|c140,XXS|XS|S|M|L|XL|XXL|3XL,embroidery|screen|dtf|dtg,front|back|left_chest|sleeve,yes,"Shell: Brushed, 85% Cotton - Organic Ring Spun Combed,15% Polyester - Recycled, Garment dyed","Shell: Brushed, 85% Cotton - Organic Ring Spun Combed,15% Polyester - Recycled, Garment dyed",300,,,,Stanley/Stella,STSU282,,,,,,,,,,,,,,,No supplier cost on file — quote on inquiry.,,,,,,,,,,,
variant,MP-0087,,,,published,,,,,,,,,,,,,,,,,,,,,,,,c174,MP0087-C174,0.00,,,,,,,,,,,,,,,,,,,,,,,
variant,MP-0087,,,,published,,,,,,,,,,,,,,,,,,,,,,,,c158,MP0087-C158,0.00,,,,,,,,,,,,,,,,,,,,,,,
variant,MP-0087,,,,published,,,,,,,,,,,,,,,,,,,,,,,,c157,MP0087-C157,0.00,,,,,,,,,,,,,,,,,,,,,,,
variant,MP-0087,,,,published,,,,,,,,,,,,,,,,,,,,,,,,c140,MP0087-C140,0.00,,,,,,,,,,,,,,,,,,,,,,,
image,MP-0087,,,,,,,,,,,,,,,,,,,,,,,,,,,,,,,,,"https://res.cloudinary.com/www-stanleystella-com/image/upload/c_lpad,w_1600,f_auto,q_auto/v1/TechnicalNames/SFM0_STSU282_C174.jpg?_i=AB",Chaser Vintage in G.Dyed Mocha,1,,,,,,,,,,,,,,,,,,
image,MP-0087,,,,,,,,,,,,,,,,,,,,,,,,,,,,c158,,,,,"https://res.cloudinary.com/www-stanleystella-com/image/upload/c_lpad,w_1600,f_auto,q_auto/v1/TechnicalNames/SBM0_STSU282_C158.jpg?_i=AB",Chaser Vintage in G. Dyed Blue Grey,2,,,,,,,,,,,,,,,,,,
image,MP-0087,,,,,,,,,,,,,,,,,,,,,,,,,,,,c157,,,,,"https://res.cloudinary.com/www-stanleystella-com/image/upload/c_lpad,w_1600,f_auto,q_auto/v1/TechnicalNames/SBM0_STSU282_C157.jpg?_i=AB",Chaser Vintage in G. Dyed Misty Grey,3,,,,,,,,,,,,,,,,,,
image,MP-0087,,,,,,,,,,,,,,,,,,,,,,,,,,,,c140,,,,,"https://res.cloudinary.com/www-stanleystella-com/image/upload/c_lpad,w_1600,f_auto,q_auto/v1/TechnicalNames/SBM0_STSU282_C140.jpg?_i=AB",Chaser Vintage in G. Dyed Black Rock,4,,,,,,,,,,,,,,,,,,
decoration,MP-0087,,,,,,,,,,,,,,,,,,,,,,,,,,,,,,,,,,,,embroidery,front,160,160,6,Vector or DST,Default maximum for the category — confirm per product.,,,,,,,,,,,
decoration,MP-0087,,,,,,,,,,,,,,,,,,,,,,,,,,,,,,,,,,,,embroidery,back,200,200,6,Vector or DST,Default maximum for the category — confirm per product.,,,,,,,,,,,
decoration,MP-0087,,,,,,,,,,,,,,,,,,,,,,,,,,,,,,,,,,,,embroidery,left_chest,90,90,6,Vector or DST,Default maximum for the category — confirm per product.,,,,,,,,,,,
decoration,MP-0087,,,,,,,,,,,,,,,,,,,,,,,,,,,,,,,,,,,,embroidery,sleeve,70,70,6,Vector or DST,Default maximum for the category — confirm per product.,,,,,,,,,,,
decoration,MP-0087,,,,,,,,,,,,,,,,,,,,,,,,,,,,,,,,,,,,screen,front,300,400,4,Vector,Default maximum for the category — confirm per product.,,,,,,,,,,,
decoration,MP-0087,,,,,,,,,,,,,,,,,,,,,,,,,,,,,,,,,,,,screen,back,320,420,4,Vector,Default maximum for the category — confirm per product.,,,,,,,,,,,
decoration,MP-0087,,,,,,,,,,,,,,,,,,,,,,,,,,,,,,,,,,,,screen,left_chest,100,100,4,Vector,Default maximum for the category — confirm per product.,,,,,,,,,,,
decoration,MP-0087,,,,,,,,,,,,,,,,,,,,,,,,,,,,,,,,,,,,screen,sleeve,80,300,4,Vector,Default maximum for the category — confirm per product.,,,,,,,,,,,
decoration,MP-0087,,,,,,,,,,,,,,,,,,,,,,,,,,,,,,,,,,,,dtf,front,300,400,4,Vector,Default maximum for the category — confirm per product.,,,,,,,,,,,
decoration,MP-0087,,,,,,,,,,,,,,,,,,,,,,,,,,,,,,,,,,,,dtf,back,320,420,4,Vector,Default maximum for the category — confirm per product.,,,,,,,,,,,
decoration,MP-0087,,,,,,,,,,,,,,,,,,,,,,,,,,,,,,,,,,,,dtf,left_chest,100,100,4,Vector,Default maximum for the category — confirm per product.,,,,,,,,,,,
decoration,MP-0087,,,,,,,,,,,,,,,,,,,,,,,,,,,,,,,,,,,,dtf,sleeve,80,300,4,Vector,Default maximum for the category — confirm per product.,,,,,,,,,,,
decoration,MP-0087,,,,,,,,,,,,,,,,,,,,,,,,,,,,,,,,,,,,dtg,front,300,400,4,Vector,Default maximum for the category — confirm per product.,,,,,,,,,,,
decoration,MP-0087,,,,,,,,,,,,,,,,,,,,,,,,,,,,,,,,,,,,dtg,back,320,420,4,Vector,Default maximum for the category — confirm per product.,,,,,,,,,,,
decoration,MP-0087,,,,,,,,,,,,,,,,,,,,,,,,,,,,,,,,,,,,dtg,left_chest,100,100,4,Vector,Default maximum for the category — confirm per product.,,,,,,,,,,,
decoration,MP-0087,,,,,,,,,,,,,,,,,,,,,,,,,,,,,,,,,,,,dtg,sleeve,80,300,4,Vector,Default maximum for the category — confirm per product.,,,,,,,,,,,
product,MP-0088,connector,Connector,Sweatshirts,published,25,EUR,,,,,,,3,5,c001|c054|c002|c253|c078|c100|c053|c004|c244|c727|c038|c250|c651|c652,XXS|XS|S|M|L|XL|XXL|3XL|4XL,embroidery|screen|dtf|dtg,front|back|left_chest|sleeve,yes,"Shell: French Terry, 85% Cotton - Organic Ring Spun Combed,15% Polyester - Recycled, Fabric washed, Light sueded","Shell: French Terry, 85% Cotton - Organic Ring Spun Combed,15% Polyester - Recycled, Fabric washed, Light sueded",300,,,,Stanley/Stella,STSU820,,,,,,,,,,,,,,,No supplier cost on file — quote on inquiry.,,,,,,,,,,,
variant,MP-0088,,,,published,,,,,,,,,,,,,,,,,,,,,,,,c001,MP0088-C001,0.00,,,,,,,,,,,,,,,,,,,,,,,
variant,MP-0088,,,,published,,,,,,,,,,,,,,,,,,,,,,,,c054,MP0088-C054,0.00,,,,,,,,,,,,,,,,,,,,,,,
variant,MP-0088,,,,published,,,,,,,,,,,,,,,,,,,,,,,,c002,MP0088-C002,0.00,,,,,,,,,,,,,,,,,,,,,,,
variant,MP-0088,,,,published,,,,,,,,,,,,,,,,,,,,,,,,c253,MP0088-C253,0.00,,,,,,,,,,,,,,,,,,,,,,,
variant,MP-0088,,,,published,,,,,,,,,,,,,,,,,,,,,,,,c078,MP0088-C078,0.00,,,,,,,,,,,,,,,,,,,,,,,
variant,MP-0088,,,,published,,,,,,,,,,,,,,,,,,,,,,,,c100,MP0088-C100,0.00,,,,,,,,,,,,,,,,,,,,,,,
variant,MP-0088,,,,published,,,,,,,,,,,,,,,,,,,,,,,,c053,MP0088-C053,0.00,,,,,,,,,,,,,,,,,,,,,,,
variant,MP-0088,,,,published,,,,,,,,,,,,,,,,,,,,,,,,c004,MP0088-C004,0.00,,,,,,,,,,,,,,,,,,,,,,,
variant,MP-0088,,,,published,,,,,,,,,,,,,,,,,,,,,,,,c244,MP0088-C244,0.00,,,,,,,,,,,,,,,,,,,,,,,
variant,MP-0088,,,,published,,,,,,,,,,,,,,,,,,,,,,,,c727,MP0088-C727,0.00,,,,,,,,,,,,,,,,,,,,,,,
variant,MP-0088,,,,published,,,,,,,,,,,,,,,,,,,,,,,,c038,MP0088-C038,0.00,,,,,,,,,,,,,,,,,,,,,,,
variant,MP-0088,,,,published,,,,,,,,,,,,,,,,,,,,,,,,c250,MP0088-C250,0.00,,,,,,,,,,,,,,,,,,,,,,,
variant,MP-0088,,,,published,,,,,,,,,,,,,,,,,,,,,,,,c651,MP0088-C651,0.00,,,,,,,,,,,,,,,,,,,,,,,
variant,MP-0088,,,,published,,,,,,,,,,,,,,,,,,,,,,,,c652,MP0088-C652,0.00,,,,,,,,,,,,,,,,,,,,,,,
image,MP-0088,,,,,,,,,,,,,,,,,,,,,,,,,,,,,,,,,"https://res.cloudinary.com/www-stanleystella-com/image/upload/c_lpad,w_1600,f_auto,q_auto/v1/TechnicalNames/SFM0_STSU820_C253.jpg?_i=AB",Connector in Anthracite,1,,,,,,,,,,,,,,,,,,
decoration,MP-0088,,,,,,,,,,,,,,,,,,,,,,,,,,,,,,,,,,,,embroidery,front,160,160,6,Vector or DST,Default maximum for the category — confirm per product.,,,,,,,,,,,
decoration,MP-0088,,,,,,,,,,,,,,,,,,,,,,,,,,,,,,,,,,,,embroidery,back,200,200,6,Vector or DST,Default maximum for the category — confirm per product.,,,,,,,,,,,
decoration,MP-0088,,,,,,,,,,,,,,,,,,,,,,,,,,,,,,,,,,,,embroidery,left_chest,90,90,6,Vector or DST,Default maximum for the category — confirm per product.,,,,,,,,,,,
decoration,MP-0088,,,,,,,,,,,,,,,,,,,,,,,,,,,,,,,,,,,,embroidery,sleeve,70,70,6,Vector or DST,Default maximum for the category — confirm per product.,,,,,,,,,,,
decoration,MP-0088,,,,,,,,,,,,,,,,,,,,,,,,,,,,,,,,,,,,screen,front,300,400,4,Vector,Default maximum for the category — confirm per product.,,,,,,,,,,,
decoration,MP-0088,,,,,,,,,,,,,,,,,,,,,,,,,,,,,,,,,,,,screen,back,320,420,4,Vector,Default maximum for the category — confirm per product.,,,,,,,,,,,
decoration,MP-0088,,,,,,,,,,,,,,,,,,,,,,,,,,,,,,,,,,,,screen,left_chest,100,100,4,Vector,Default maximum for the category — confirm per product.,,,,,,,,,,,
decoration,MP-0088,,,,,,,,,,,,,,,,,,,,,,,,,,,,,,,,,,,,screen,sleeve,80,300,4,Vector,Default maximum for the category — confirm per product.,,,,,,,,,,,
decoration,MP-0088,,,,,,,,,,,,,,,,,,,,,,,,,,,,,,,,,,,,dtf,front,300,400,4,Vector,Default maximum for the category — confirm per product.,,,,,,,,,,,
decoration,MP-0088,,,,,,,,,,,,,,,,,,,,,,,,,,,,,,,,,,,,dtf,back,320,420,4,Vector,Default maximum for the category — confirm per product.,,,,,,,,,,,
decoration,MP-0088,,,,,,,,,,,,,,,,,,,,,,,,,,,,,,,,,,,,dtf,left_chest,100,100,4,Vector,Default maximum for the category — confirm per product.,,,,,,,,,,,
decoration,MP-0088,,,,,,,,,,,,,,,,,,,,,,,,,,,,,,,,,,,,dtf,sleeve,80,300,4,Vector,Default maximum for the category — confirm per product.,,,,,,,,,,,
decoration,MP-0088,,,,,,,,,,,,,,,,,,,,,,,,,,,,,,,,,,,,dtg,front,300,400,4,Vector,Default maximum for the category — confirm per product.,,,,,,,,,,,
decoration,MP-0088,,,,,,,,,,,,,,,,,,,,,,,,,,,,,,,,,,,,dtg,back,320,420,4,Vector,Default maximum for the category — confirm per product.,,,,,,,,,,,
decoration,MP-0088,,,,,,,,,,,,,,,,,,,,,,,,,,,,,,,,,,,,dtg,left_chest,100,100,4,Vector,Default maximum for the category — confirm per product.,,,,,,,,,,,
decoration,MP-0088,,,,,,,,,,,,,,,,,,,,,,,,,,,,,,,,,,,,dtg,sleeve,80,300,4,Vector,Default maximum for the category — confirm per product.,,,,,,,,,,,
product,MP-0089,connector-2-0,Connector 2.0,Sweatshirts,published,25,EUR,55.75,52.59,49.56,47.14,45.99,26.35,3,5,c002|c001|c727|c250|c054|c244|c053,XXS|XS|S|M|L|XL|XXL|3XL,embroidery|screen|dtf|dtg,front|back|left_chest|sleeve,yes,"Shell: French Terry, 85% Cotton - Organic Ring Spun Combed,15% Polyester - Recycled, Fabric washed","Shell: French Terry, 85% Cotton - Organic Ring Spun Combed,15% Polyester - Recycled, Fabric washed",300,,,,Stanley/Stella,STSU207,,,,,,,,,,,,,,,cost 26.35; worst-case decoration 5.86 at 100; market blank 29.41; ours 1.69x market,,,,,,,,,,,
variant,MP-0089,,,,published,,,,,,,,,,,,,,,,,,,,,,,,c002,MP0089-C002,0.00,,,,,,,,,,,,,,,,,,,,,,,
variant,MP-0089,,,,published,,,,,,,,,,,,,,,,,,,,,,,,c001,MP0089-C001,0.00,,,,,,,,,,,,,,,,,,,,,,,
variant,MP-0089,,,,published,,,,,,,,,,,,,,,,,,,,,,,,c727,MP0089-C727,0.00,,,,,,,,,,,,,,,,,,,,,,,
variant,MP-0089,,,,published,,,,,,,,,,,,,,,,,,,,,,,,c250,MP0089-C250,0.00,,,,,,,,,,,,,,,,,,,,,,,
variant,MP-0089,,,,published,,,,,,,,,,,,,,,,,,,,,,,,c054,MP0089-C054,0.00,,,,,,,,,,,,,,,,,,,,,,,
variant,MP-0089,,,,published,,,,,,,,,,,,,,,,,,,,,,,,c244,MP0089-C244,0.00,,,,,,,,,,,,,,,,,,,,,,,
variant,MP-0089,,,,published,,,,,,,,,,,,,,,,,,,,,,,,c053,MP0089-C053,0.00,,,,,,,,,,,,,,,,,,,,,,,
image,MP-0089,,,,,,,,,,,,,,,,,,,,,,,,,,,,,,,,,"https://res.cloudinary.com/www-stanleystella-com/image/upload/c_lpad,w_1600,f_auto,q_auto/v1/TechnicalNames/SBM0_STSU207_C002.jpg?_i=AB",Connector 2.0 in Black,1,,,,,,,,,,,,,,,,,,
image,MP-0089,,,,,,,,,,,,,,,,,,,,,,,,,,,,c001,,,,,"https://res.cloudinary.com/www-stanleystella-com/image/upload/c_lpad,w_1600,f_auto,q_auto/v1/TechnicalNames/SBM0_STSU207_C001.jpg?_i=AB",Connector 2.0 in White,2,,,,,,,,,,,,,,,,,,
image,MP-0089,,,,,,,,,,,,,,,,,,,,,,,,,,,,c727,,,,,"https://res.cloudinary.com/www-stanleystella-com/image/upload/c_lpad,w_1600,f_auto,q_auto/v1/TechnicalNames/DFM0_STSU207_C727.jpg?_i=AB",Connector 2.0 in French Navy,3,,,,,,,,,,,,,,,,,,
image,MP-0089,,,,,,,,,,,,,,,,,,,,,,,,,,,,c250,,,,,"https://res.cloudinary.com/www-stanleystella-com/image/upload/c_lpad,w_1600,f_auto,q_auto/v1/TechnicalNames/SBM0_STSU207_C250.jpg?_i=AB",Connector 2.0 in Heather Grey,4,,,,,,,,,,,,,,,,,,
image,MP-0089,,,,,,,,,,,,,,,,,,,,,,,,,,,,c054,,,,,"https://res.cloudinary.com/www-stanleystella-com/image/upload/c_lpad,w_1600,f_auto,q_auto/v1/TechnicalNames/SBM0_STSU207_C054.jpg?_i=AB",Connector 2.0 in Natural Raw,5,,,,,,,,,,,,,,,,,,
image,MP-0089,,,,,,,,,,,,,,,,,,,,,,,,,,,,c244,,,,,"https://res.cloudinary.com/www-stanleystella-com/image/upload/c_lpad,w_1600,f_auto,q_auto/v1/TechnicalNames/SBM0_STSU207_C244.jpg?_i=AB",Connector 2.0 in Burgundy,6,,,,,,,,,,,,,,,,,,
image,MP-0089,,,,,,,,,,,,,,,,,,,,,,,,,,,,c053,,,,,"https://res.cloudinary.com/www-stanleystella-com/image/upload/c_lpad,w_1600,f_auto,q_auto/v1/TechnicalNames/SBM0_STSU207_C053.jpg?_i=AB",Connector 2.0 in Bright Blue,7,,,,,,,,,,,,,,,,,,
decoration,MP-0089,,,,,,,,,,,,,,,,,,,,,,,,,,,,,,,,,,,,embroidery,front,160,160,6,Vector or DST,Default maximum for the category — confirm per product.,,,,,,,,,,,
decoration,MP-0089,,,,,,,,,,,,,,,,,,,,,,,,,,,,,,,,,,,,embroidery,back,200,200,6,Vector or DST,Default maximum for the category — confirm per product.,,,,,,,,,,,
decoration,MP-0089,,,,,,,,,,,,,,,,,,,,,,,,,,,,,,,,,,,,embroidery,left_chest,90,90,6,Vector or DST,Default maximum for the category — confirm per product.,,,,,,,,,,,
decoration,MP-0089,,,,,,,,,,,,,,,,,,,,,,,,,,,,,,,,,,,,embroidery,sleeve,70,70,6,Vector or DST,Default maximum for the category — confirm per product.,,,,,,,,,,,
decoration,MP-0089,,,,,,,,,,,,,,,,,,,,,,,,,,,,,,,,,,,,screen,front,300,400,4,Vector,Default maximum for the category — confirm per product.,,,,,,,,,,,
decoration,MP-0089,,,,,,,,,,,,,,,,,,,,,,,,,,,,,,,,,,,,screen,back,320,420,4,Vector,Default maximum for the category — confirm per product.,,,,,,,,,,,
decoration,MP-0089,,,,,,,,,,,,,,,,,,,,,,,,,,,,,,,,,,,,screen,left_chest,100,100,4,Vector,Default maximum for the category — confirm per product.,,,,,,,,,,,
decoration,MP-0089,,,,,,,,,,,,,,,,,,,,,,,,,,,,,,,,,,,,screen,sleeve,80,300,4,Vector,Default maximum for the category — confirm per product.,,,,,,,,,,,
decoration,MP-0089,,,,,,,,,,,,,,,,,,,,,,,,,,,,,,,,,,,,dtf,front,300,400,4,Vector,Default maximum for the category — confirm per product.,,,,,,,,,,,
decoration,MP-0089,,,,,,,,,,,,,,,,,,,,,,,,,,,,,,,,,,,,dtf,back,320,420,4,Vector,Default maximum for the category — confirm per product.,,,,,,,,,,,
decoration,MP-0089,,,,,,,,,,,,,,,,,,,,,,,,,,,,,,,,,,,,dtf,left_chest,100,100,4,Vector,Default maximum for the category — confirm per product.,,,,,,,,,,,
decoration,MP-0089,,,,,,,,,,,,,,,,,,,,,,,,,,,,,,,,,,,,dtf,sleeve,80,300,4,Vector,Default maximum for the category — confirm per product.,,,,,,,,,,,
decoration,MP-0089,,,,,,,,,,,,,,,,,,,,,,,,,,,,,,,,,,,,dtg,front,300,400,4,Vector,Default maximum for the category — confirm per product.,,,,,,,,,,,
decoration,MP-0089,,,,,,,,,,,,,,,,,,,,,,,,,,,,,,,,,,,,dtg,back,320,420,4,Vector,Default maximum for the category — confirm per product.,,,,,,,,,,,
decoration,MP-0089,,,,,,,,,,,,,,,,,,,,,,,,,,,,,,,,,,,,dtg,left_chest,100,100,4,Vector,Default maximum for the category — confirm per product.,,,,,,,,,,,
decoration,MP-0089,,,,,,,,,,,,,,,,,,,,,,,,,,,,,,,,,,,,dtg,sleeve,80,300,4,Vector,Default maximum for the category — confirm per product.,,,,,,,,,,,
product,MP-0090,cooper-dry,Cooper Dry,Sweatshirts,published,25,EUR,69.13,65.97,62.94,60.53,59.38,35.05,3,5,c002|c001|c727|c250|c101|c086|c085|c088|c053|c089|c702|c078|c028,XXS|XS|S|M|L|XL|XXL|3XL,embroidery|screen|dtf|dtg,front|back|left_chest|sleeve,yes,"Shell: French Terry, 100% Cotton - Organic Ring Spun Carded, Dry Handfeel","Shell: French Terry, 100% Cotton - Organic Ring Spun Carded, Dry Handfeel",400,,,,Stanley/Stella,STSU797,,,,,,,,,,,,,,,cost 35.05; worst-case decoration 5.86 at 100; market blank 40.73; ours 1.55x market,,,,,,,,,,,
variant,MP-0090,,,,published,,,,,,,,,,,,,,,,,,,,,,,,c002,MP0090-C002,0.00,,,,,,,,,,,,,,,,,,,,,,,
variant,MP-0090,,,,published,,,,,,,,,,,,,,,,,,,,,,,,c001,MP0090-C001,0.00,,,,,,,,,,,,,,,,,,,,,,,
variant,MP-0090,,,,published,,,,,,,,,,,,,,,,,,,,,,,,c727,MP0090-C727,0.00,,,,,,,,,,,,,,,,,,,,,,,
variant,MP-0090,,,,published,,,,,,,,,,,,,,,,,,,,,,,,c250,MP0090-C250,0.00,,,,,,,,,,,,,,,,,,,,,,,
variant,MP-0090,,,,published,,,,,,,,,,,,,,,,,,,,,,,,c101,MP0090-C101,0.00,,,,,,,,,,,,,,,,,,,,,,,
variant,MP-0090,,,,published,,,,,,,,,,,,,,,,,,,,,,,,c086,MP0090-C086,0.00,,,,,,,,,,,,,,,,,,,,,,,
variant,MP-0090,,,,published,,,,,,,,,,,,,,,,,,,,,,,,c085,MP0090-C085,0.00,,,,,,,,,,,,,,,,,,,,,,,
variant,MP-0090,,,,published,,,,,,,,,,,,,,,,,,,,,,,,c088,MP0090-C088,0.00,,,,,,,,,,,,,,,,,,,,,,,
variant,MP-0090,,,,published,,,,,,,,,,,,,,,,,,,,,,,,c053,MP0090-C053,0.00,,,,,,,,,,,,,,,,,,,,,,,
variant,MP-0090,,,,published,,,,,,,,,,,,,,,,,,,,,,,,c089,MP0090-C089,0.00,,,,,,,,,,,,,,,,,,,,,,,
variant,MP-0090,,,,published,,,,,,,,,,,,,,,,,,,,,,,,c702,MP0090-C702,0.00,,,,,,,,,,,,,,,,,,,,,,,
variant,MP-0090,,,,published,,,,,,,,,,,,,,,,,,,,,,,,c078,MP0090-C078,0.00,,,,,,,,,,,,,,,,,,,,,,,
variant,MP-0090,,,,published,,,,,,,,,,,,,,,,,,,,,,,,c028,MP0090-C028,0.00,,,,,,,,,,,,,,,,,,,,,,,
image,MP-0090,,,,,,,,,,,,,,,,,,,,,,,,,,,,,,,,,"https://res.cloudinary.com/www-stanleystella-com/image/upload/c_lpad,w_1600,f_auto,q_auto/v1/TechnicalNames/PBM0_STSU797_C002.jpg?_i=AB",Cooper Dry in Black,1,,,,,,,,,,,,,,,,,,
image,MP-0090,,,,,,,,,,,,,,,,,,,,,,,,,,,,c001,,,,,"https://res.cloudinary.com/www-stanleystella-com/image/upload/c_lpad,w_1600,f_auto,q_auto/v1/TechnicalNames/PBM0_STSU797_C001.jpg?_i=AB",Cooper Dry in White,2,,,,,,,,,,,,,,,,,,
image,MP-0090,,,,,,,,,,,,,,,,,,,,,,,,,,,,c727,,,,,"https://res.cloudinary.com/www-stanleystella-com/image/upload/c_lpad,w_1600,f_auto,q_auto/v1/TechnicalNames/PBM0_STSU797_C727.jpg?_i=AB",Cooper Dry in French Navy,3,,,,,,,,,,,,,,,,,,
image,MP-0090,,,,,,,,,,,,,,,,,,,,,,,,,,,,c250,,,,,"https://res.cloudinary.com/www-stanleystella-com/image/upload/c_lpad,w_1600,f_auto,q_auto/v1/TechnicalNames/DFM0_STSU797_C250.jpg?_i=AB",Cooper Dry in Heather Grey,4,,,,,,,,,,,,,,,,,,
image,MP-0090,,,,,,,,,,,,,,,,,,,,,,,,,,,,c101,,,,,"https://res.cloudinary.com/www-stanleystella-com/image/upload/c_lpad,w_1600,f_auto,q_auto/v1/TechnicalNames/SBM0_STSU797_C101.jpg?_i=AB",Cooper Dry in Fraiche Peche,5,,,,,,,,,,,,,,,,,,
image,MP-0090,,,,,,,,,,,,,,,,,,,,,,,,,,,,c086,,,,,"https://res.cloudinary.com/www-stanleystella-com/image/upload/c_lpad,w_1600,f_auto,q_auto/v1/TechnicalNames/PBM0_STSU797_C086.jpg?_i=AB",Cooper Dry in Red Earth,6,,,,,,,,,,,,,,,,,,
image,MP-0090,,,,,,,,,,,,,,,,,,,,,,,,,,,,c085,,,,,"https://res.cloudinary.com/www-stanleystella-com/image/upload/c_lpad,w_1600,f_auto,q_auto/v1/TechnicalNames/DFM0_STSU797_C085.jpg?_i=AB",Cooper Dry in Kaffa Coffee,7,,,,,,,,,,,,,,,,,,
image,MP-0090,,,,,,,,,,,,,,,,,,,,,,,,,,,,c088,,,,,"https://res.cloudinary.com/www-stanleystella-com/image/upload/c_lpad,w_1600,f_auto,q_auto/v1/TechnicalNames/PBM0_STSU797_C088.jpg?_i=AB",Cooper Dry in Worker Blue,8,,,,,,,,,,,,,,,,,,
image,MP-0090,,,,,,,,,,,,,,,,,,,,,,,,,,,,c053,,,,,"https://res.cloudinary.com/www-stanleystella-com/image/upload/c_lpad,w_1600,f_auto,q_auto/v1/TechnicalNames/SBM0_STSU797_C053.jpg?_i=AB",Cooper Dry in Bright Blue,9,,,,,,,,,,,,,,,,,,
image,MP-0090,,,,,,,,,,,,,,,,,,,,,,,,,,,,c089,,,,,"https://res.cloudinary.com/www-stanleystella-com/image/upload/c_lpad,w_1600,f_auto,q_auto/v1/TechnicalNames/SFM0_STSU797_C089.jpg?_i=AB",Cooper Dry in Aloe,10,,,,,,,,,,,,,,,,,,
image,MP-0090,,,,,,,,,,,,,,,,,,,,,,,,,,,,c702,,,,,"https://res.cloudinary.com/www-stanleystella-com/image/upload/c_lpad,w_1600,f_auto,q_auto/v1/TechnicalNames/PBM0_STSU797_C702.jpg?_i=AB",Cooper Dry in Stargazer,11,,,,,,,,,,,,,,,,,,
image,MP-0090,,,,,,,,,,,,,,,,,,,,,,,,,,,,c078,,,,,"https://res.cloudinary.com/www-stanleystella-com/image/upload/c_lpad,w_1600,f_auto,q_auto/v1/TechnicalNames/SBM0_STSU797_C078.jpg?_i=AB",Cooper Dry in Butter,12,,,,,,,,,,,,,,,,,,
image,MP-0090,,,,,,,,,,,,,,,,,,,,,,,,,,,,c028,,,,,"https://res.cloudinary.com/www-stanleystella-com/image/upload/c_lpad,w_1600,f_auto,q_auto/v1/TechnicalNames/DFM0_STSU797_C028.jpg?_i=AB",Cooper Dry in Desert Dust,13,,,,,,,,,,,,,,,,,,
decoration,MP-0090,,,,,,,,,,,,,,,,,,,,,,,,,,,,,,,,,,,,embroidery,front,160,160,6,Vector or DST,Default maximum for the category — confirm per product.,,,,,,,,,,,
decoration,MP-0090,,,,,,,,,,,,,,,,,,,,,,,,,,,,,,,,,,,,embroidery,back,200,200,6,Vector or DST,Default maximum for the category — confirm per product.,,,,,,,,,,,
decoration,MP-0090,,,,,,,,,,,,,,,,,,,,,,,,,,,,,,,,,,,,embroidery,left_chest,90,90,6,Vector or DST,Default maximum for the category — confirm per product.,,,,,,,,,,,
decoration,MP-0090,,,,,,,,,,,,,,,,,,,,,,,,,,,,,,,,,,,,embroidery,sleeve,70,70,6,Vector or DST,Default maximum for the category — confirm per product.,,,,,,,,,,,
decoration,MP-0090,,,,,,,,,,,,,,,,,,,,,,,,,,,,,,,,,,,,screen,front,300,400,4,Vector,Default maximum for the category — confirm per product.,,,,,,,,,,,
decoration,MP-0090,,,,,,,,,,,,,,,,,,,,,,,,,,,,,,,,,,,,screen,back,320,420,4,Vector,Default maximum for the category — confirm per product.,,,,,,,,,,,
decoration,MP-0090,,,,,,,,,,,,,,,,,,,,,,,,,,,,,,,,,,,,screen,left_chest,100,100,4,Vector,Default maximum for the category — confirm per product.,,,,,,,,,,,
decoration,MP-0090,,,,,,,,,,,,,,,,,,,,,,,,,,,,,,,,,,,,screen,sleeve,80,300,4,Vector,Default maximum for the category — confirm per product.,,,,,,,,,,,
decoration,MP-0090,,,,,,,,,,,,,,,,,,,,,,,,,,,,,,,,,,,,dtf,front,300,400,4,Vector,Default maximum for the category — confirm per product.,,,,,,,,,,,
decoration,MP-0090,,,,,,,,,,,,,,,,,,,,,,,,,,,,,,,,,,,,dtf,back,320,420,4,Vector,Default maximum for the category — confirm per product.,,,,,,,,,,,
decoration,MP-0090,,,,,,,,,,,,,,,,,,,,,,,,,,,,,,,,,,,,dtf,left_chest,100,100,4,Vector,Default maximum for the category — confirm per product.,,,,,,,,,,,
decoration,MP-0090,,,,,,,,,,,,,,,,,,,,,,,,,,,,,,,,,,,,dtf,sleeve,80,300,4,Vector,Default maximum for the category — confirm per product.,,,,,,,,,,,
decoration,MP-0090,,,,,,,,,,,,,,,,,,,,,,,,,,,,,,,,,,,,dtg,front,300,400,4,Vector,Default maximum for the category — confirm per product.,,,,,,,,,,,
decoration,MP-0090,,,,,,,,,,,,,,,,,,,,,,,,,,,,,,,,,,,,dtg,back,320,420,4,Vector,Default maximum for the category — confirm per product.,,,,,,,,,,,
decoration,MP-0090,,,,,,,,,,,,,,,,,,,,,,,,,,,,,,,,,,,,dtg,left_chest,100,100,4,Vector,Default maximum for the category — confirm per product.,,,,,,,,,,,
decoration,MP-0090,,,,,,,,,,,,,,,,,,,,,,,,,,,,,,,,,,,,dtg,sleeve,80,300,4,Vector,Default maximum for the category — confirm per product.,,,,,,,,,,,
product,MP-0091,cruiser-2-0,Cruiser 2.0,Sweatshirts,published,25,EUR,57.75,54.59,51.56,49.14,47.99,27.65,3,5,c173|c171|c002|c001|c727|c250|c054|c143|c142|c101|c005|c129|c116|c151|c244|c150|c004|c355|c063|c115|c088|c728|c149|c145|c053|c729|c156|c089|c702|c136|c357|c036|c144|c735|c223|c153|c356|c155|c048|c730|c112|c028|c358|c018|c146|c147|c731|c650|c715|c253|c651,XXS|XS|S|M|L|XL|XXL|3XL|4XL|5XL,embroidery|screen|dtf|dtg,front|back|left_chest|sleeve,yes,"Shell: Brushed, 100% Cotton - Organic Ring Spun Combed / Heather Haze : 80% Organic Cotton - 20% Recycled Cotton, Ring Spun Combed, Fabric washed","Shell: Brushed, 100% Cotton - Organic Ring Spun Combed / Heather Haze : 80% Organic Cotton - 20% Recycled Cotton, Ring Spun Combed, Fabric washed",350,,,,Stanley/Stella,STSU177,,,,,,,,,,,,,,,cost 27.65; worst-case decoration 5.86 at 100; market blank 27.42; ours 1.88x market,,,,,,,,,,,
variant,MP-0091,,,,published,,,,,,,,,,,,,,,,,,,,,,,,c173,MP0091-C173,0.00,,,,,,,,,,,,,,,,,,,,,,,
variant,MP-0091,,,,published,,,,,,,,,,,,,,,,,,,,,,,,c171,MP0091-C171,0.00,,,,,,,,,,,,,,,,,,,,,,,
variant,MP-0091,,,,published,,,,,,,,,,,,,,,,,,,,,,,,c002,MP0091-C002,0.00,,,,,,,,,,,,,,,,,,,,,,,
variant,MP-0091,,,,published,,,,,,,,,,,,,,,,,,,,,,,,c001,MP0091-C001,0.00,,,,,,,,,,,,,,,,,,,,,,,
variant,MP-0091,,,,published,,,,,,,,,,,,,,,,,,,,,,,,c727,MP0091-C727,0.00,,,,,,,,,,,,,,,,,,,,,,,
variant,MP-0091,,,,published,,,,,,,,,,,,,,,,,,,,,,,,c250,MP0091-C250,0.00,,,,,,,,,,,,,,,,,,,,,,,
variant,MP-0091,,,,published,,,,,,,,,,,,,,,,,,,,,,,,c054,MP0091-C054,0.00,,,,,,,,,,,,,,,,,,,,,,,
variant,MP-0091,,,,published,,,,,,,,,,,,,,,,,,,,,,,,c143,MP0091-C143,0.00,,,,,,,,,,,,,,,,,,,,,,,
variant,MP-0091,,,,published,,,,,,,,,,,,,,,,,,,,,,,,c142,MP0091-C142,0.00,,,,,,,,,,,,,,,,,,,,,,,
variant,MP-0091,,,,published,,,,,,,,,,,,,,,,,,,,,,,,c101,MP0091-C101,0.00,,,,,,,,,,,,,,,,,,,,,,,
variant,MP-0091,,,,published,,,,,,,,,,,,,,,,,,,,,,,,c005,MP0091-C005,0.00,,,,,,,,,,,,,,,,,,,,,,,
variant,MP-0091,,,,published,,,,,,,,,,,,,,,,,,,,,,,,c129,MP0091-C129,0.00,,,,,,,,,,,,,,,,,,,,,,,
variant,MP-0091,,,,published,,,,,,,,,,,,,,,,,,,,,,,,c116,MP0091-C116,0.00,,,,,,,,,,,,,,,,,,,,,,,
variant,MP-0091,,,,published,,,,,,,,,,,,,,,,,,,,,,,,c151,MP0091-C151,0.00,,,,,,,,,,,,,,,,,,,,,,,
variant,MP-0091,,,,published,,,,,,,,,,,,,,,,,,,,,,,,c244,MP0091-C244,0.00,,,,,,,,,,,,,,,,,,,,,,,
variant,MP-0091,,,,published,,,,,,,,,,,,,,,,,,,,,,,,c150,MP0091-C150,0.00,,,,,,,,,,,,,,,,,,,,,,,
variant,MP-0091,,,,published,,,,,,,,,,,,,,,,,,,,,,,,c004,MP0091-C004,0.00,,,,,,,,,,,,,,,,,,,,,,,
variant,MP-0091,,,,published,,,,,,,,,,,,,,,,,,,,,,,,c355,MP0091-C355,0.00,,,,,,,,,,,,,,,,,,,,,,,
variant,MP-0091,,,,published,,,,,,,,,,,,,,,,,,,,,,,,c063,MP0091-C063,0.00,,,,,,,,,,,,,,,,,,,,,,,
variant,MP-0091,,,,published,,,,,,,,,,,,,,,,,,,,,,,,c115,MP0091-C115,0.00,,,,,,,,,,,,,,,,,,,,,,,
variant,MP-0091,,,,published,,,,,,,,,,,,,,,,,,,,,,,,c088,MP0091-C088,0.00,,,,,,,,,,,,,,,,,,,,,,,
variant,MP-0091,,,,published,,,,,,,,,,,,,,,,,,,,,,,,c728,MP0091-C728,0.00,,,,,,,,,,,,,,,,,,,,,,,
variant,MP-0091,,,,published,,,,,,,,,,,,,,,,,,,,,,,,c149,MP0091-C149,0.00,,,,,,,,,,,,,,,,,,,,,,,
variant,MP-0091,,,,published,,,,,,,,,,,,,,,,,,,,,,,,c145,MP0091-C145,0.00,,,,,,,,,,,,,,,,,,,,,,,
variant,MP-0091,,,,published,,,,,,,,,,,,,,,,,,,,,,,,c053,MP0091-C053,0.00,,,,,,,,,,,,,,,,,,,,,,,
variant,MP-0091,,,,published,,,,,,,,,,,,,,,,,,,,,,,,c729,MP0091-C729,0.00,,,,,,,,,,,,,,,,,,,,,,,
variant,MP-0091,,,,published,,,,,,,,,,,,,,,,,,,,,,,,c156,MP0091-C156,0.00,,,,,,,,,,,,,,,,,,,,,,,
variant,MP-0091,,,,published,,,,,,,,,,,,,,,,,,,,,,,,c089,MP0091-C089,0.00,,,,,,,,,,,,,,,,,,,,,,,
variant,MP-0091,,,,published,,,,,,,,,,,,,,,,,,,,,,,,c702,MP0091-C702,0.00,,,,,,,,,,,,,,,,,,,,,,,
variant,MP-0091,,,,published,,,,,,,,,,,,,,,,,,,,,,,,c136,MP0091-C136,0.00,,,,,,,,,,,,,,,,,,,,,,,
variant,MP-0091,,,,published,,,,,,,,,,,,,,,,,,,,,,,,c357,MP0091-C357,0.00,,,,,,,,,,,,,,,,,,,,,,,
variant,MP-0091,,,,published,,,,,,,,,,,,,,,,,,,,,,,,c036,MP0091-C036,0.00,,,,,,,,,,,,,,,,,,,,,,,
variant,MP-0091,,,,published,,,,,,,,,,,,,,,,,,,,,,,,c144,MP0091-C144,0.00,,,,,,,,,,,,,,,,,,,,,,,
variant,MP-0091,,,,published,,,,,,,,,,,,,,,,,,,,,,,,c735,MP0091-C735,0.00,,,,,,,,,,,,,,,,,,,,,,,
variant,MP-0091,,,,published,,,,,,,,,,,,,,,,,,,,,,,,c223,MP0091-C223,0.00,,,,,,,,,,,,,,,,,,,,,,,
variant,MP-0091,,,,published,,,,,,,,,,,,,,,,,,,,,,,,c153,MP0091-C153,0.00,,,,,,,,,,,,,,,,,,,,,,,
variant,MP-0091,,,,published,,,,,,,,,,,,,,,,,,,,,,,,c356,MP0091-C356,0.00,,,,,,,,,,,,,,,,,,,,,,,
variant,MP-0091,,,,published,,,,,,,,,,,,,,,,,,,,,,,,c155,MP0091-C155,0.00,,,,,,,,,,,,,,,,,,,,,,,
variant,MP-0091,,,,published,,,,,,,,,,,,,,,,,,,,,,,,c048,MP0091-C048,0.00,,,,,,,,,,,,,,,,,,,,,,,
variant,MP-0091,,,,published,,,,,,,,,,,,,,,,,,,,,,,,c730,MP0091-C730,0.00,,,,,,,,,,,,,,,,,,,,,,,
variant,MP-0091,,,,published,,,,,,,,,,,,,,,,,,,,,,,,c112,MP0091-C112,0.00,,,,,,,,,,,,,,,,,,,,,,,
variant,MP-0091,,,,published,,,,,,,,,,,,,,,,,,,,,,,,c028,MP0091-C028,0.00,,,,,,,,,,,,,,,,,,,,,,,
variant,MP-0091,,,,published,,,,,,,,,,,,,,,,,,,,,,,,c358,MP0091-C358,0.00,,,,,,,,,,,,,,,,,,,,,,,
variant,MP-0091,,,,published,,,,,,,,,,,,,,,,,,,,,,,,c018,MP0091-C018,0.00,,,,,,,,,,,,,,,,,,,,,,,
variant,MP-0091,,,,published,,,,,,,,,,,,,,,,,,,,,,,,c146,MP0091-C146,0.00,,,,,,,,,,,,,,,,,,,,,,,
variant,MP-0091,,,,published,,,,,,,,,,,,,,,,,,,,,,,,c147,MP0091-C147,0.00,,,,,,,,,,,,,,,,,,,,,,,
variant,MP-0091,,,,published,,,,,,,,,,,,,,,,,,,,,,,,c731,MP0091-C731,0.00,,,,,,,,,,,,,,,,,,,,,,,
variant,MP-0091,,,,published,,,,,,,,,,,,,,,,,,,,,,,,c650,MP0091-C650,0.00,,,,,,,,,,,,,,,,,,,,,,,
variant,MP-0091,,,,published,,,,,,,,,,,,,,,,,,,,,,,,c715,MP0091-C715,0.00,,,,,,,,,,,,,,,,,,,,,,,
variant,MP-0091,,,,published,,,,,,,,,,,,,,,,,,,,,,,,c253,MP0091-C253,0.00,,,,,,,,,,,,,,,,,,,,,,,
variant,MP-0091,,,,published,,,,,,,,,,,,,,,,,,,,,,,,c651,MP0091-C651,0.00,,,,,,,,,,,,,,,,,,,,,,,
image,MP-0091,,,,,,,,,,,,,,,,,,,,,,,,,,,,,,,,,"https://res.cloudinary.com/www-stanleystella-com/image/upload/c_lpad,w_1600,f_auto,q_auto/v1/TechnicalNames/SBM0_STSU177_C173.jpg?_i=AB",Cruiser 2.0 in Pebble Blue,1,,,,,,,,,,,,,,,,,,
image,MP-0091,,,,,,,,,,,,,,,,,,,,,,,,,,,,c171,,,,,"https://res.cloudinary.com/www-stanleystella-com/image/upload/c_lpad,w_1600,f_auto,q_auto/v1/TechnicalNames/SBM0_STSU177_C171.jpg?_i=AB",Cruiser 2.0 in Mosstone,2,,,,,,,,,,,,,,,,,,
image,MP-0091,,,,,,,,,,,,,,,,,,,,,,,,,,,,c002,,,,,"https://res.cloudinary.com/www-stanleystella-com/image/upload/c_lpad,w_1600,f_auto,q_auto/v1/TechnicalNames/SFC5_STSU177_C002.jpg?_i=AB",Cruiser 2.0 in Black,3,,,,,,,,,,,,,,,,,,
image,MP-0091,,,,,,,,,,,,,,,,,,,,,,,,,,,,c001,,,,,"https://res.cloudinary.com/www-stanleystella-com/image/upload/c_lpad,w_1600,f_auto,q_auto/v1/TechnicalNames/SFC5_STSU177_C001.jpg?_i=AB",Cruiser 2.0 in White,4,,,,,,,,,,,,,,,,,,
image,MP-0091,,,,,,,,,,,,,,,,,,,,,,,,,,,,c727,,,,,"https://res.cloudinary.com/www-stanleystella-com/image/upload/c_lpad,w_1600,f_auto,q_auto/v1/TechnicalNames/SFC5_STSU177_C727.jpg?_i=AB",Cruiser 2.0 in French Navy,5,,,,,,,,,,,,,,,,,,
image,MP-0091,,,,,,,,,,,,,,,,,,,,,,,,,,,,c250,,,,,"https://res.cloudinary.com/www-stanleystella-com/image/upload/c_lpad,w_1600,f_auto,q_auto/v1/TechnicalNames/SFC5_STSU177_C250.jpg?_i=AB",Cruiser 2.0 in Heather Grey,6,,,,,,,,,,,,,,,,,,
image,MP-0091,,,,,,,,,,,,,,,,,,,,,,,,,,,,c054,,,,,"https://res.cloudinary.com/www-stanleystella-com/image/upload/c_lpad,w_1600,f_auto,q_auto/v1/TechnicalNames/SFC5_STSU177_C054.jpg?_i=AB",Cruiser 2.0 in Natural Raw,7,,,,,,,,,,,,,,,,,,
image,MP-0091,,,,,,,,,,,,,,,,,,,,,,,,,,,,c143,,,,,"https://res.cloudinary.com/www-stanleystella-com/image/upload/c_lpad,w_1600,f_auto,q_auto/v1/TechnicalNames/PFD0_STSU177_C143.jpg?_i=AB",Cruiser 2.0 in Fiesta,8,,,,,,,,,,,,,,,,,,
image,MP-0091,,,,,,,,,,,,,,,,,,,,,,,,,,,,c142,,,,,"https://res.cloudinary.com/www-stanleystella-com/image/upload/c_lpad,w_1600,f_auto,q_auto/v1/TechnicalNames/PFD0_STSU177_C142.jpg?_i=AB",Cruiser 2.0 in Nispero,9,,,,,,,,,,,,,,,,,,
image,MP-0091,,,,,,,,,,,,,,,,,,,,,,,,,,,,c101,,,,,"https://res.cloudinary.com/www-stanleystella-com/image/upload/c_lpad,w_1600,f_auto,q_auto/v1/TechnicalNames/PFD0_STSU177_C101.jpg?_i=AB",Cruiser 2.0 in Fraiche Peche,10,,,,,,,,,,,,,,,,,,
image,MP-0091,,,,,,,,,,,,,,,,,,,,,,,,,,,,c005,,,,,"https://res.cloudinary.com/www-stanleystella-com/image/upload/c_lpad,w_1600,f_auto,q_auto/v1/TechnicalNames/PFD0_STSU177_C005.jpg?_i=AB",Cruiser 2.0 in Cotton Pink,11,,,,,,,,,,,,,,,,,,
image,MP-0091,,,,,,,,,,,,,,,,,,,,,,,,,,,,c129,,,,,"https://res.cloudinary.com/www-stanleystella-com/image/upload/c_lpad,w_1600,f_auto,q_auto/v1/TechnicalNames/PFD0_STSU177_C129.jpg?_i=AB",Cruiser 2.0 in Bubble Pink,12,,,,,,,,,,,,,,,,,,
image,MP-0091,,,,,,,,,,,,,,,,,,,,,,,,,,,,c116,,,,,"https://res.cloudinary.com/www-stanleystella-com/image/upload/c_lpad,w_1600,f_auto,q_auto/v1/TechnicalNames/PFD0_STSU177_C116.jpg?_i=AB",Cruiser 2.0 in Red Brown,13,,,,,,,,,,,,,,,,,,
image,MP-0091,,,,,,,,,,,,,,,,,,,,,,,,,,,,c151,,,,,"https://res.cloudinary.com/www-stanleystella-com/image/upload/c_lpad,w_1600,f_auto,q_auto/v1/TechnicalNames/SBM0_STSU177_C151.jpg?_i=AB",Cruiser 2.0 in Deep Plum,14,,,,,,,,,,,,,,,,,,
image,MP-0091,,,,,,,,,,,,,,,,,,,,,,,,,,,,c244,,,,,"https://res.cloudinary.com/www-stanleystella-com/image/upload/c_lpad,w_1600,f_auto,q_auto/v1/TechnicalNames/SFC0_STSU177_C244.jpg?_i=AB",Cruiser 2.0 in Burgundy,15,,,,,,,,,,,,,,,,,,
image,MP-0091,,,,,,,,,,,,,,,,,,,,,,,,,,,,c150,,,,,"https://res.cloudinary.com/www-stanleystella-com/image/upload/c_lpad,w_1600,f_auto,q_auto/v1/TechnicalNames/SBM0_STSU177_C150.jpg?_i=AB",Cruiser 2.0 in Earthy Red,16,,,,,,,,,,,,,,,,,,
image,MP-0091,,,,,,,,,,,,,,,,,,,,,,,,,,,,c004,,,,,"https://res.cloudinary.com/www-stanleystella-com/image/upload/c_lpad,w_1600,f_auto,q_auto/v1/TechnicalNames/SFC6_STSU177_C004.jpg?_i=AB",Cruiser 2.0 in Red,17,,,,,,,,,,,,,,,,,,
image,MP-0091,,,,,,,,,,,,,,,,,,,,,,,,,,,,c355,,,,,"https://res.cloudinary.com/www-stanleystella-com/image/upload/c_lpad,w_1600,f_auto,q_auto/v1/TechnicalNames/PBM0_STSU177_C355.jpg?_i=AB",Cruiser 2.0 in Lilac Dream,18,,,,,,,,,,,,,,,,,,
image,MP-0091,,,,,,,,,,,,,,,,,,,,,,,,,,,,c063,,,,,"https://res.cloudinary.com/www-stanleystella-com/image/upload/c_lpad,w_1600,f_auto,q_auto/v1/TechnicalNames/PFD0_STSU177_C063.jpg?_i=AB",Cruiser 2.0 in Lavender,19,,,,,,,,,,,,,,,,,,
image,MP-0091,,,,,,,,,,,,,,,,,,,,,,,,,,,,c115,,,,,"https://res.cloudinary.com/www-stanleystella-com/image/upload/c_lpad,w_1600,f_auto,q_auto/v1/TechnicalNames/PFD0_STSU177_C115.jpg?_i=AB",Cruiser 2.0 in Purple Love,20,,,,,,,,,,,,,,,,,,
image,MP-0091,,,,,,,,,,,,,,,,,,,,,,,,,,,,c088,,,,,"https://res.cloudinary.com/www-stanleystella-com/image/upload/c_lpad,w_1600,f_auto,q_auto/v1/TechnicalNames/SFC5_STSU177_C088.jpg?_i=AB",Cruiser 2.0 in Worker Blue,21,,,,,,,,,,,,,,,,,,
image,MP-0091,,,,,,,,,,,,,,,,,,,,,,,,,,,,c728,,,,,"https://res.cloudinary.com/www-stanleystella-com/image/upload/c_lpad,w_1600,f_auto,q_auto/v1/TechnicalNames/SBM0_STSU177_C728.jpg?_i=AB",Cruiser 2.0 in Blue Ice,22,,,,,,,,,,,,,,,,,,
image,MP-0091,,,,,,,,,,,,,,,,,,,,,,,,,,,,c149,,,,,"https://res.cloudinary.com/www-stanleystella-com/image/upload/c_lpad,w_1600,f_auto,q_auto/v1/TechnicalNames/PFD0_STSU177_C149.jpg?_i=AB",Cruiser 2.0 in Blue soul,23,,,,,,,,,,,,,,,,,,
image,MP-0091,,,,,,,,,,,,,,,,,,,,,,,,,,,,c145,,,,,"https://res.cloudinary.com/www-stanleystella-com/image/upload/c_lpad,w_1600,f_auto,q_auto/v1/TechnicalNames/PFD0_STSU177_C145.jpg?_i=AB",Cruiser 2.0 in Aqua Blue,24,,,,,,,,,,,,,,,,,,
image,MP-0091,,,,,,,,,,,,,,,,,,,,,,,,,,,,c053,,,,,"https://res.cloudinary.com/www-stanleystella-com/image/upload/c_lpad,w_1600,f_auto,q_auto/v1/TechnicalNames/PFD0_STSU177_C053.jpg?_i=AB",Cruiser 2.0 in Bright Blue,25,,,,,,,,,,,,,,,,,,
image,MP-0091,,,,,,,,,,,,,,,,,,,,,,,,,,,,c729,,,,,"https://res.cloudinary.com/www-stanleystella-com/image/upload/c_lpad,w_1600,f_auto,q_auto/v1/TechnicalNames/SFC5_STSU177_C729.jpg?_i=AB",Cruiser 2.0 in Mindful Blue,26,,,,,,,,,,,,,,,,,,
image,MP-0091,,,,,,,,,,,,,,,,,,,,,,,,,,,,c156,,,,,"https://res.cloudinary.com/www-stanleystella-com/image/upload/c_lpad,w_1600,f_auto,q_auto/v1/TechnicalNames/SBM0_STSU177_C156.jpg?_i=AB",Cruiser 2.0 in Blue Grey,27,,,,,,,,,,,,,,,,,,
image,MP-0091,,,,,,,,,,,,,,,,,,,,,,,,,,,,c089,,,,,"https://res.cloudinary.com/www-stanleystella-com/image/upload/c_lpad,w_1600,f_auto,q_auto/v1/TechnicalNames/PFD0_STSU177_C089.jpg?_i=AB",Cruiser 2.0 in Aloe,28,,,,,,,,,,,,,,,,,,
image,MP-0091,,,,,,,,,,,,,,,,,,,,,,,,,,,,c702,,,,,"https://res.cloudinary.com/www-stanleystella-com/image/upload/c_lpad,w_1600,f_auto,q_auto/v1/TechnicalNames/SFC5_STSU177_C702.jpg?_i=AB",Cruiser 2.0 in Stargazer,29,,,,,,,,,,,,,,,,,,
image,MP-0091,,,,,,,,,,,,,,,,,,,,,,,,,,,,c136,,,,,"https://res.cloudinary.com/www-stanleystella-com/image/upload/c_lpad,w_1600,f_auto,q_auto/v1/TechnicalNames/PBM0_STSU177_C136.jpg?_i=AB",Cruiser 2.0 in Deep Teal,30,,,,,,,,,,,,,,,,,,
image,MP-0091,,,,,,,,,,,,,,,,,,,,,,,,,,,,c357,,,,,"https://res.cloudinary.com/www-stanleystella-com/image/upload/c_lpad,w_1600,f_auto,q_auto/v1/TechnicalNames/PBM0_STSU177_C357.jpg?_i=AB",Cruiser 2.0 in Pool Blue,31,,,,,,,,,,,,,,,,,,
image,MP-0091,,,,,,,,,,,,,,,,,,,,,,,,,,,,c036,,,,,"https://res.cloudinary.com/www-stanleystella-com/image/upload/c_lpad,w_1600,f_auto,q_auto/v1/TechnicalNames/SFC5_STSU177_C036.jpg?_i=AB",Cruiser 2.0 in Glazed Green,32,,,,,,,,,,,,,,,,,,
image,MP-0091,,,,,,,,,,,,,,,,,,,,,,,,,,,,c144,,,,,"https://res.cloudinary.com/www-stanleystella-com/image/upload/c_lpad,w_1600,f_auto,q_auto/v1/TechnicalNames/PFD0_STSU177_C144.jpg?_i=AB",Cruiser 2.0 in Green Bay,33,,,,,,,,,,,,,,,,,,
image,MP-0091,,,,,,,,,,,,,,,,,,,,,,,,,,,,c735,,,,,"https://res.cloudinary.com/www-stanleystella-com/image/upload/c_lpad,w_1600,f_auto,q_auto/v1/TechnicalNames/SBM0_STSU177_C735.jpg?_i=AB",Cruiser 2.0 in Misty Jade,34,,,,,,,,,,,,,,,,,,
image,MP-0091,,,,,,,,,,,,,,,,,,,,,,,,,,,,c223,,,,,"https://res.cloudinary.com/www-stanleystella-com/image/upload/c_lpad,w_1600,f_auto,q_auto/v1/TechnicalNames/SFC5_STSU177_C223.jpg?_i=AB",Cruiser 2.0 in Khaki,35,,,,,,,,,,,,,,,,,,
image,MP-0091,,,,,,,,,,,,,,,,,,,,,,,,,,,,c153,,,,,"https://res.cloudinary.com/www-stanleystella-com/image/upload/c_lpad,w_1600,f_auto,q_auto/v1/TechnicalNames/SFM0_STSU177_C153.jpg?_i=AB",Cruiser 2.0 in Faded Olive,36,,,,,,,,,,,,,,,,,,
image,MP-0091,,,,,,,,,,,,,,,,,,,,,,,,,,,,c356,,,,,"https://res.cloudinary.com/www-stanleystella-com/image/upload/c_lpad,w_1600,f_auto,q_auto/v1/TechnicalNames/DFM0_STSU177_C356.jpg?_i=AB",Cruiser 2.0 in Viva Yellow,37,,,,,,,,,,,,,,,,,,
image,MP-0091,,,,,,,,,,,,,,,,,,,,,,,,,,,,c155,,,,,"https://res.cloudinary.com/www-stanleystella-com/image/upload/c_lpad,w_1600,f_auto,q_auto/v1/TechnicalNames/SBM0_STSU177_C155.jpg?_i=AB",Cruiser 2.0 in Honey Paper,38,,,,,,,,,,,,,,,,,,
image,MP-0091,,,,,,,,,,,,,,,,,,,,,,,,,,,,c048,,,,,"https://res.cloudinary.com/www-stanleystella-com/image/upload/c_lpad,w_1600,f_auto,q_auto/v1/TechnicalNames/PFD0_STSU177_C048.jpg?_i=AB",Cruiser 2.0 in Ochre,39,,,,,,,,,,,,,,,,,,
image,MP-0091,,,,,,,,,,,,,,,,,,,,,,,,,,,,c730,,,,,"https://res.cloudinary.com/www-stanleystella-com/image/upload/c_lpad,w_1600,f_auto,q_auto/v1/TechnicalNames/SBM0_STSU177_C730.jpg?_i=AB",Cruiser 2.0 in Heritage Brown,40,,,,,,,,,,,,,,,,,,
image,MP-0091,,,,,,,,,,,,,,,,,,,,,,,,,,,,c112,,,,,"https://res.cloudinary.com/www-stanleystella-com/image/upload/c_lpad,w_1600,f_auto,q_auto/v1/TechnicalNames/PFD0_STSU177_C112.jpg?_i=AB",Cruiser 2.0 in Latte,41,,,,,,,,,,,,,,,,,,
image,MP-0091,,,,,,,,,,,,,,,,,,,,,,,,,,,,c028,,,,,"https://res.cloudinary.com/www-stanleystella-com/image/upload/c_lpad,w_1600,f_auto,q_auto/v1/TechnicalNames/PFD0_STSU177_C028.jpg?_i=AB",Cruiser 2.0 in Desert Dust,42,,,,,,,,,,,,,,,,,,
image,MP-0091,,,,,,,,,,,,,,,,,,,,,,,,,,,,c358,,,,,"https://res.cloudinary.com/www-stanleystella-com/image/upload/c_lpad,w_1600,f_auto,q_auto/v1/TechnicalNames/PBM0_STSU177_C358.jpg?_i=AB",Cruiser 2.0 in Stone,43,,,,,,,,,,,,,,,,,,
image,MP-0091,,,,,,,,,,,,,,,,,,,,,,,,,,,,c018,,,,,"https://res.cloudinary.com/www-stanleystella-com/image/upload/c_lpad,w_1600,f_auto,q_auto/v1/TechnicalNames/PFD0_STSU177_C018.jpg?_i=AB",Cruiser 2.0 in Off White,44,,,,,,,,,,,,,,,,,,
image,MP-0091,,,,,,,,,,,,,,,,,,,,,,,,,,,,c146,,,,,"https://res.cloudinary.com/www-stanleystella-com/image/upload/c_lpad,w_1600,f_auto,q_auto/v1/TechnicalNames/PFD0_STSU177_C146.jpg?_i=AB",Cruiser 2.0 in Cool Heather Grey,45,,,,,,,,,,,,,,,,,,
image,MP-0091,,,,,,,,,,,,,,,,,,,,,,,,,,,,c147,,,,,"https://res.cloudinary.com/www-stanleystella-com/image/upload/c_lpad,w_1600,f_auto,q_auto/v1/TechnicalNames/PFD0_STSU177_C147.jpg?_i=AB",Cruiser 2.0 in Eco-Heather,46,,,,,,,,,,,,,,,,,,
image,MP-0091,,,,,,,,,,,,,,,,,,,,,,,,,,,,c731,,,,,"https://res.cloudinary.com/www-stanleystella-com/image/upload/c_lpad,w_1600,f_auto,q_auto/v1/TechnicalNames/DFM0_STSU177_C731.jpg?_i=AB",Cruiser 2.0 in Heather Haze,47,,,,,,,,,,,,,,,,,,
image,MP-0091,,,,,,,,,,,,,,,,,,,,,,,,,,,,c650,,,,,"https://res.cloudinary.com/www-stanleystella-com/image/upload/c_lpad,w_1600,f_auto,q_auto/v1/TechnicalNames/PFD0_STSU177_C650.jpg?_i=AB",Cruiser 2.0 in Mid Heather Grey,48,,,,,,,,,,,,,,,,,,
image,MP-0091,,,,,,,,,,,,,,,,,,,,,,,,,,,,c715,,,,,"https://res.cloudinary.com/www-stanleystella-com/image/upload/c_lpad,w_1600,f_auto,q_auto/v1/TechnicalNames/PFD0_STSU177_C715.jpg?_i=AB",Cruiser 2.0 in India Ink Grey,49,,,,,,,,,,,,,,,,,,
image,MP-0091,,,,,,,,,,,,,,,,,,,,,,,,,,,,c253,,,,,"https://res.cloudinary.com/www-stanleystella-com/image/upload/c_lpad,w_1600,f_auto,q_auto/v1/TechnicalNames/SFC6_STSU177_C253.jpg?_i=AB",Cruiser 2.0 in Anthracite,50,,,,,,,,,,,,,,,,,,
image,MP-0091,,,,,,,,,,,,,,,,,,,,,,,,,,,,c651,,,,,"https://res.cloudinary.com/www-stanleystella-com/image/upload/c_lpad,w_1600,f_auto,q_auto/v1/TechnicalNames/PFD0_STSU177_C651.jpg?_i=AB",Cruiser 2.0 in Dark Heather Grey,51,,,,,,,,,,,,,,,,,,
decoration,MP-0091,,,,,,,,,,,,,,,,,,,,,,,,,,,,,,,,,,,,embroidery,front,160,160,6,Vector or DST,Default maximum for the category — confirm per product.,,,,,,,,,,,
decoration,MP-0091,,,,,,,,,,,,,,,,,,,,,,,,,,,,,,,,,,,,embroidery,back,200,200,6,Vector or DST,Default maximum for the category — confirm per product.,,,,,,,,,,,
decoration,MP-0091,,,,,,,,,,,,,,,,,,,,,,,,,,,,,,,,,,,,embroidery,left_chest,90,90,6,Vector or DST,Default maximum for the category — confirm per product.,,,,,,,,,,,
decoration,MP-0091,,,,,,,,,,,,,,,,,,,,,,,,,,,,,,,,,,,,embroidery,sleeve,70,70,6,Vector or DST,Default maximum for the category — confirm per product.,,,,,,,,,,,
decoration,MP-0091,,,,,,,,,,,,,,,,,,,,,,,,,,,,,,,,,,,,screen,front,300,400,4,Vector,Default maximum for the category — confirm per product.,,,,,,,,,,,
decoration,MP-0091,,,,,,,,,,,,,,,,,,,,,,,,,,,,,,,,,,,,screen,back,320,420,4,Vector,Default maximum for the category — confirm per product.,,,,,,,,,,,
decoration,MP-0091,,,,,,,,,,,,,,,,,,,,,,,,,,,,,,,,,,,,screen,left_chest,100,100,4,Vector,Default maximum for the category — confirm per product.,,,,,,,,,,,
decoration,MP-0091,,,,,,,,,,,,,,,,,,,,,,,,,,,,,,,,,,,,screen,sleeve,80,300,4,Vector,Default maximum for the category — confirm per product.,,,,,,,,,,,
decoration,MP-0091,,,,,,,,,,,,,,,,,,,,,,,,,,,,,,,,,,,,dtf,front,300,400,4,Vector,Default maximum for the category — confirm per product.,,,,,,,,,,,
decoration,MP-0091,,,,,,,,,,,,,,,,,,,,,,,,,,,,,,,,,,,,dtf,back,320,420,4,Vector,Default maximum for the category — confirm per product.,,,,,,,,,,,
decoration,MP-0091,,,,,,,,,,,,,,,,,,,,,,,,,,,,,,,,,,,,dtf,left_chest,100,100,4,Vector,Default maximum for the category — confirm per product.,,,,,,,,,,,
decoration,MP-0091,,,,,,,,,,,,,,,,,,,,,,,,,,,,,,,,,,,,dtf,sleeve,80,300,4,Vector,Default maximum for the category — confirm per product.,,,,,,,,,,,
decoration,MP-0091,,,,,,,,,,,,,,,,,,,,,,,,,,,,,,,,,,,,dtg,front,300,400,4,Vector,Default maximum for the category — confirm per product.,,,,,,,,,,,
decoration,MP-0091,,,,,,,,,,,,,,,,,,,,,,,,,,,,,,,,,,,,dtg,back,320,420,4,Vector,Default maximum for the category — confirm per product.,,,,,,,,,,,
decoration,MP-0091,,,,,,,,,,,,,,,,,,,,,,,,,,,,,,,,,,,,dtg,left_chest,100,100,4,Vector,Default maximum for the category — confirm per product.,,,,,,,,,,,
decoration,MP-0091,,,,,,,,,,,,,,,,,,,,,,,,,,,,,,,,,,,,dtg,sleeve,80,300,4,Vector,Default maximum for the category — confirm per product.,,,,,,,,,,,
product,MP-0092,cultivator,Cultivator,Sweatshirts,published,25,EUR,,,,,,,3,5,c054|c002|c702|c036|c727|c250|c651,XXS|XS|S|M|L|XL|XXL|3XL|4XL|5XL,embroidery|screen|dtf|dtg,front|back|left_chest|sleeve,yes,"Shell: Brushed, 85% Cotton - Organic Ring Spun Combed,15% Polyester - Recycled, Fabric washed, Light sueded","Shell: Brushed, 85% Cotton - Organic Ring Spun Combed,15% Polyester - Recycled, Fabric washed, Light sueded",350,,,,Stanley/Stella,STSM566,,,,,,,,,,,,,,,No supplier cost on file — quote on inquiry.,,,,,,,,,,,
variant,MP-0092,,,,published,,,,,,,,,,,,,,,,,,,,,,,,c054,MP0092-C054,0.00,,,,,,,,,,,,,,,,,,,,,,,
variant,MP-0092,,,,published,,,,,,,,,,,,,,,,,,,,,,,,c002,MP0092-C002,0.00,,,,,,,,,,,,,,,,,,,,,,,
variant,MP-0092,,,,published,,,,,,,,,,,,,,,,,,,,,,,,c702,MP0092-C702,0.00,,,,,,,,,,,,,,,,,,,,,,,
variant,MP-0092,,,,published,,,,,,,,,,,,,,,,,,,,,,,,c036,MP0092-C036,0.00,,,,,,,,,,,,,,,,,,,,,,,
variant,MP-0092,,,,published,,,,,,,,,,,,,,,,,,,,,,,,c727,MP0092-C727,0.00,,,,,,,,,,,,,,,,,,,,,,,
variant,MP-0092,,,,published,,,,,,,,,,,,,,,,,,,,,,,,c250,MP0092-C250,0.00,,,,,,,,,,,,,,,,,,,,,,,
variant,MP-0092,,,,published,,,,,,,,,,,,,,,,,,,,,,,,c651,MP0092-C651,0.00,,,,,,,,,,,,,,,,,,,,,,,
image,MP-0092,,,,,,,,,,,,,,,,,,,,,,,,,,,,,,,,,"https://res.cloudinary.com/www-stanleystella-com/image/upload/c_lpad,w_1600,f_auto,q_auto/v1/TechnicalNames/DFM0_STSM566_C054.jpg?_i=AB",Cultivator in Natural Raw,1,,,,,,,,,,,,,,,,,,
decoration,MP-0092,,,,,,,,,,,,,,,,,,,,,,,,,,,,,,,,,,,,embroidery,front,160,160,6,Vector or DST,Default maximum for the category — confirm per product.,,,,,,,,,,,
decoration,MP-0092,,,,,,,,,,,,,,,,,,,,,,,,,,,,,,,,,,,,embroidery,back,200,200,6,Vector or DST,Default maximum for the category — confirm per product.,,,,,,,,,,,
decoration,MP-0092,,,,,,,,,,,,,,,,,,,,,,,,,,,,,,,,,,,,embroidery,left_chest,90,90,6,Vector or DST,Default maximum for the category — confirm per product.,,,,,,,,,,,
decoration,MP-0092,,,,,,,,,,,,,,,,,,,,,,,,,,,,,,,,,,,,embroidery,sleeve,70,70,6,Vector or DST,Default maximum for the category — confirm per product.,,,,,,,,,,,
decoration,MP-0092,,,,,,,,,,,,,,,,,,,,,,,,,,,,,,,,,,,,screen,front,300,400,4,Vector,Default maximum for the category — confirm per product.,,,,,,,,,,,
decoration,MP-0092,,,,,,,,,,,,,,,,,,,,,,,,,,,,,,,,,,,,screen,back,320,420,4,Vector,Default maximum for the category — confirm per product.,,,,,,,,,,,
decoration,MP-0092,,,,,,,,,,,,,,,,,,,,,,,,,,,,,,,,,,,,screen,left_chest,100,100,4,Vector,Default maximum for the category — confirm per product.,,,,,,,,,,,
decoration,MP-0092,,,,,,,,,,,,,,,,,,,,,,,,,,,,,,,,,,,,screen,sleeve,80,300,4,Vector,Default maximum for the category — confirm per product.,,,,,,,,,,,
decoration,MP-0092,,,,,,,,,,,,,,,,,,,,,,,,,,,,,,,,,,,,dtf,front,300,400,4,Vector,Default maximum for the category — confirm per product.,,,,,,,,,,,
decoration,MP-0092,,,,,,,,,,,,,,,,,,,,,,,,,,,,,,,,,,,,dtf,back,320,420,4,Vector,Default maximum for the category — confirm per product.,,,,,,,,,,,
decoration,MP-0092,,,,,,,,,,,,,,,,,,,,,,,,,,,,,,,,,,,,dtf,left_chest,100,100,4,Vector,Default maximum for the category — confirm per product.,,,,,,,,,,,
decoration,MP-0092,,,,,,,,,,,,,,,,,,,,,,,,,,,,,,,,,,,,dtf,sleeve,80,300,4,Vector,Default maximum for the category — confirm per product.,,,,,,,,,,,
decoration,MP-0092,,,,,,,,,,,,,,,,,,,,,,,,,,,,,,,,,,,,dtg,front,300,400,4,Vector,Default maximum for the category — confirm per product.,,,,,,,,,,,
decoration,MP-0092,,,,,,,,,,,,,,,,,,,,,,,,,,,,,,,,,,,,dtg,back,320,420,4,Vector,Default maximum for the category — confirm per product.,,,,,,,,,,,
decoration,MP-0092,,,,,,,,,,,,,,,,,,,,,,,,,,,,,,,,,,,,dtg,left_chest,100,100,4,Vector,Default maximum for the category — confirm per product.,,,,,,,,,,,
decoration,MP-0092,,,,,,,,,,,,,,,,,,,,,,,,,,,,,,,,,,,,dtg,sleeve,80,300,4,Vector,Default maximum for the category — confirm per product.,,,,,,,,,,,
product,MP-0093,cultivator-2-0,Cultivator 2.0,Sweatshirts,published,25,EUR,64.59,61.43,58.40,55.99,54.84,32.10,3,5,c002|c001|c727|c250|c054|c142|c005|c244|c004|c115|c088|c149|c089|c702|c036|c144|c223|c112|c146|c253|c651,XXS|XS|S|M|L|XL|XXL|3XL|4XL|5XL,embroidery|screen|dtf|dtg,front|back|left_chest|sleeve,yes,"Shell: Brushed, 100% Cotton - Organic Ring Spun Combed, Fabric washed","Shell: Brushed, 100% Cotton - Organic Ring Spun Combed, Fabric washed",350,,,,Stanley/Stella,STSU179,,,,,,,,,,,,,,,cost 32.10; worst-case decoration 5.86 at 100; market blank 31.27; ours 1.87x market,,,,,,,,,,,
variant,MP-0093,,,,published,,,,,,,,,,,,,,,,,,,,,,,,c002,MP0093-C002,0.00,,,,,,,,,,,,,,,,,,,,,,,
variant,MP-0093,,,,published,,,,,,,,,,,,,,,,,,,,,,,,c001,MP0093-C001,0.00,,,,,,,,,,,,,,,,,,,,,,,
variant,MP-0093,,,,published,,,,,,,,,,,,,,,,,,,,,,,,c727,MP0093-C727,0.00,,,,,,,,,,,,,,,,,,,,,,,
variant,MP-0093,,,,published,,,,,,,,,,,,,,,,,,,,,,,,c250,MP0093-C250,0.00,,,,,,,,,,,,,,,,,,,,,,,
variant,MP-0093,,,,published,,,,,,,,,,,,,,,,,,,,,,,,c054,MP0093-C054,0.00,,,,,,,,,,,,,,,,,,,,,,,
variant,MP-0093,,,,published,,,,,,,,,,,,,,,,,,,,,,,,c142,MP0093-C142,0.00,,,,,,,,,,,,,,,,,,,,,,,
variant,MP-0093,,,,published,,,,,,,,,,,,,,,,,,,,,,,,c005,MP0093-C005,0.00,,,,,,,,,,,,,,,,,,,,,,,
variant,MP-0093,,,,published,,,,,,,,,,,,,,,,,,,,,,,,c244,MP0093-C244,0.00,,,,,,,,,,,,,,,,,,,,,,,
variant,MP-0093,,,,published,,,,,,,,,,,,,,,,,,,,,,,,c004,MP0093-C004,0.00,,,,,,,,,,,,,,,,,,,,,,,
variant,MP-0093,,,,published,,,,,,,,,,,,,,,,,,,,,,,,c115,MP0093-C115,0.00,,,,,,,,,,,,,,,,,,,,,,,
variant,MP-0093,,,,published,,,,,,,,,,,,,,,,,,,,,,,,c088,MP0093-C088,0.00,,,,,,,,,,,,,,,,,,,,,,,
variant,MP-0093,,,,published,,,,,,,,,,,,,,,,,,,,,,,,c149,MP0093-C149,0.00,,,,,,,,,,,,,,,,,,,,,,,
variant,MP-0093,,,,published,,,,,,,,,,,,,,,,,,,,,,,,c089,MP0093-C089,0.00,,,,,,,,,,,,,,,,,,,,,,,
variant,MP-0093,,,,published,,,,,,,,,,,,,,,,,,,,,,,,c702,MP0093-C702,0.00,,,,,,,,,,,,,,,,,,,,,,,
variant,MP-0093,,,,published,,,,,,,,,,,,,,,,,,,,,,,,c036,MP0093-C036,0.00,,,,,,,,,,,,,,,,,,,,,,,
variant,MP-0093,,,,published,,,,,,,,,,,,,,,,,,,,,,,,c144,MP0093-C144,0.00,,,,,,,,,,,,,,,,,,,,,,,
variant,MP-0093,,,,published,,,,,,,,,,,,,,,,,,,,,,,,c223,MP0093-C223,0.00,,,,,,,,,,,,,,,,,,,,,,,
variant,MP-0093,,,,published,,,,,,,,,,,,,,,,,,,,,,,,c112,MP0093-C112,0.00,,,,,,,,,,,,,,,,,,,,,,,
variant,MP-0093,,,,published,,,,,,,,,,,,,,,,,,,,,,,,c146,MP0093-C146,0.00,,,,,,,,,,,,,,,,,,,,,,,
variant,MP-0093,,,,published,,,,,,,,,,,,,,,,,,,,,,,,c253,MP0093-C253,0.00,,,,,,,,,,,,,,,,,,,,,,,
variant,MP-0093,,,,published,,,,,,,,,,,,,,,,,,,,,,,,c651,MP0093-C651,0.00,,,,,,,,,,,,,,,,,,,,,,,
image,MP-0093,,,,,,,,,,,,,,,,,,,,,,,,,,,,,,,,,"https://res.cloudinary.com/www-stanleystella-com/image/upload/c_lpad,w_1600,f_auto,q_auto/v1/TechnicalNames/SFC6_STSU179_C002.jpg?_i=AB",Cultivator 2.0 in Black,1,,,,,,,,,,,,,,,,,,
image,MP-0093,,,,,,,,,,,,,,,,,,,,,,,,,,,,c001,,,,,"https://res.cloudinary.com/www-stanleystella-com/image/upload/c_lpad,w_1600,f_auto,q_auto/v1/TechnicalNames/SFC6_STSU179_C001.jpg?_i=AB",Cultivator 2.0 in White,2,,,,,,,,,,,,,,,,,,
image,MP-0093,,,,,,,,,,,,,,,,,,,,,,,,,,,,c727,,,,,"https://res.cloudinary.com/www-stanleystella-com/image/upload/c_lpad,w_1600,f_auto,q_auto/v1/TechnicalNames/SFC5_STSU179_C727.jpg?_i=AB",Cultivator 2.0 in French Navy,3,,,,,,,,,,,,,,,,,,
image,MP-0093,,,,,,,,,,,,,,,,,,,,,,,,,,,,c250,,,,,"https://res.cloudinary.com/www-stanleystella-com/image/upload/c_lpad,w_1600,f_auto,q_auto/v1/TechnicalNames/SFC5_STSU179_C250.jpg?_i=AB",Cultivator 2.0 in Heather Grey,4,,,,,,,,,,,,,,,,,,
image,MP-0093,,,,,,,,,,,,,,,,,,,,,,,,,,,,c054,,,,,"https://res.cloudinary.com/www-stanleystella-com/image/upload/c_lpad,w_1600,f_auto,q_auto/v1/TechnicalNames/SFC6_STSU179_C054.jpg?_i=AB",Cultivator 2.0 in Natural Raw,5,,,,,,,,,,,,,,,,,,
image,MP-0093,,,,,,,,,,,,,,,,,,,,,,,,,,,,c142,,,,,"https://res.cloudinary.com/www-stanleystella-com/image/upload/c_lpad,w_1600,f_auto,q_auto/v1/TechnicalNames/PFD0_STSU179_C142.jpg?_i=AB",Cultivator 2.0 in Nispero,6,,,,,,,,,,,,,,,,,,
image,MP-0093,,,,,,,,,,,,,,,,,,,,,,,,,,,,c005,,,,,"https://res.cloudinary.com/www-stanleystella-com/image/upload/c_lpad,w_1600,f_auto,q_auto/v1/TechnicalNames/PFD0_STSU179_C005.jpg?_i=AB",Cultivator 2.0 in Cotton Pink,7,,,,,,,,,,,,,,,,,,
image,MP-0093,,,,,,,,,,,,,,,,,,,,,,,,,,,,c244,,,,,"https://res.cloudinary.com/www-stanleystella-com/image/upload/c_lpad,w_1600,f_auto,q_auto/v1/TechnicalNames/SFC5_STSU179_C244.jpg?_i=AB",Cultivator 2.0 in Burgundy,8,,,,,,,,,,,,,,,,,,
image,MP-0093,,,,,,,,,,,,,,,,,,,,,,,,,,,,c004,,,,,"https://res.cloudinary.com/www-stanleystella-com/image/upload/c_lpad,w_1600,f_auto,q_auto/v1/TechnicalNames/SFC0_STSU179_C004.jpg?_i=AB",Cultivator 2.0 in Red,9,,,,,,,,,,,,,,,,,,
image,MP-0093,,,,,,,,,,,,,,,,,,,,,,,,,,,,c115,,,,,"https://res.cloudinary.com/www-stanleystella-com/image/upload/c_lpad,w_1600,f_auto,q_auto/v1/TechnicalNames/SBM0_STSU179_C115.jpg?_i=AB",Cultivator 2.0 in Purple Love,10,,,,,,,,,,,,,,,,,,
image,MP-0093,,,,,,,,,,,,,,,,,,,,,,,,,,,,c088,,,,,"https://res.cloudinary.com/www-stanleystella-com/image/upload/c_lpad,w_1600,f_auto,q_auto/v1/TechnicalNames/SFC5_STSU179_C088.jpg?_i=AB",Cultivator 2.0 in Worker Blue,11,,,,,,,,,,,,,,,,,,
image,MP-0093,,,,,,,,,,,,,,,,,,,,,,,,,,,,c149,,,,,"https://res.cloudinary.com/www-stanleystella-com/image/upload/c_lpad,w_1600,f_auto,q_auto/v1/TechnicalNames/PFD0_STSU179_C149.jpg?_i=AB",Cultivator 2.0 in Blue soul,12,,,,,,,,,,,,,,,,,,
image,MP-0093,,,,,,,,,,,,,,,,,,,,,,,,,,,,c089,,,,,"https://res.cloudinary.com/www-stanleystella-com/image/upload/c_lpad,w_1600,f_auto,q_auto/v1/TechnicalNames/PFD0_STSU179_C089.jpg?_i=AB",Cultivator 2.0 in Aloe,13,,,,,,,,,,,,,,,,,,
image,MP-0093,,,,,,,,,,,,,,,,,,,,,,,,,,,,c702,,,,,"https://res.cloudinary.com/www-stanleystella-com/image/upload/c_lpad,w_1600,f_auto,q_auto/v1/TechnicalNames/SFC5_STSU179_C702.jpg?_i=AB",Cultivator 2.0 in Stargazer,14,,,,,,,,,,,,,,,,,,
image,MP-0093,,,,,,,,,,,,,,,,,,,,,,,,,,,,c036,,,,,"https://res.cloudinary.com/www-stanleystella-com/image/upload/c_lpad,w_1600,f_auto,q_auto/v1/TechnicalNames/SFC5_STSU179_C036.jpg?_i=AB",Cultivator 2.0 in Glazed Green,15,,,,,,,,,,,,,,,,,,
image,MP-0093,,,,,,,,,,,,,,,,,,,,,,,,,,,,c144,,,,,"https://res.cloudinary.com/www-stanleystella-com/image/upload/c_lpad,w_1600,f_auto,q_auto/v1/TechnicalNames/SFM5_STSU179_C144.jpg?_i=AB",Cultivator 2.0 in Green Bay,16,,,,,,,,,,,,,,,,,,
image,MP-0093,,,,,,,,,,,,,,,,,,,,,,,,,,,,c223,,,,,"https://res.cloudinary.com/www-stanleystella-com/image/upload/c_lpad,w_1600,f_auto,q_auto/v1/TechnicalNames/DFM0_STSU179_C223.jpg?_i=AB",Cultivator 2.0 in Khaki,17,,,,,,,,,,,,,,,,,,
image,MP-0093,,,,,,,,,,,,,,,,,,,,,,,,,,,,c112,,,,,"https://res.cloudinary.com/www-stanleystella-com/image/upload/c_lpad,w_1600,f_auto,q_auto/v1/TechnicalNames/PFD0_STSU179_C112.jpg?_i=AB",Cultivator 2.0 in Latte,18,,,,,,,,,,,,,,,,,,
image,MP-0093,,,,,,,,,,,,,,,,,,,,,,,,,,,,c146,,,,,"https://res.cloudinary.com/www-stanleystella-com/image/upload/c_lpad,w_1600,f_auto,q_auto/v1/TechnicalNames/PFD0_STSU179_C146.jpg?_i=AB",Cultivator 2.0 in Cool Heather Grey,19,,,,,,,,,,,,,,,,,,
image,MP-0093,,,,,,,,,,,,,,,,,,,,,,,,,,,,c253,,,,,"https://res.cloudinary.com/www-stanleystella-com/image/upload/c_lpad,w_1600,f_auto,q_auto/v1/TechnicalNames/SFC5_STSU179_C253.jpg?_i=AB",Cultivator 2.0 in Anthracite,20,,,,,,,,,,,,,,,,,,
image,MP-0093,,,,,,,,,,,,,,,,,,,,,,,,,,,,c651,,,,,"https://res.cloudinary.com/www-stanleystella-com/image/upload/c_lpad,w_1600,f_auto,q_auto/v1/TechnicalNames/PFD0_STSU179_C651.jpg?_i=AB",Cultivator 2.0 in Dark Heather Grey,21,,,,,,,,,,,,,,,,,,
decoration,MP-0093,,,,,,,,,,,,,,,,,,,,,,,,,,,,,,,,,,,,embroidery,front,160,160,6,Vector or DST,Default maximum for the category — confirm per product.,,,,,,,,,,,
decoration,MP-0093,,,,,,,,,,,,,,,,,,,,,,,,,,,,,,,,,,,,embroidery,back,200,200,6,Vector or DST,Default maximum for the category — confirm per product.,,,,,,,,,,,
decoration,MP-0093,,,,,,,,,,,,,,,,,,,,,,,,,,,,,,,,,,,,embroidery,left_chest,90,90,6,Vector or DST,Default maximum for the category — confirm per product.,,,,,,,,,,,
decoration,MP-0093,,,,,,,,,,,,,,,,,,,,,,,,,,,,,,,,,,,,embroidery,sleeve,70,70,6,Vector or DST,Default maximum for the category — confirm per product.,,,,,,,,,,,
decoration,MP-0093,,,,,,,,,,,,,,,,,,,,,,,,,,,,,,,,,,,,screen,front,300,400,4,Vector,Default maximum for the category — confirm per product.,,,,,,,,,,,
decoration,MP-0093,,,,,,,,,,,,,,,,,,,,,,,,,,,,,,,,,,,,screen,back,320,420,4,Vector,Default maximum for the category — confirm per product.,,,,,,,,,,,
decoration,MP-0093,,,,,,,,,,,,,,,,,,,,,,,,,,,,,,,,,,,,screen,left_chest,100,100,4,Vector,Default maximum for the category — confirm per product.,,,,,,,,,,,
decoration,MP-0093,,,,,,,,,,,,,,,,,,,,,,,,,,,,,,,,,,,,screen,sleeve,80,300,4,Vector,Default maximum for the category — confirm per product.,,,,,,,,,,,
decoration,MP-0093,,,,,,,,,,,,,,,,,,,,,,,,,,,,,,,,,,,,dtf,front,300,400,4,Vector,Default maximum for the category — confirm per product.,,,,,,,,,,,
decoration,MP-0093,,,,,,,,,,,,,,,,,,,,,,,,,,,,,,,,,,,,dtf,back,320,420,4,Vector,Default maximum for the category — confirm per product.,,,,,,,,,,,
decoration,MP-0093,,,,,,,,,,,,,,,,,,,,,,,,,,,,,,,,,,,,dtf,left_chest,100,100,4,Vector,Default maximum for the category — confirm per product.,,,,,,,,,,,
decoration,MP-0093,,,,,,,,,,,,,,,,,,,,,,,,,,,,,,,,,,,,dtf,sleeve,80,300,4,Vector,Default maximum for the category — confirm per product.,,,,,,,,,,,
decoration,MP-0093,,,,,,,,,,,,,,,,,,,,,,,,,,,,,,,,,,,,dtg,front,300,400,4,Vector,Default maximum for the category — confirm per product.,,,,,,,,,,,
decoration,MP-0093,,,,,,,,,,,,,,,,,,,,,,,,,,,,,,,,,,,,dtg,back,320,420,4,Vector,Default maximum for the category — confirm per product.,,,,,,,,,,,
decoration,MP-0093,,,,,,,,,,,,,,,,,,,,,,,,,,,,,,,,,,,,dtg,left_chest,100,100,4,Vector,Default maximum for the category — confirm per product.,,,,,,,,,,,
decoration,MP-0093,,,,,,,,,,,,,,,,,,,,,,,,,,,,,,,,,,,,dtg,sleeve,80,300,4,Vector,Default maximum for the category — confirm per product.,,,,,,,,,,,
product,MP-0094,drummer-2-0,Drummer 2.0,Sweatshirts,published,25,EUR,47.06,43.89,40.87,38.45,37.30,20.70,3,5,c002|c001|c727|c250|c054|c013|c005|c038|c151|c244|c004|c359|c230|c728|c156|c232|c724|c137|c224|c223|c204|c730|c135|c028|c504|c715|c253|c651,XXS|XS|S|M|L|XL|XXL|3XL|4XL|5XL,embroidery|screen|dtf|dtg,front|back|left_chest|sleeve,yes,"Shell: Brushed, 85% Cotton - Organic Ring Spun Combed,15% Polyester - Recycled, Fabric washed","Shell: Brushed, 85% Cotton - Organic Ring Spun Combed,15% Polyester - Recycled, Fabric washed",280,,,,Stanley/Stella,STSU168,,,,,,,,,,,,,,,cost 20.70; worst-case decoration 5.86 at 100; market blank 21.84; ours 1.87x market,,,,,,,,,,,
variant,MP-0094,,,,published,,,,,,,,,,,,,,,,,,,,,,,,c002,MP0094-C002,0.00,,,,,,,,,,,,,,,,,,,,,,,
variant,MP-0094,,,,published,,,,,,,,,,,,,,,,,,,,,,,,c001,MP0094-C001,0.00,,,,,,,,,,,,,,,,,,,,,,,
variant,MP-0094,,,,published,,,,,,,,,,,,,,,,,,,,,,,,c727,MP0094-C727,0.00,,,,,,,,,,,,,,,,,,,,,,,
variant,MP-0094,,,,published,,,,,,,,,,,,,,,,,,,,,,,,c250,MP0094-C250,0.00,,,,,,,,,,,,,,,,,,,,,,,
variant,MP-0094,,,,published,,,,,,,,,,,,,,,,,,,,,,,,c054,MP0094-C054,0.00,,,,,,,,,,,,,,,,,,,,,,,
variant,MP-0094,,,,published,,,,,,,,,,,,,,,,,,,,,,,,c013,MP0094-C013,0.00,,,,,,,,,,,,,,,,,,,,,,,
variant,MP-0094,,,,published,,,,,,,,,,,,,,,,,,,,,,,,c005,MP0094-C005,0.00,,,,,,,,,,,,,,,,,,,,,,,
variant,MP-0094,,,,published,,,,,,,,,,,,,,,,,,,,,,,,c038,MP0094-C038,0.00,,,,,,,,,,,,,,,,,,,,,,,
variant,MP-0094,,,,published,,,,,,,,,,,,,,,,,,,,,,,,c151,MP0094-C151,0.00,,,,,,,,,,,,,,,,,,,,,,,
variant,MP-0094,,,,published,,,,,,,,,,,,,,,,,,,,,,,,c244,MP0094-C244,0.00,,,,,,,,,,,,,,,,,,,,,,,
variant,MP-0094,,,,published,,,,,,,,,,,,,,,,,,,,,,,,c004,MP0094-C004,0.00,,,,,,,,,,,,,,,,,,,,,,,
variant,MP-0094,,,,published,,,,,,,,,,,,,,,,,,,,,,,,c359,MP0094-C359,0.00,,,,,,,,,,,,,,,,,,,,,,,
variant,MP-0094,,,,published,,,,,,,,,,,,,,,,,,,,,,,,c230,MP0094-C230,0.00,,,,,,,,,,,,,,,,,,,,,,,
variant,MP-0094,,,,published,,,,,,,,,,,,,,,,,,,,,,,,c728,MP0094-C728,0.00,,,,,,,,,,,,,,,,,,,,,,,
variant,MP-0094,,,,published,,,,,,,,,,,,,,,,,,,,,,,,c156,MP0094-C156,0.00,,,,,,,,,,,,,,,,,,,,,,,
variant,MP-0094,,,,published,,,,,,,,,,,,,,,,,,,,,,,,c232,MP0094-C232,0.00,,,,,,,,,,,,,,,,,,,,,,,
variant,MP-0094,,,,published,,,,,,,,,,,,,,,,,,,,,,,,c724,MP0094-C724,0.00,,,,,,,,,,,,,,,,,,,,,,,
variant,MP-0094,,,,published,,,,,,,,,,,,,,,,,,,,,,,,c137,MP0094-C137,0.00,,,,,,,,,,,,,,,,,,,,,,,
variant,MP-0094,,,,published,,,,,,,,,,,,,,,,,,,,,,,,c224,MP0094-C224,0.00,,,,,,,,,,,,,,,,,,,,,,,
variant,MP-0094,,,,published,,,,,,,,,,,,,,,,,,,,,,,,c223,MP0094-C223,0.00,,,,,,,,,,,,,,,,,,,,,,,
variant,MP-0094,,,,published,,,,,,,,,,,,,,,,,,,,,,,,c204,MP0094-C204,0.00,,,,,,,,,,,,,,,,,,,,,,,
variant,MP-0094,,,,published,,,,,,,,,,,,,,,,,,,,,,,,c730,MP0094-C730,0.00,,,,,,,,,,,,,,,,,,,,,,,
variant,MP-0094,,,,published,,,,,,,,,,,,,,,,,,,,,,,,c135,MP0094-C135,0.00,,,,,,,,,,,,,,,,,,,,,,,
variant,MP-0094,,,,published,,,,,,,,,,,,,,,,,,,,,,,,c028,MP0094-C028,0.00,,,,,,,,,,,,,,,,,,,,,,,
variant,MP-0094,,,,published,,,,,,,,,,,,,,,,,,,,,,,,c504,MP0094-C504,0.00,,,,,,,,,,,,,,,,,,,,,,,
variant,MP-0094,,,,published,,,,,,,,,,,,,,,,,,,,,,,,c715,MP0094-C715,0.00,,,,,,,,,,,,,,,,,,,,,,,
variant,MP-0094,,,,published,,,,,,,,,,,,,,,,,,,,,,,,c253,MP0094-C253,0.00,,,,,,,,,,,,,,,,,,,,,,,
variant,MP-0094,,,,published,,,,,,,,,,,,,,,,,,,,,,,,c651,MP0094-C651,0.00,,,,,,,,,,,,,,,,,,,,,,,
image,MP-0094,,,,,,,,,,,,,,,,,,,,,,,,,,,,,,,,,"https://res.cloudinary.com/www-stanleystella-com/image/upload/c_lpad,w_1600,f_auto,q_auto/v1/TechnicalNames/SFC5_STSU168_C002.jpg?_i=AB",Drummer 2.0 in Black,1,,,,,,,,,,,,,,,,,,
image,MP-0094,,,,,,,,,,,,,,,,,,,,,,,,,,,,c001,,,,,"https://res.cloudinary.com/www-stanleystella-com/image/upload/c_lpad,w_1600,f_auto,q_auto/v1/TechnicalNames/SFC0_STSU168_C001.jpg?_i=AB",Drummer 2.0 in White,2,,,,,,,,,,,,,,,,,,
image,MP-0094,,,,,,,,,,,,,,,,,,,,,,,,,,,,c727,,,,,"https://res.cloudinary.com/www-stanleystella-com/image/upload/c_lpad,w_1600,f_auto,q_auto/v1/TechnicalNames/SFC5_STSU168_C727.jpg?_i=AB",Drummer 2.0 in French Navy,3,,,,,,,,,,,,,,,,,,
image,MP-0094,,,,,,,,,,,,,,,,,,,,,,,,,,,,c250,,,,,"https://res.cloudinary.com/www-stanleystella-com/image/upload/c_lpad,w_1600,f_auto,q_auto/v1/TechnicalNames/SFC5_STSU168_C250.jpg?_i=AB",Drummer 2.0 in Heather Grey,4,,,,,,,,,,,,,,,,,,
image,MP-0094,,,,,,,,,,,,,,,,,,,,,,,,,,,,c054,,,,,"https://res.cloudinary.com/www-stanleystella-com/image/upload/c_lpad,w_1600,f_auto,q_auto/v1/TechnicalNames/SFC5_STSU168_C054.jpg?_i=AB",Drummer 2.0 in Natural Raw,5,,,,,,,,,,,,,,,,,,
image,MP-0094,,,,,,,,,,,,,,,,,,,,,,,,,,,,c013,,,,,"https://res.cloudinary.com/www-stanleystella-com/image/upload/c_lpad,w_1600,f_auto,q_auto/v1/TechnicalNames/PFD0_STSU168_C013.jpg?_i=AB",Drummer 2.0 in Bright Orange,6,,,,,,,,,,,,,,,,,,
image,MP-0094,,,,,,,,,,,,,,,,,,,,,,,,,,,,c005,,,,,"https://res.cloudinary.com/www-stanleystella-com/image/upload/c_lpad,w_1600,f_auto,q_auto/v1/TechnicalNames/PFD0_STSU168_C005.jpg?_i=AB",Drummer 2.0 in Cotton Pink,7,,,,,,,,,,,,,,,,,,
image,MP-0094,,,,,,,,,,,,,,,,,,,,,,,,,,,,c038,,,,,"https://res.cloudinary.com/www-stanleystella-com/image/upload/c_lpad,w_1600,f_auto,q_auto/v1/TechnicalNames/PFD0_STSU168_C038.jpg?_i=AB",Drummer 2.0 in Canyon Pink,8,,,,,,,,,,,,,,,,,,
image,MP-0094,,,,,,,,,,,,,,,,,,,,,,,,,,,,c151,,,,,"https://res.cloudinary.com/www-stanleystella-com/image/upload/c_lpad,w_1600,f_auto,q_auto/v1/TechnicalNames/SBM0_STSU168_C151.jpg?_i=AB",Drummer 2.0 in Deep Plum,9,,,,,,,,,,,,,,,,,,
image,MP-0094,,,,,,,,,,,,,,,,,,,,,,,,,,,,c244,,,,,"https://res.cloudinary.com/www-stanleystella-com/image/upload/c_lpad,w_1600,f_auto,q_auto/v1/TechnicalNames/SFC5_STSU168_C244.jpg?_i=AB",Drummer 2.0 in Burgundy,10,,,,,,,,,,,,,,,,,,
image,MP-0094,,,,,,,,,,,,,,,,,,,,,,,,,,,,c004,,,,,"https://res.cloudinary.com/www-stanleystella-com/image/upload/c_lpad,w_1600,f_auto,q_auto/v1/TechnicalNames/SFC5_STSU168_C004.jpg?_i=AB",Drummer 2.0 in Red,11,,,,,,,,,,,,,,,,,,
image,MP-0094,,,,,,,,,,,,,,,,,,,,,,,,,,,,c359,,,,,"https://res.cloudinary.com/www-stanleystella-com/image/upload/c_lpad,w_1600,f_auto,q_auto/v1/TechnicalNames/SBM0_STSU168_C359.jpg?_i=AB",Drummer 2.0 in Dusk,12,,,,,,,,,,,,,,,,,,
image,MP-0094,,,,,,,,,,,,,,,,,,,,,,,,,,,,c230,,,,,"https://res.cloudinary.com/www-stanleystella-com/image/upload/c_lpad,w_1600,f_auto,q_auto/v1/TechnicalNames/PFD0_STSU168_C230.jpg?_i=AB",Drummer 2.0 in Royal Blue,13,,,,,,,,,,,,,,,,,,
image,MP-0094,,,,,,,,,,,,,,,,,,,,,,,,,,,,c728,,,,,"https://res.cloudinary.com/www-stanleystella-com/image/upload/c_lpad,w_1600,f_auto,q_auto/v1/TechnicalNames/DFM0_STSU168_C728.jpg?_i=AB",Drummer 2.0 in Blue Ice,14,,,,,,,,,,,,,,,,,,
image,MP-0094,,,,,,,,,,,,,,,,,,,,,,,,,,,,c156,,,,,"https://res.cloudinary.com/www-stanleystella-com/image/upload/c_lpad,w_1600,f_auto,q_auto/v1/TechnicalNames/SFM0_STSU168_C156.jpg?_i=AB",Drummer 2.0 in Blue Grey,15,,,,,,,,,,,,,,,,,,
image,MP-0094,,,,,,,,,,,,,,,,,,,,,,,,,,,,c232,,,,,"https://res.cloudinary.com/www-stanleystella-com/image/upload/c_lpad,w_1600,f_auto,q_auto/v1/TechnicalNames/PFD0_STSU168_C232.jpg?_i=AB",Drummer 2.0 in Sky blue,16,,,,,,,,,,,,,,,,,,
image,MP-0094,,,,,,,,,,,,,,,,,,,,,,,,,,,,c724,,,,,"https://res.cloudinary.com/www-stanleystella-com/image/upload/c_lpad,w_1600,f_auto,q_auto/v1/TechnicalNames/PFD0_STSU168_C724.jpg?_i=AB",Drummer 2.0 in Caribbean Blue,17,,,,,,,,,,,,,,,,,,
image,MP-0094,,,,,,,,,,,,,,,,,,,,,,,,,,,,c137,,,,,"https://res.cloudinary.com/www-stanleystella-com/image/upload/c_lpad,w_1600,f_auto,q_auto/v1/TechnicalNames/PBM0_STSU168_C137.jpg?_i=AB",Drummer 2.0 in Verdant Green,18,,,,,,,,,,,,,,,,,,
image,MP-0094,,,,,,,,,,,,,,,,,,,,,,,,,,,,c224,,,,,"https://res.cloudinary.com/www-stanleystella-com/image/upload/c_lpad,w_1600,f_auto,q_auto/v1/TechnicalNames/PFD0_STSU168_C224.jpg?_i=AB",Drummer 2.0 in Bottle Green,19,,,,,,,,,,,,,,,,,,
image,MP-0094,,,,,,,,,,,,,,,,,,,,,,,,,,,,c223,,,,,"https://res.cloudinary.com/www-stanleystella-com/image/upload/c_lpad,w_1600,f_auto,q_auto/v1/TechnicalNames/SFC5_STSU168_C223.jpg?_i=AB",Drummer 2.0 in Khaki,20,,,,,,,,,,,,,,,,,,
image,MP-0094,,,,,,,,,,,,,,,,,,,,,,,,,,,,c204,,,,,"https://res.cloudinary.com/www-stanleystella-com/image/upload/c_lpad,w_1600,f_auto,q_auto/v1/TechnicalNames/PFD0_STSU168_C204.jpg?_i=AB",Drummer 2.0 in Spectra Yellow,21,,,,,,,,,,,,,,,,,,
image,MP-0094,,,,,,,,,,,,,,,,,,,,,,,,,,,,c730,,,,,"https://res.cloudinary.com/www-stanleystella-com/image/upload/c_lpad,w_1600,f_auto,q_auto/v1/TechnicalNames/DFM0_STSU168_C730.jpg?_i=AB",Drummer 2.0 in Heritage Brown,22,,,,,,,,,,,,,,,,,,
image,MP-0094,,,,,,,,,,,,,,,,,,,,,,,,,,,,c135,,,,,"https://res.cloudinary.com/www-stanleystella-com/image/upload/c_lpad,w_1600,f_auto,q_auto/v1/TechnicalNames/PBM0_STSU168_C135.jpg?_i=AB",Drummer 2.0 in Mocha,23,,,,,,,,,,,,,,,,,,
image,MP-0094,,,,,,,,,,,,,,,,,,,,,,,,,,,,c028,,,,,"https://res.cloudinary.com/www-stanleystella-com/image/upload/c_lpad,w_1600,f_auto,q_auto/v1/TechnicalNames/SBM0_STSU168_C028.jpg?_i=AB",Drummer 2.0 in Desert Dust,24,,,,,,,,,,,,,,,,,,
image,MP-0094,,,,,,,,,,,,,,,,,,,,,,,,,,,,c504,,,,,"https://res.cloudinary.com/www-stanleystella-com/image/upload/c_lpad,w_1600,f_auto,q_auto/v1/TechnicalNames/PFD0_STSU168_C504.jpg?_i=AB",Drummer 2.0 in Vintage White,25,,,,,,,,,,,,,,,,,,
image,MP-0094,,,,,,,,,,,,,,,,,,,,,,,,,,,,c715,,,,,"https://res.cloudinary.com/www-stanleystella-com/image/upload/c_lpad,w_1600,f_auto,q_auto/v1/TechnicalNames/PFD0_STSU168_C715.jpg?_i=AB",Drummer 2.0 in India Ink Grey,26,,,,,,,,,,,,,,,,,,
image,MP-0094,,,,,,,,,,,,,,,,,,,,,,,,,,,,c253,,,,,"https://res.cloudinary.com/www-stanleystella-com/image/upload/c_lpad,w_1600,f_auto,q_auto/v1/TechnicalNames/SFC6_STSU168_C253.jpg?_i=AB",Drummer 2.0 in Anthracite,27,,,,,,,,,,,,,,,,,,
image,MP-0094,,,,,,,,,,,,,,,,,,,,,,,,,,,,c651,,,,,"https://res.cloudinary.com/www-stanleystella-com/image/upload/c_lpad,w_1600,f_auto,q_auto/v1/TechnicalNames/PFD0_STSU168_C651.jpg?_i=AB",Drummer 2.0 in Dark Heather Grey,28,,,,,,,,,,,,,,,,,,
decoration,MP-0094,,,,,,,,,,,,,,,,,,,,,,,,,,,,,,,,,,,,embroidery,front,160,160,6,Vector or DST,Default maximum for the category — confirm per product.,,,,,,,,,,,
decoration,MP-0094,,,,,,,,,,,,,,,,,,,,,,,,,,,,,,,,,,,,embroidery,back,200,200,6,Vector or DST,Default maximum for the category — confirm per product.,,,,,,,,,,,
decoration,MP-0094,,,,,,,,,,,,,,,,,,,,,,,,,,,,,,,,,,,,embroidery,left_chest,90,90,6,Vector or DST,Default maximum for the category — confirm per product.,,,,,,,,,,,
decoration,MP-0094,,,,,,,,,,,,,,,,,,,,,,,,,,,,,,,,,,,,embroidery,sleeve,70,70,6,Vector or DST,Default maximum for the category — confirm per product.,,,,,,,,,,,
decoration,MP-0094,,,,,,,,,,,,,,,,,,,,,,,,,,,,,,,,,,,,screen,front,300,400,4,Vector,Default maximum for the category — confirm per product.,,,,,,,,,,,
decoration,MP-0094,,,,,,,,,,,,,,,,,,,,,,,,,,,,,,,,,,,,screen,back,320,420,4,Vector,Default maximum for the category — confirm per product.,,,,,,,,,,,
decoration,MP-0094,,,,,,,,,,,,,,,,,,,,,,,,,,,,,,,,,,,,screen,left_chest,100,100,4,Vector,Default maximum for the category — confirm per product.,,,,,,,,,,,
decoration,MP-0094,,,,,,,,,,,,,,,,,,,,,,,,,,,,,,,,,,,,screen,sleeve,80,300,4,Vector,Default maximum for the category — confirm per product.,,,,,,,,,,,
decoration,MP-0094,,,,,,,,,,,,,,,,,,,,,,,,,,,,,,,,,,,,dtf,front,300,400,4,Vector,Default maximum for the category — confirm per product.,,,,,,,,,,,
decoration,MP-0094,,,,,,,,,,,,,,,,,,,,,,,,,,,,,,,,,,,,dtf,back,320,420,4,Vector,Default maximum for the category — confirm per product.,,,,,,,,,,,
decoration,MP-0094,,,,,,,,,,,,,,,,,,,,,,,,,,,,,,,,,,,,dtf,left_chest,100,100,4,Vector,Default maximum for the category — confirm per product.,,,,,,,,,,,
decoration,MP-0094,,,,,,,,,,,,,,,,,,,,,,,,,,,,,,,,,,,,dtf,sleeve,80,300,4,Vector,Default maximum for the category — confirm per product.,,,,,,,,,,,
decoration,MP-0094,,,,,,,,,,,,,,,,,,,,,,,,,,,,,,,,,,,,dtg,front,300,400,4,Vector,Default maximum for the category — confirm per product.,,,,,,,,,,,
decoration,MP-0094,,,,,,,,,,,,,,,,,,,,,,,,,,,,,,,,,,,,dtg,back,320,420,4,Vector,Default maximum for the category — confirm per product.,,,,,,,,,,,
decoration,MP-0094,,,,,,,,,,,,,,,,,,,,,,,,,,,,,,,,,,,,dtg,left_chest,100,100,4,Vector,Default maximum for the category — confirm per product.,,,,,,,,,,,
decoration,MP-0094,,,,,,,,,,,,,,,,,,,,,,,,,,,,,,,,,,,,dtg,sleeve,80,300,4,Vector,Default maximum for the category — confirm per product.,,,,,,,,,,,
product,MP-0095,former,Former,Sweatshirts,published,25,EUR,,,,,,,3,5,c173|c002,XXS|XS|S|M|L|XL|XXL|3XL,embroidery|screen|dtf|dtg,front|back|left_chest|sleeve,yes,"Shell: Brushed, 85% Cotton - Organic Ring Spun Combed,15% Polyester - Recycled, Fabric washed","Shell: Brushed, 85% Cotton - Organic Ring Spun Combed,15% Polyester - Recycled, Fabric washed",500,,,,Stanley/Stella,STSU279,,,,,,,,,,,,,,,No supplier cost on file — quote on inquiry.,,,,,,,,,,,
variant,MP-0095,,,,published,,,,,,,,,,,,,,,,,,,,,,,,c173,MP0095-C173,0.00,,,,,,,,,,,,,,,,,,,,,,,
variant,MP-0095,,,,published,,,,,,,,,,,,,,,,,,,,,,,,c002,MP0095-C002,0.00,,,,,,,,,,,,,,,,,,,,,,,
image,MP-0095,,,,,,,,,,,,,,,,,,,,,,,,,,,,,,,,,"https://res.cloudinary.com/www-stanleystella-com/image/upload/c_lpad,w_1600,f_auto,q_auto/v1/TechnicalNames/PBM0_STSU279_C173.jpg?_i=AB",Former in Pebble Blue,1,,,,,,,,,,,,,,,,,,
image,MP-0095,,,,,,,,,,,,,,,,,,,,,,,,,,,,c002,,,,,"https://res.cloudinary.com/www-stanleystella-com/image/upload/c_lpad,w_1600,f_auto,q_auto/v1/TechnicalNames/DFM0_STSU279_C002.jpg?_i=AB",Former in Black,2,,,,,,,,,,,,,,,,,,
decoration,MP-0095,,,,,,,,,,,,,,,,,,,,,,,,,,,,,,,,,,,,embroidery,front,160,160,6,Vector or DST,Default maximum for the category — confirm per product.,,,,,,,,,,,
decoration,MP-0095,,,,,,,,,,,,,,,,,,,,,,,,,,,,,,,,,,,,embroidery,back,200,200,6,Vector or DST,Default maximum for the category — confirm per product.,,,,,,,,,,,
decoration,MP-0095,,,,,,,,,,,,,,,,,,,,,,,,,,,,,,,,,,,,embroidery,left_chest,90,90,6,Vector or DST,Default maximum for the category — confirm per product.,,,,,,,,,,,
decoration,MP-0095,,,,,,,,,,,,,,,,,,,,,,,,,,,,,,,,,,,,embroidery,sleeve,70,70,6,Vector or DST,Default maximum for the category — confirm per product.,,,,,,,,,,,
decoration,MP-0095,,,,,,,,,,,,,,,,,,,,,,,,,,,,,,,,,,,,screen,front,300,400,4,Vector,Default maximum for the category — confirm per product.,,,,,,,,,,,
decoration,MP-0095,,,,,,,,,,,,,,,,,,,,,,,,,,,,,,,,,,,,screen,back,320,420,4,Vector,Default maximum for the category — confirm per product.,,,,,,,,,,,
decoration,MP-0095,,,,,,,,,,,,,,,,,,,,,,,,,,,,,,,,,,,,screen,left_chest,100,100,4,Vector,Default maximum for the category — confirm per product.,,,,,,,,,,,
decoration,MP-0095,,,,,,,,,,,,,,,,,,,,,,,,,,,,,,,,,,,,screen,sleeve,80,300,4,Vector,Default maximum for the category — confirm per product.,,,,,,,,,,,
decoration,MP-0095,,,,,,,,,,,,,,,,,,,,,,,,,,,,,,,,,,,,dtf,front,300,400,4,Vector,Default maximum for the category — confirm per product.,,,,,,,,,,,
decoration,MP-0095,,,,,,,,,,,,,,,,,,,,,,,,,,,,,,,,,,,,dtf,back,320,420,4,Vector,Default maximum for the category — confirm per product.,,,,,,,,,,,
decoration,MP-0095,,,,,,,,,,,,,,,,,,,,,,,,,,,,,,,,,,,,dtf,left_chest,100,100,4,Vector,Default maximum for the category — confirm per product.,,,,,,,,,,,
decoration,MP-0095,,,,,,,,,,,,,,,,,,,,,,,,,,,,,,,,,,,,dtf,sleeve,80,300,4,Vector,Default maximum for the category — confirm per product.,,,,,,,,,,,
decoration,MP-0095,,,,,,,,,,,,,,,,,,,,,,,,,,,,,,,,,,,,dtg,front,300,400,4,Vector,Default maximum for the category — confirm per product.,,,,,,,,,,,
decoration,MP-0095,,,,,,,,,,,,,,,,,,,,,,,,,,,,,,,,,,,,dtg,back,320,420,4,Vector,Default maximum for the category — confirm per product.,,,,,,,,,,,
decoration,MP-0095,,,,,,,,,,,,,,,,,,,,,,,,,,,,,,,,,,,,dtg,left_chest,100,100,4,Vector,Default maximum for the category — confirm per product.,,,,,,,,,,,
decoration,MP-0095,,,,,,,,,,,,,,,,,,,,,,,,,,,,,,,,,,,,dtg,sleeve,80,300,4,Vector,Default maximum for the category — confirm per product.,,,,,,,,,,,
product,MP-0096,fronter,Fronter,Sweatshirts,published,25,EUR,,,,,,,3,5,c002|c727|c138,XS|S|M|L|XL|XXL|3XL,embroidery|screen|dtf|dtg,front|back|left_chest|sleeve,yes,"Shell: Brushed, 50% Cotton - Recycled Ring Spun Carded,50% Cotton - Organic Ring Spun Carded, Fabric washed","Shell: Brushed, 50% Cotton - Recycled Ring Spun Carded,50% Cotton - Organic Ring Spun Carded, Fabric washed",400,,,,Stanley/Stella,STSU275,,,,,,,,,,,,,,,No supplier cost on file — quote on inquiry.,,,,,,,,,,,
variant,MP-0096,,,,published,,,,,,,,,,,,,,,,,,,,,,,,c002,MP0096-C002,0.00,,,,,,,,,,,,,,,,,,,,,,,
variant,MP-0096,,,,published,,,,,,,,,,,,,,,,,,,,,,,,c727,MP0096-C727,0.00,,,,,,,,,,,,,,,,,,,,,,,
variant,MP-0096,,,,published,,,,,,,,,,,,,,,,,,,,,,,,c138,MP0096-C138,0.00,,,,,,,,,,,,,,,,,,,,,,,
image,MP-0096,,,,,,,,,,,,,,,,,,,,,,,,,,,,,,,,,"https://res.cloudinary.com/www-stanleystella-com/image/upload/c_lpad,w_1600,f_auto,q_auto/v1/TechnicalNames/SBM0_STSU275_C002.jpg?_i=AB",Fronter in Black,1,,,,,,,,,,,,,,,,,,
image,MP-0096,,,,,,,,,,,,,,,,,,,,,,,,,,,,c727,,,,,"https://res.cloudinary.com/www-stanleystella-com/image/upload/c_lpad,w_1600,f_auto,q_auto/v1/TechnicalNames/SBM0_STSU275_C727.jpg?_i=AB",Fronter in French Navy,2,,,,,,,,,,,,,,,,,,
image,MP-0096,,,,,,,,,,,,,,,,,,,,,,,,,,,,c138,,,,,"https://res.cloudinary.com/www-stanleystella-com/image/upload/c_lpad,w_1600,f_auto,q_auto/v1/TechnicalNames/DFM1_STSU275_C138.jpg?_i=AB",Fronter in Misty Grey,3,,,,,,,,,,,,,,,,,,
decoration,MP-0096,,,,,,,,,,,,,,,,,,,,,,,,,,,,,,,,,,,,embroidery,front,160,160,6,Vector or DST,Default maximum for the category — confirm per product.,,,,,,,,,,,
decoration,MP-0096,,,,,,,,,,,,,,,,,,,,,,,,,,,,,,,,,,,,embroidery,back,200,200,6,Vector or DST,Default maximum for the category — confirm per product.,,,,,,,,,,,
decoration,MP-0096,,,,,,,,,,,,,,,,,,,,,,,,,,,,,,,,,,,,embroidery,left_chest,90,90,6,Vector or DST,Default maximum for the category — confirm per product.,,,,,,,,,,,
decoration,MP-0096,,,,,,,,,,,,,,,,,,,,,,,,,,,,,,,,,,,,embroidery,sleeve,70,70,6,Vector or DST,Default maximum for the category — confirm per product.,,,,,,,,,,,
decoration,MP-0096,,,,,,,,,,,,,,,,,,,,,,,,,,,,,,,,,,,,screen,front,300,400,4,Vector,Default maximum for the category — confirm per product.,,,,,,,,,,,
decoration,MP-0096,,,,,,,,,,,,,,,,,,,,,,,,,,,,,,,,,,,,screen,back,320,420,4,Vector,Default maximum for the category — confirm per product.,,,,,,,,,,,
decoration,MP-0096,,,,,,,,,,,,,,,,,,,,,,,,,,,,,,,,,,,,screen,left_chest,100,100,4,Vector,Default maximum for the category — confirm per product.,,,,,,,,,,,
decoration,MP-0096,,,,,,,,,,,,,,,,,,,,,,,,,,,,,,,,,,,,screen,sleeve,80,300,4,Vector,Default maximum for the category — confirm per product.,,,,,,,,,,,
decoration,MP-0096,,,,,,,,,,,,,,,,,,,,,,,,,,,,,,,,,,,,dtf,front,300,400,4,Vector,Default maximum for the category — confirm per product.,,,,,,,,,,,
decoration,MP-0096,,,,,,,,,,,,,,,,,,,,,,,,,,,,,,,,,,,,dtf,back,320,420,4,Vector,Default maximum for the category — confirm per product.,,,,,,,,,,,
decoration,MP-0096,,,,,,,,,,,,,,,,,,,,,,,,,,,,,,,,,,,,dtf,left_chest,100,100,4,Vector,Default maximum for the category — confirm per product.,,,,,,,,,,,
decoration,MP-0096,,,,,,,,,,,,,,,,,,,,,,,,,,,,,,,,,,,,dtf,sleeve,80,300,4,Vector,Default maximum for the category — confirm per product.,,,,,,,,,,,
decoration,MP-0096,,,,,,,,,,,,,,,,,,,,,,,,,,,,,,,,,,,,dtg,front,300,400,4,Vector,Default maximum for the category — confirm per product.,,,,,,,,,,,
decoration,MP-0096,,,,,,,,,,,,,,,,,,,,,,,,,,,,,,,,,,,,dtg,back,320,420,4,Vector,Default maximum for the category — confirm per product.,,,,,,,,,,,
decoration,MP-0096,,,,,,,,,,,,,,,,,,,,,,,,,,,,,,,,,,,,dtg,left_chest,100,100,4,Vector,Default maximum for the category — confirm per product.,,,,,,,,,,,
decoration,MP-0096,,,,,,,,,,,,,,,,,,,,,,,,,,,,,,,,,,,,dtg,sleeve,80,300,4,Vector,Default maximum for the category — confirm per product.,,,,,,,,,,,
product,MP-0097,hygger-sherpa,Hygger Sherpa,Sweatshirts,published,25,EUR,86.59,83.43,80.40,77.99,76.84,46.40,3,5,c002|c727|c250|c244|c592|c651,XXS|XS|S|M|L|XL|XXL|3XL,embroidery|screen|dtf|dtg,front|back|left_chest|sleeve,yes,"Shell: French Terry, 85% Cotton - Organic Ring Spun Combed,15% Polyester - Recycled, Fabric washed, Light sueded | Lining: Sherpa, 100% Polyester - Recycled","Shell: French Terry, 85% Cotton - Organic Ring Spun Combed,15% Polyester - Recycled, Fabric washed, Light sueded | Lining: Sherpa, 100% Polyester - Recycled",300,,,,Stanley/Stella,STSU956,,,,,,,,,,,,,,,cost 46.40; worst-case decoration 5.86 at 100; market blank 53.92; ours 1.49x market,,,,,,,,,,,
variant,MP-0097,,,,published,,,,,,,,,,,,,,,,,,,,,,,,c002,MP0097-C002,0.00,,,,,,,,,,,,,,,,,,,,,,,
variant,MP-0097,,,,published,,,,,,,,,,,,,,,,,,,,,,,,c727,MP0097-C727,0.00,,,,,,,,,,,,,,,,,,,,,,,
variant,MP-0097,,,,published,,,,,,,,,,,,,,,,,,,,,,,,c250,MP0097-C250,0.00,,,,,,,,,,,,,,,,,,,,,,,
variant,MP-0097,,,,published,,,,,,,,,,,,,,,,,,,,,,,,c244,MP0097-C244,0.00,,,,,,,,,,,,,,,,,,,,,,,
variant,MP-0097,,,,published,,,,,,,,,,,,,,,,,,,,,,,,c592,MP0097-C592,0.00,,,,,,,,,,,,,,,,,,,,,,,
variant,MP-0097,,,,published,,,,,,,,,,,,,,,,,,,,,,,,c651,MP0097-C651,0.00,,,,,,,,,,,,,,,,,,,,,,,
image,MP-0097,,,,,,,,,,,,,,,,,,,,,,,,,,,,,,,,,"https://res.cloudinary.com/www-stanleystella-com/image/upload/c_lpad,w_1600,f_auto,q_auto/v1/TechnicalNames/PBM0_STSU956_C002.jpg?_i=AB",Hygger Sherpa in Black,1,,,,,,,,,,,,,,,,,,
image,MP-0097,,,,,,,,,,,,,,,,,,,,,,,,,,,,c727,,,,,"https://res.cloudinary.com/www-stanleystella-com/image/upload/c_lpad,w_1600,f_auto,q_auto/v1/TechnicalNames/PBM0_STSU956_C727.jpg?_i=AB",Hygger Sherpa in French Navy,2,,,,,,,,,,,,,,,,,,
image,MP-0097,,,,,,,,,,,,,,,,,,,,,,,,,,,,c250,,,,,"https://res.cloudinary.com/www-stanleystella-com/image/upload/c_lpad,w_1600,f_auto,q_auto/v1/TechnicalNames/PBM0_STSU956_C250.jpg?_i=AB",Hygger Sherpa in Heather Grey,3,,,,,,,,,,,,,,,,,,
image,MP-0097,,,,,,,,,,,,,,,,,,,,,,,,,,,,c244,,,,,"https://res.cloudinary.com/www-stanleystella-com/image/upload/c_lpad,w_1600,f_auto,q_auto/v1/TechnicalNames/PBM0_STSU956_C244.jpg?_i=AB",Hygger Sherpa in Burgundy,4,,,,,,,,,,,,,,,,,,
image,MP-0097,,,,,,,,,,,,,,,,,,,,,,,,,,,,c592,,,,,"https://res.cloudinary.com/www-stanleystella-com/image/upload/c_lpad,w_1600,f_auto,q_auto/v1/TechnicalNames/DFM0_STSU956_C592.jpg?_i=AB",Hygger Sherpa in Heather Sand,5,,,,,,,,,,,,,,,,,,
image,MP-0097,,,,,,,,,,,,,,,,,,,,,,,,,,,,c651,,,,,"https://res.cloudinary.com/www-stanleystella-com/image/upload/c_lpad,w_1600,f_auto,q_auto/v1/TechnicalNames/DFM0_STSU956_C651.jpg?_i=AB",Hygger Sherpa in Dark Heather Grey,6,,,,,,,,,,,,,,,,,,
decoration,MP-0097,,,,,,,,,,,,,,,,,,,,,,,,,,,,,,,,,,,,embroidery,front,160,160,6,Vector or DST,Default maximum for the category — confirm per product.,,,,,,,,,,,
decoration,MP-0097,,,,,,,,,,,,,,,,,,,,,,,,,,,,,,,,,,,,embroidery,back,200,200,6,Vector or DST,Default maximum for the category — confirm per product.,,,,,,,,,,,
decoration,MP-0097,,,,,,,,,,,,,,,,,,,,,,,,,,,,,,,,,,,,embroidery,left_chest,90,90,6,Vector or DST,Default maximum for the category — confirm per product.,,,,,,,,,,,
decoration,MP-0097,,,,,,,,,,,,,,,,,,,,,,,,,,,,,,,,,,,,embroidery,sleeve,70,70,6,Vector or DST,Default maximum for the category — confirm per product.,,,,,,,,,,,
decoration,MP-0097,,,,,,,,,,,,,,,,,,,,,,,,,,,,,,,,,,,,screen,front,300,400,4,Vector,Default maximum for the category — confirm per product.,,,,,,,,,,,
decoration,MP-0097,,,,,,,,,,,,,,,,,,,,,,,,,,,,,,,,,,,,screen,back,320,420,4,Vector,Default maximum for the category — confirm per product.,,,,,,,,,,,
decoration,MP-0097,,,,,,,,,,,,,,,,,,,,,,,,,,,,,,,,,,,,screen,left_chest,100,100,4,Vector,Default maximum for the category — confirm per product.,,,,,,,,,,,
decoration,MP-0097,,,,,,,,,,,,,,,,,,,,,,,,,,,,,,,,,,,,screen,sleeve,80,300,4,Vector,Default maximum for the category — confirm per product.,,,,,,,,,,,
decoration,MP-0097,,,,,,,,,,,,,,,,,,,,,,,,,,,,,,,,,,,,dtf,front,300,400,4,Vector,Default maximum for the category — confirm per product.,,,,,,,,,,,
decoration,MP-0097,,,,,,,,,,,,,,,,,,,,,,,,,,,,,,,,,,,,dtf,back,320,420,4,Vector,Default maximum for the category — confirm per product.,,,,,,,,,,,
decoration,MP-0097,,,,,,,,,,,,,,,,,,,,,,,,,,,,,,,,,,,,dtf,left_chest,100,100,4,Vector,Default maximum for the category — confirm per product.,,,,,,,,,,,
decoration,MP-0097,,,,,,,,,,,,,,,,,,,,,,,,,,,,,,,,,,,,dtf,sleeve,80,300,4,Vector,Default maximum for the category — confirm per product.,,,,,,,,,,,
decoration,MP-0097,,,,,,,,,,,,,,,,,,,,,,,,,,,,,,,,,,,,dtg,front,300,400,4,Vector,Default maximum for the category — confirm per product.,,,,,,,,,,,
decoration,MP-0097,,,,,,,,,,,,,,,,,,,,,,,,,,,,,,,,,,,,dtg,back,320,420,4,Vector,Default maximum for the category — confirm per product.,,,,,,,,,,,
decoration,MP-0097,,,,,,,,,,,,,,,,,,,,,,,,,,,,,,,,,,,,dtg,left_chest,100,100,4,Vector,Default maximum for the category — confirm per product.,,,,,,,,,,,
decoration,MP-0097,,,,,,,,,,,,,,,,,,,,,,,,,,,,,,,,,,,,dtg,sleeve,80,300,4,Vector,Default maximum for the category — confirm per product.,,,,,,,,,,,
product,MP-0098,knoxer,Knoxer,Sweatshirts,published,25,EUR,57.98,54.82,51.79,49.37,48.23,27.80,3,5,c002|c727|c054|c730|c146|c731,XXS|XS|S|M|L|XL|XXL|3XL,embroidery|screen|dtf|dtg,front|back|left_chest|sleeve,yes,"Shell: Brushed, 100% Cotton - Organic Ring Spun Combed / Heather Haze : 80% Organic Cotton - 20% Recycled Cotton, Ring Spun Combed, Fabric washed","Shell: Brushed, 100% Cotton - Organic Ring Spun Combed / Heather Haze : 80% Organic Cotton - 20% Recycled Cotton, Ring Spun Combed, Fabric washed",400,,,,Stanley/Stella,STSU201,,,,,,,,,,,,,,,cost 27.80; worst-case decoration 5.86 at 100; market blank 32.48; ours 1.59x market,,,,,,,,,,,
variant,MP-0098,,,,published,,,,,,,,,,,,,,,,,,,,,,,,c002,MP0098-C002,0.00,,,,,,,,,,,,,,,,,,,,,,,
variant,MP-0098,,,,published,,,,,,,,,,,,,,,,,,,,,,,,c727,MP0098-C727,0.00,,,,,,,,,,,,,,,,,,,,,,,
variant,MP-0098,,,,published,,,,,,,,,,,,,,,,,,,,,,,,c054,MP0098-C054,0.00,,,,,,,,,,,,,,,,,,,,,,,
variant,MP-0098,,,,published,,,,,,,,,,,,,,,,,,,,,,,,c730,MP0098-C730,0.00,,,,,,,,,,,,,,,,,,,,,,,
variant,MP-0098,,,,published,,,,,,,,,,,,,,,,,,,,,,,,c146,MP0098-C146,0.00,,,,,,,,,,,,,,,,,,,,,,,
variant,MP-0098,,,,published,,,,,,,,,,,,,,,,,,,,,,,,c731,MP0098-C731,0.00,,,,,,,,,,,,,,,,,,,,,,,
image,MP-0098,,,,,,,,,,,,,,,,,,,,,,,,,,,,,,,,,"https://res.cloudinary.com/www-stanleystella-com/image/upload/c_lpad,w_1600,f_auto,q_auto/v1/TechnicalNames/SBM0_STSU201_C002.jpg?_i=AB",Knoxer in Black,1,,,,,,,,,,,,,,,,,,
image,MP-0098,,,,,,,,,,,,,,,,,,,,,,,,,,,,c727,,,,,"https://res.cloudinary.com/www-stanleystella-com/image/upload/c_lpad,w_1600,f_auto,q_auto/v1/TechnicalNames/SBM0_STSU201_C727.jpg?_i=AB",Knoxer in French Navy,2,,,,,,,,,,,,,,,,,,
image,MP-0098,,,,,,,,,,,,,,,,,,,,,,,,,,,,c054,,,,,"https://res.cloudinary.com/www-stanleystella-com/image/upload/c_lpad,w_1600,f_auto,q_auto/v1/TechnicalNames/DFM0_STSU201_C054.jpg?_i=AB",Knoxer in Natural Raw,3,,,,,,,,,,,,,,,,,,
image,MP-0098,,,,,,,,,,,,,,,,,,,,,,,,,,,,c730,,,,,"https://res.cloudinary.com/www-stanleystella-com/image/upload/c_lpad,w_1600,f_auto,q_auto/v1/TechnicalNames/SBM0_STSU201_C730.jpg?_i=AB",Knoxer in Heritage Brown,4,,,,,,,,,,,,,,,,,,
image,MP-0098,,,,,,,,,,,,,,,,,,,,,,,,,,,,c146,,,,,"https://res.cloudinary.com/www-stanleystella-com/image/upload/c_lpad,w_1600,f_auto,q_auto/v1/TechnicalNames/SBM0_STSU201_C146.jpg?_i=AB",Knoxer in Cool Heather Grey,5,,,,,,,,,,,,,,,,,,
image,MP-0098,,,,,,,,,,,,,,,,,,,,,,,,,,,,c731,,,,,"https://res.cloudinary.com/www-stanleystella-com/image/upload/c_lpad,w_1600,f_auto,q_auto/v1/TechnicalNames/SBM0_STSU201_C731.jpg?_i=AB",Knoxer in Heather Haze,6,,,,,,,,,,,,,,,,,,
decoration,MP-0098,,,,,,,,,,,,,,,,,,,,,,,,,,,,,,,,,,,,embroidery,front,160,160,6,Vector or DST,Default maximum for the category — confirm per product.,,,,,,,,,,,
decoration,MP-0098,,,,,,,,,,,,,,,,,,,,,,,,,,,,,,,,,,,,embroidery,back,200,200,6,Vector or DST,Default maximum for the category — confirm per product.,,,,,,,,,,,
decoration,MP-0098,,,,,,,,,,,,,,,,,,,,,,,,,,,,,,,,,,,,embroidery,left_chest,90,90,6,Vector or DST,Default maximum for the category — confirm per product.,,,,,,,,,,,
decoration,MP-0098,,,,,,,,,,,,,,,,,,,,,,,,,,,,,,,,,,,,embroidery,sleeve,70,70,6,Vector or DST,Default maximum for the category — confirm per product.,,,,,,,,,,,
decoration,MP-0098,,,,,,,,,,,,,,,,,,,,,,,,,,,,,,,,,,,,screen,front,300,400,4,Vector,Default maximum for the category — confirm per product.,,,,,,,,,,,
decoration,MP-0098,,,,,,,,,,,,,,,,,,,,,,,,,,,,,,,,,,,,screen,back,320,420,4,Vector,Default maximum for the category — confirm per product.,,,,,,,,,,,
decoration,MP-0098,,,,,,,,,,,,,,,,,,,,,,,,,,,,,,,,,,,,screen,left_chest,100,100,4,Vector,Default maximum for the category — confirm per product.,,,,,,,,,,,
decoration,MP-0098,,,,,,,,,,,,,,,,,,,,,,,,,,,,,,,,,,,,screen,sleeve,80,300,4,Vector,Default maximum for the category — confirm per product.,,,,,,,,,,,
decoration,MP-0098,,,,,,,,,,,,,,,,,,,,,,,,,,,,,,,,,,,,dtf,front,300,400,4,Vector,Default maximum for the category — confirm per product.,,,,,,,,,,,
decoration,MP-0098,,,,,,,,,,,,,,,,,,,,,,,,,,,,,,,,,,,,dtf,back,320,420,4,Vector,Default maximum for the category — confirm per product.,,,,,,,,,,,
decoration,MP-0098,,,,,,,,,,,,,,,,,,,,,,,,,,,,,,,,,,,,dtf,left_chest,100,100,4,Vector,Default maximum for the category — confirm per product.,,,,,,,,,,,
decoration,MP-0098,,,,,,,,,,,,,,,,,,,,,,,,,,,,,,,,,,,,dtf,sleeve,80,300,4,Vector,Default maximum for the category — confirm per product.,,,,,,,,,,,
decoration,MP-0098,,,,,,,,,,,,,,,,,,,,,,,,,,,,,,,,,,,,dtg,front,300,400,4,Vector,Default maximum for the category — confirm per product.,,,,,,,,,,,
decoration,MP-0098,,,,,,,,,,,,,,,,,,,,,,,,,,,,,,,,,,,,dtg,back,320,420,4,Vector,Default maximum for the category — confirm per product.,,,,,,,,,,,
decoration,MP-0098,,,,,,,,,,,,,,,,,,,,,,,,,,,,,,,,,,,,dtg,left_chest,100,100,4,Vector,Default maximum for the category — confirm per product.,,,,,,,,,,,
decoration,MP-0098,,,,,,,,,,,,,,,,,,,,,,,,,,,,,,,,,,,,dtg,sleeve,80,300,4,Vector,Default maximum for the category — confirm per product.,,,,,,,,,,,
product,MP-0099,ledger-dry,Ledger Dry,Sweatshirts,published,25,EUR,57.90,54.74,51.71,49.29,48.15,27.75,3,5,c002|c001|c727|c250|c086|c085|c088|c089|c702|c028,XXS|XS|S|M|L|XL|XXL|3XL,embroidery|screen|dtf|dtg,front|back|left_chest|sleeve,yes,"Shell: French Terry, 100% Cotton - Organic Ring Spun Carded, Dry Handfeel","Shell: French Terry, 100% Cotton - Organic Ring Spun Carded, Dry Handfeel",400,,,,Stanley/Stella,STSU798,,,,,,,,,,,,,,,cost 27.75; worst-case decoration 5.86 at 100; market blank 31.89; ours 1.62x market,,,,,,,,,,,
variant,MP-0099,,,,published,,,,,,,,,,,,,,,,,,,,,,,,c002,MP0099-C002,0.00,,,,,,,,,,,,,,,,,,,,,,,
variant,MP-0099,,,,published,,,,,,,,,,,,,,,,,,,,,,,,c001,MP0099-C001,0.00,,,,,,,,,,,,,,,,,,,,,,,
variant,MP-0099,,,,published,,,,,,,,,,,,,,,,,,,,,,,,c727,MP0099-C727,0.00,,,,,,,,,,,,,,,,,,,,,,,
variant,MP-0099,,,,published,,,,,,,,,,,,,,,,,,,,,,,,c250,MP0099-C250,0.00,,,,,,,,,,,,,,,,,,,,,,,
variant,MP-0099,,,,published,,,,,,,,,,,,,,,,,,,,,,,,c086,MP0099-C086,0.00,,,,,,,,,,,,,,,,,,,,,,,
variant,MP-0099,,,,published,,,,,,,,,,,,,,,,,,,,,,,,c085,MP0099-C085,0.00,,,,,,,,,,,,,,,,,,,,,,,
variant,MP-0099,,,,published,,,,,,,,,,,,,,,,,,,,,,,,c088,MP0099-C088,0.00,,,,,,,,,,,,,,,,,,,,,,,
variant,MP-0099,,,,published,,,,,,,,,,,,,,,,,,,,,,,,c089,MP0099-C089,0.00,,,,,,,,,,,,,,,,,,,,,,,
variant,MP-0099,,,,published,,,,,,,,,,,,,,,,,,,,,,,,c702,MP0099-C702,0.00,,,,,,,,,,,,,,,,,,,,,,,
variant,MP-0099,,,,published,,,,,,,,,,,,,,,,,,,,,,,,c028,MP0099-C028,0.00,,,,,,,,,,,,,,,,,,,,,,,
image,MP-0099,,,,,,,,,,,,,,,,,,,,,,,,,,,,,,,,,"https://res.cloudinary.com/www-stanleystella-com/image/upload/c_lpad,w_1600,f_auto,q_auto/v1/TechnicalNames/PBM0_STSU798_C002.jpg?_i=AB",Ledger Dry in Black,1,,,,,,,,,,,,,,,,,,
image,MP-0099,,,,,,,,,,,,,,,,,,,,,,,,,,,,c001,,,,,"https://res.cloudinary.com/www-stanleystella-com/image/upload/c_lpad,w_1600,f_auto,q_auto/v1/TechnicalNames/PBM0_STSU798_C001.jpg?_i=AB",Ledger Dry in White,2,,,,,,,,,,,,,,,,,,
image,MP-0099,,,,,,,,,,,,,,,,,,,,,,,,,,,,c727,,,,,"https://res.cloudinary.com/www-stanleystella-com/image/upload/c_lpad,w_1600,f_auto,q_auto/v1/TechnicalNames/PBM0_STSU798_C727.jpg?_i=AB",Ledger Dry in French Navy,3,,,,,,,,,,,,,,,,,,
image,MP-0099,,,,,,,,,,,,,,,,,,,,,,,,,,,,c250,,,,,"https://res.cloudinary.com/www-stanleystella-com/image/upload/c_lpad,w_1600,f_auto,q_auto/v1/TechnicalNames/PBM0_STSU798_C250.jpg?_i=AB",Ledger Dry in Heather Grey,4,,,,,,,,,,,,,,,,,,
image,MP-0099,,,,,,,,,,,,,,,,,,,,,,,,,,,,c086,,,,,"https://res.cloudinary.com/www-stanleystella-com/image/upload/c_lpad,w_1600,f_auto,q_auto/v1/TechnicalNames/PBM0_STSU798_C086.jpg?_i=AB",Ledger Dry in Red Earth,5,,,,,,,,,,,,,,,,,,
image,MP-0099,,,,,,,,,,,,,,,,,,,,,,,,,,,,c085,,,,,"https://res.cloudinary.com/www-stanleystella-com/image/upload/c_lpad,w_1600,f_auto,q_auto/v1/TechnicalNames/PBM0_STSU798_C085.jpg?_i=AB",Ledger Dry in Kaffa Coffee,6,,,,,,,,,,,,,,,,,,
image,MP-0099,,,,,,,,,,,,,,,,,,,,,,,,,,,,c088,,,,,"https://res.cloudinary.com/www-stanleystella-com/image/upload/c_lpad,w_1600,f_auto,q_auto/v1/TechnicalNames/PBM0_STSU798_C088.jpg?_i=AB",Ledger Dry in Worker Blue,7,,,,,,,,,,,,,,,,,,
image,MP-0099,,,,,,,,,,,,,,,,,,,,,,,,,,,,c089,,,,,"https://res.cloudinary.com/www-stanleystella-com/image/upload/c_lpad,w_1600,f_auto,q_auto/v1/TechnicalNames/DFM0_STSU798_C089.jpg?_i=AB",Ledger Dry in Aloe,8,,,,,,,,,,,,,,,,,,
image,MP-0099,,,,,,,,,,,,,,,,,,,,,,,,,,,,c702,,,,,"https://res.cloudinary.com/www-stanleystella-com/image/upload/c_lpad,w_1600,f_auto,q_auto/v1/TechnicalNames/PBM0_STSU798_C702.jpg?_i=AB",Ledger Dry in Stargazer,9,,,,,,,,,,,,,,,,,,
image,MP-0099,,,,,,,,,,,,,,,,,,,,,,,,,,,,c028,,,,,"https://res.cloudinary.com/www-stanleystella-com/image/upload/c_lpad,w_1600,f_auto,q_auto/v1/TechnicalNames/SFM5_STSU798_C028.jpg?_i=AB",Ledger Dry in Desert Dust,10,,,,,,,,,,,,,,,,,,
decoration,MP-0099,,,,,,,,,,,,,,,,,,,,,,,,,,,,,,,,,,,,embroidery,front,160,160,6,Vector or DST,Default maximum for the category — confirm per product.,,,,,,,,,,,
decoration,MP-0099,,,,,,,,,,,,,,,,,,,,,,,,,,,,,,,,,,,,embroidery,back,200,200,6,Vector or DST,Default maximum for the category — confirm per product.,,,,,,,,,,,
decoration,MP-0099,,,,,,,,,,,,,,,,,,,,,,,,,,,,,,,,,,,,embroidery,left_chest,90,90,6,Vector or DST,Default maximum for the category — confirm per product.,,,,,,,,,,,
decoration,MP-0099,,,,,,,,,,,,,,,,,,,,,,,,,,,,,,,,,,,,embroidery,sleeve,70,70,6,Vector or DST,Default maximum for the category — confirm per product.,,,,,,,,,,,
decoration,MP-0099,,,,,,,,,,,,,,,,,,,,,,,,,,,,,,,,,,,,screen,front,300,400,4,Vector,Default maximum for the category — confirm per product.,,,,,,,,,,,
decoration,MP-0099,,,,,,,,,,,,,,,,,,,,,,,,,,,,,,,,,,,,screen,back,320,420,4,Vector,Default maximum for the category — confirm per product.,,,,,,,,,,,
decoration,MP-0099,,,,,,,,,,,,,,,,,,,,,,,,,,,,,,,,,,,,screen,left_chest,100,100,4,Vector,Default maximum for the category — confirm per product.,,,,,,,,,,,
decoration,MP-0099,,,,,,,,,,,,,,,,,,,,,,,,,,,,,,,,,,,,screen,sleeve,80,300,4,Vector,Default maximum for the category — confirm per product.,,,,,,,,,,,
decoration,MP-0099,,,,,,,,,,,,,,,,,,,,,,,,,,,,,,,,,,,,dtf,front,300,400,4,Vector,Default maximum for the category — confirm per product.,,,,,,,,,,,
decoration,MP-0099,,,,,,,,,,,,,,,,,,,,,,,,,,,,,,,,,,,,dtf,back,320,420,4,Vector,Default maximum for the category — confirm per product.,,,,,,,,,,,
decoration,MP-0099,,,,,,,,,,,,,,,,,,,,,,,,,,,,,,,,,,,,dtf,left_chest,100,100,4,Vector,Default maximum for the category — confirm per product.,,,,,,,,,,,
decoration,MP-0099,,,,,,,,,,,,,,,,,,,,,,,,,,,,,,,,,,,,dtf,sleeve,80,300,4,Vector,Default maximum for the category — confirm per product.,,,,,,,,,,,
decoration,MP-0099,,,,,,,,,,,,,,,,,,,,,,,,,,,,,,,,,,,,dtg,front,300,400,4,Vector,Default maximum for the category — confirm per product.,,,,,,,,,,,
decoration,MP-0099,,,,,,,,,,,,,,,,,,,,,,,,,,,,,,,,,,,,dtg,back,320,420,4,Vector,Default maximum for the category — confirm per product.,,,,,,,,,,,
decoration,MP-0099,,,,,,,,,,,,,,,,,,,,,,,,,,,,,,,,,,,,dtg,left_chest,100,100,4,Vector,Default maximum for the category — confirm per product.,,,,,,,,,,,
decoration,MP-0099,,,,,,,,,,,,,,,,,,,,,,,,,,,,,,,,,,,,dtg,sleeve,80,300,4,Vector,Default maximum for the category — confirm per product.,,,,,,,,,,,
product,MP-0100,locker-heavy,Locker Heavy,Sweatshirts,published,25,EUR,,,,,,,3,5,c054|c002|c727|c250,XXS|XS|S|M|L|XL|XXL|3XL,embroidery|screen|dtf|dtg,front|back|left_chest|sleeve,yes,"Shell: Brushed, 100% Cotton - Organic Ring Spun Combed, Fabric washed, Light sueded","Shell: Brushed, 100% Cotton - Organic Ring Spun Combed, Fabric washed, Light sueded",500,,,,Stanley/Stella,STSU953,,,,,,,,,,,,,,,No supplier cost on file — quote on inquiry.,,,,,,,,,,,
variant,MP-0100,,,,published,,,,,,,,,,,,,,,,,,,,,,,,c054,MP0100-C054,0.00,,,,,,,,,,,,,,,,,,,,,,,
variant,MP-0100,,,,published,,,,,,,,,,,,,,,,,,,,,,,,c002,MP0100-C002,0.00,,,,,,,,,,,,,,,,,,,,,,,
variant,MP-0100,,,,published,,,,,,,,,,,,,,,,,,,,,,,,c727,MP0100-C727,0.00,,,,,,,,,,,,,,,,,,,,,,,
variant,MP-0100,,,,published,,,,,,,,,,,,,,,,,,,,,,,,c250,MP0100-C250,0.00,,,,,,,,,,,,,,,,,,,,,,,
image,MP-0100,,,,,,,,,,,,,,,,,,,,,,,,,,,,,,,,,"https://res.cloudinary.com/www-stanleystella-com/image/upload/c_lpad,w_1600,f_auto,q_auto/v1/TechnicalNames/SFM0_STSU953_C250.jpg?_i=AB",Locker Heavy in Heather Grey,1,,,,,,,,,,,,,,,,,,
decoration,MP-0100,,,,,,,,,,,,,,,,,,,,,,,,,,,,,,,,,,,,embroidery,front,160,160,6,Vector or DST,Default maximum for the category — confirm per product.,,,,,,,,,,,
decoration,MP-0100,,,,,,,,,,,,,,,,,,,,,,,,,,,,,,,,,,,,embroidery,back,200,200,6,Vector or DST,Default maximum for the category — confirm per product.,,,,,,,,,,,
decoration,MP-0100,,,,,,,,,,,,,,,,,,,,,,,,,,,,,,,,,,,,embroidery,left_chest,90,90,6,Vector or DST,Default maximum for the category — confirm per product.,,,,,,,,,,,
decoration,MP-0100,,,,,,,,,,,,,,,,,,,,,,,,,,,,,,,,,,,,embroidery,sleeve,70,70,6,Vector or DST,Default maximum for the category — confirm per product.,,,,,,,,,,,
decoration,MP-0100,,,,,,,,,,,,,,,,,,,,,,,,,,,,,,,,,,,,screen,front,300,400,4,Vector,Default maximum for the category — confirm per product.,,,,,,,,,,,
decoration,MP-0100,,,,,,,,,,,,,,,,,,,,,,,,,,,,,,,,,,,,screen,back,320,420,4,Vector,Default maximum for the category — confirm per product.,,,,,,,,,,,
decoration,MP-0100,,,,,,,,,,,,,,,,,,,,,,,,,,,,,,,,,,,,screen,left_chest,100,100,4,Vector,Default maximum for the category — confirm per product.,,,,,,,,,,,
decoration,MP-0100,,,,,,,,,,,,,,,,,,,,,,,,,,,,,,,,,,,,screen,sleeve,80,300,4,Vector,Default maximum for the category — confirm per product.,,,,,,,,,,,
decoration,MP-0100,,,,,,,,,,,,,,,,,,,,,,,,,,,,,,,,,,,,dtf,front,300,400,4,Vector,Default maximum for the category — confirm per product.,,,,,,,,,,,
decoration,MP-0100,,,,,,,,,,,,,,,,,,,,,,,,,,,,,,,,,,,,dtf,back,320,420,4,Vector,Default maximum for the category — confirm per product.,,,,,,,,,,,
decoration,MP-0100,,,,,,,,,,,,,,,,,,,,,,,,,,,,,,,,,,,,dtf,left_chest,100,100,4,Vector,Default maximum for the category — confirm per product.,,,,,,,,,,,
decoration,MP-0100,,,,,,,,,,,,,,,,,,,,,,,,,,,,,,,,,,,,dtf,sleeve,80,300,4,Vector,Default maximum for the category — confirm per product.,,,,,,,,,,,
decoration,MP-0100,,,,,,,,,,,,,,,,,,,,,,,,,,,,,,,,,,,,dtg,front,300,400,4,Vector,Default maximum for the category — confirm per product.,,,,,,,,,,,
decoration,MP-0100,,,,,,,,,,,,,,,,,,,,,,,,,,,,,,,,,,,,dtg,back,320,420,4,Vector,Default maximum for the category — confirm per product.,,,,,,,,,,,
decoration,MP-0100,,,,,,,,,,,,,,,,,,,,,,,,,,,,,,,,,,,,dtg,left_chest,100,100,4,Vector,Default maximum for the category — confirm per product.,,,,,,,,,,,
decoration,MP-0100,,,,,,,,,,,,,,,,,,,,,,,,,,,,,,,,,,,,dtg,sleeve,80,300,4,Vector,Default maximum for the category — confirm per product.,,,,,,,,,,,
product,MP-0101,matcher,Matcher,Sweatshirts,published,25,EUR,41.67,38.51,35.48,33.06,31.92,17.20,3,5,c002|c001|c727|c250|c054|c038|c360|c244|c063|c053|c710|c724|c060|c078,XXS|XS|S|M|L|XL|XXL|3XL,embroidery|screen|dtf|dtg,front|back|left_chest|sleeve,yes,"Shell: French Terry, 85% Cotton - Organic Ring Spun Combed,15% Polyester - Recycled, Fabric washed, Light sueded","Shell: French Terry, 85% Cotton - Organic Ring Spun Combed,15% Polyester - Recycled, Fabric washed, Light sueded",300,,,,Stanley/Stella,STSU799,,,,,,,,,,,,,,,cost 17.20; worst-case decoration 5.86 at 100; market blank 19.88; ours 1.78x market,,,,,,,,,,,
variant,MP-0101,,,,published,,,,,,,,,,,,,,,,,,,,,,,,c002,MP0101-C002,0.00,,,,,,,,,,,,,,,,,,,,,,,
variant,MP-0101,,,,published,,,,,,,,,,,,,,,,,,,,,,,,c001,MP0101-C001,0.00,,,,,,,,,,,,,,,,,,,,,,,
variant,MP-0101,,,,published,,,,,,,,,,,,,,,,,,,,,,,,c727,MP0101-C727,0.00,,,,,,,,,,,,,,,,,,,,,,,
variant,MP-0101,,,,published,,,,,,,,,,,,,,,,,,,,,,,,c250,MP0101-C250,0.00,,,,,,,,,,,,,,,,,,,,,,,
variant,MP-0101,,,,published,,,,,,,,,,,,,,,,,,,,,,,,c054,MP0101-C054,0.00,,,,,,,,,,,,,,,,,,,,,,,
variant,MP-0101,,,,published,,,,,,,,,,,,,,,,,,,,,,,,c038,MP0101-C038,0.00,,,,,,,,,,,,,,,,,,,,,,,
variant,MP-0101,,,,published,,,,,,,,,,,,,,,,,,,,,,,,c360,MP0101-C360,0.00,,,,,,,,,,,,,,,,,,,,,,,
variant,MP-0101,,,,published,,,,,,,,,,,,,,,,,,,,,,,,c244,MP0101-C244,0.00,,,,,,,,,,,,,,,,,,,,,,,
variant,MP-0101,,,,published,,,,,,,,,,,,,,,,,,,,,,,,c063,MP0101-C063,0.00,,,,,,,,,,,,,,,,,,,,,,,
variant,MP-0101,,,,published,,,,,,,,,,,,,,,,,,,,,,,,c053,MP0101-C053,0.00,,,,,,,,,,,,,,,,,,,,,,,
variant,MP-0101,,,,published,,,,,,,,,,,,,,,,,,,,,,,,c710,MP0101-C710,0.00,,,,,,,,,,,,,,,,,,,,,,,
variant,MP-0101,,,,published,,,,,,,,,,,,,,,,,,,,,,,,c724,MP0101-C724,0.00,,,,,,,,,,,,,,,,,,,,,,,
variant,MP-0101,,,,published,,,,,,,,,,,,,,,,,,,,,,,,c060,MP0101-C060,0.00,,,,,,,,,,,,,,,,,,,,,,,
variant,MP-0101,,,,published,,,,,,,,,,,,,,,,,,,,,,,,c078,MP0101-C078,0.00,,,,,,,,,,,,,,,,,,,,,,,
image,MP-0101,,,,,,,,,,,,,,,,,,,,,,,,,,,,,,,,,"https://res.cloudinary.com/www-stanleystella-com/image/upload/c_lpad,w_1600,f_auto,q_auto/v1/TechnicalNames/SBM0_STSU799_C002.jpg?_i=AB",Matcher in Black,1,,,,,,,,,,,,,,,,,,
image,MP-0101,,,,,,,,,,,,,,,,,,,,,,,,,,,,c001,,,,,"https://res.cloudinary.com/www-stanleystella-com/image/upload/c_lpad,w_1600,f_auto,q_auto/v1/TechnicalNames/SBM0_STSU799_C001.jpg?_i=AB",Matcher in White,2,,,,,,,,,,,,,,,,,,
image,MP-0101,,,,,,,,,,,,,,,,,,,,,,,,,,,,c727,,,,,"https://res.cloudinary.com/www-stanleystella-com/image/upload/c_lpad,w_1600,f_auto,q_auto/v1/TechnicalNames/PFD0_STSU799_C727.jpg?_i=AB",Matcher in French Navy,3,,,,,,,,,,,,,,,,,,
image,MP-0101,,,,,,,,,,,,,,,,,,,,,,,,,,,,c250,,,,,"https://res.cloudinary.com/www-stanleystella-com/image/upload/c_lpad,w_1600,f_auto,q_auto/v1/TechnicalNames/SBM0_STSU799_C250.jpg?_i=AB",Matcher in Heather Grey,4,,,,,,,,,,,,,,,,,,
image,MP-0101,,,,,,,,,,,,,,,,,,,,,,,,,,,,c054,,,,,"https://res.cloudinary.com/www-stanleystella-com/image/upload/c_lpad,w_1600,f_auto,q_auto/v1/TechnicalNames/SBM0_STSU799_C054.jpg?_i=AB",Matcher in Natural Raw,5,,,,,,,,,,,,,,,,,,
image,MP-0101,,,,,,,,,,,,,,,,,,,,,,,,,,,,c038,,,,,"https://res.cloudinary.com/www-stanleystella-com/image/upload/c_lpad,w_1600,f_auto,q_auto/v1/TechnicalNames/SBM0_STSU799_C038.jpg?_i=AB",Matcher in Canyon Pink,6,,,,,,,,,,,,,,,,,,
image,MP-0101,,,,,,,,,,,,,,,,,,,,,,,,,,,,c360,,,,,"https://res.cloudinary.com/www-stanleystella-com/image/upload/c_lpad,w_1600,f_auto,q_auto/v1/TechnicalNames/PBM0_STSU799_C360.jpg?_i=AB",Matcher in Pink Joy,7,,,,,,,,,,,,,,,,,,
image,MP-0101,,,,,,,,,,,,,,,,,,,,,,,,,,,,c244,,,,,"https://res.cloudinary.com/www-stanleystella-com/image/upload/c_lpad,w_1600,f_auto,q_auto/v1/TechnicalNames/SBM0_STSU799_C244.jpg?_i=AB",Matcher in Burgundy,8,,,,,,,,,,,,,,,,,,
image,MP-0101,,,,,,,,,,,,,,,,,,,,,,,,,,,,c063,,,,,"https://res.cloudinary.com/www-stanleystella-com/image/upload/c_lpad,w_1600,f_auto,q_auto/v1/TechnicalNames/PFD0_STSU799_C063.jpg?_i=AB",Matcher in Lavender,9,,,,,,,,,,,,,,,,,,
image,MP-0101,,,,,,,,,,,,,,,,,,,,,,,,,,,,c053,,,,,"https://res.cloudinary.com/www-stanleystella-com/image/upload/c_lpad,w_1600,f_auto,q_auto/v1/TechnicalNames/PFD0_STSU799_C053.jpg?_i=AB",Matcher in Bright Blue,10,,,,,,,,,,,,,,,,,,
image,MP-0101,,,,,,,,,,,,,,,,,,,,,,,,,,,,c710,,,,,"https://res.cloudinary.com/www-stanleystella-com/image/upload/c_lpad,w_1600,f_auto,q_auto/v1/TechnicalNames/PFD0_STSU799_C710.jpg?_i=AB",Matcher in Ocean Depth,11,,,,,,,,,,,,,,,,,,
image,MP-0101,,,,,,,,,,,,,,,,,,,,,,,,,,,,c724,,,,,"https://res.cloudinary.com/www-stanleystella-com/image/upload/c_lpad,w_1600,f_auto,q_auto/v1/TechnicalNames/PFD0_STSU799_C724.jpg?_i=AB",Matcher in Caribbean Blue,12,,,,,,,,,,,,,,,,,,
image,MP-0101,,,,,,,,,,,,,,,,,,,,,,,,,,,,c060,,,,,"https://res.cloudinary.com/www-stanleystella-com/image/upload/c_lpad,w_1600,f_auto,q_auto/v1/TechnicalNames/PFD0_STSU799_C060.jpg?_i=AB",Matcher in Teal Monstera,13,,,,,,,,,,,,,,,,,,
image,MP-0101,,,,,,,,,,,,,,,,,,,,,,,,,,,,c078,,,,,"https://res.cloudinary.com/www-stanleystella-com/image/upload/c_lpad,w_1600,f_auto,q_auto/v1/TechnicalNames/SBM0_STSU799_C078.jpg?_i=AB",Matcher in Butter,14,,,,,,,,,,,,,,,,,,
decoration,MP-0101,,,,,,,,,,,,,,,,,,,,,,,,,,,,,,,,,,,,embroidery,front,160,160,6,Vector or DST,Default maximum for the category — confirm per product.,,,,,,,,,,,
decoration,MP-0101,,,,,,,,,,,,,,,,,,,,,,,,,,,,,,,,,,,,embroidery,back,200,200,6,Vector or DST,Default maximum for the category — confirm per product.,,,,,,,,,,,
decoration,MP-0101,,,,,,,,,,,,,,,,,,,,,,,,,,,,,,,,,,,,embroidery,left_chest,90,90,6,Vector or DST,Default maximum for the category — confirm per product.,,,,,,,,,,,
decoration,MP-0101,,,,,,,,,,,,,,,,,,,,,,,,,,,,,,,,,,,,embroidery,sleeve,70,70,6,Vector or DST,Default maximum for the category — confirm per product.,,,,,,,,,,,
decoration,MP-0101,,,,,,,,,,,,,,,,,,,,,,,,,,,,,,,,,,,,screen,front,300,400,4,Vector,Default maximum for the category — confirm per product.,,,,,,,,,,,
decoration,MP-0101,,,,,,,,,,,,,,,,,,,,,,,,,,,,,,,,,,,,screen,back,320,420,4,Vector,Default maximum for the category — confirm per product.,,,,,,,,,,,
decoration,MP-0101,,,,,,,,,,,,,,,,,,,,,,,,,,,,,,,,,,,,screen,left_chest,100,100,4,Vector,Default maximum for the category — confirm per product.,,,,,,,,,,,
decoration,MP-0101,,,,,,,,,,,,,,,,,,,,,,,,,,,,,,,,,,,,screen,sleeve,80,300,4,Vector,Default maximum for the category — confirm per product.,,,,,,,,,,,
decoration,MP-0101,,,,,,,,,,,,,,,,,,,,,,,,,,,,,,,,,,,,dtf,front,300,400,4,Vector,Default maximum for the category — confirm per product.,,,,,,,,,,,
decoration,MP-0101,,,,,,,,,,,,,,,,,,,,,,,,,,,,,,,,,,,,dtf,back,320,420,4,Vector,Default maximum for the category — confirm per product.,,,,,,,,,,,
decoration,MP-0101,,,,,,,,,,,,,,,,,,,,,,,,,,,,,,,,,,,,dtf,left_chest,100,100,4,Vector,Default maximum for the category — confirm per product.,,,,,,,,,,,
decoration,MP-0101,,,,,,,,,,,,,,,,,,,,,,,,,,,,,,,,,,,,dtf,sleeve,80,300,4,Vector,Default maximum for the category — confirm per product.,,,,,,,,,,,
decoration,MP-0101,,,,,,,,,,,,,,,,,,,,,,,,,,,,,,,,,,,,dtg,front,300,400,4,Vector,Default maximum for the category — confirm per product.,,,,,,,,,,,
decoration,MP-0101,,,,,,,,,,,,,,,,,,,,,,,,,,,,,,,,,,,,dtg,back,320,420,4,Vector,Default maximum for the category — confirm per product.,,,,,,,,,,,
decoration,MP-0101,,,,,,,,,,,,,,,,,,,,,,,,,,,,,,,,,,,,dtg,left_chest,100,100,4,Vector,Default maximum for the category — confirm per product.,,,,,,,,,,,
decoration,MP-0101,,,,,,,,,,,,,,,,,,,,,,,,,,,,,,,,,,,,dtg,sleeve,80,300,4,Vector,Default maximum for the category — confirm per product.,,,,,,,,,,,
product,MP-0102,matcher-vintage,Matcher Vintage,Sweatshirts,published,25,EUR,50.21,47.05,44.02,41.60,40.46,22.75,3,5,c103|c102|c109|c157|c140,XXS|XS|S|M|L|XL|XXL|3XL,embroidery|screen|dtf|dtg,front|back|left_chest|sleeve,yes,"Shell: French Terry, 100% Cotton - Organic Ring Spun Combed, Garment washed, Garment dyed","Shell: French Terry, 100% Cotton - Organic Ring Spun Combed, Garment washed, Garment dyed",300,,,,Stanley/Stella,STSU085,,,,,,,,,,,,,,,cost 22.75; worst-case decoration 5.86 at 100; market blank 27.95; ours 1.57x market,,,,,,,,,,,
variant,MP-0102,,,,published,,,,,,,,,,,,,,,,,,,,,,,,c103,MP0102-C103,0.00,,,,,,,,,,,,,,,,,,,,,,,
variant,MP-0102,,,,published,,,,,,,,,,,,,,,,,,,,,,,,c102,MP0102-C102,0.00,,,,,,,,,,,,,,,,,,,,,,,
variant,MP-0102,,,,published,,,,,,,,,,,,,,,,,,,,,,,,c109,MP0102-C109,0.00,,,,,,,,,,,,,,,,,,,,,,,
variant,MP-0102,,,,published,,,,,,,,,,,,,,,,,,,,,,,,c157,MP0102-C157,0.00,,,,,,,,,,,,,,,,,,,,,,,
variant,MP-0102,,,,published,,,,,,,,,,,,,,,,,,,,,,,,c140,MP0102-C140,0.00,,,,,,,,,,,,,,,,,,,,,,,
image,MP-0102,,,,,,,,,,,,,,,,,,,,,,,,,,,,,,,,,"https://res.cloudinary.com/www-stanleystella-com/image/upload/c_lpad,w_1600,f_auto,q_auto/v1/TechnicalNames/DFM0_STSU085_C103.jpg?_i=AB",Matcher Vintage in G. Dyed Swimmer Blue,1,,,,,,,,,,,,,,,,,,
image,MP-0102,,,,,,,,,,,,,,,,,,,,,,,,,,,,c102,,,,,"https://res.cloudinary.com/www-stanleystella-com/image/upload/c_lpad,w_1600,f_auto,q_auto/v1/TechnicalNames/PFD0_STSU085_C102.jpg?_i=AB",Matcher Vintage in G. Dyed Hydro,2,,,,,,,,,,,,,,,,,,
image,MP-0102,,,,,,,,,,,,,,,,,,,,,,,,,,,,c109,,,,,"https://res.cloudinary.com/www-stanleystella-com/image/upload/c_lpad,w_1600,f_auto,q_auto/v1/TechnicalNames/PFD0_STSU085_C109.jpg?_i=AB",Matcher Vintage in G. Dyed Khaki,3,,,,,,,,,,,,,,,,,,
image,MP-0102,,,,,,,,,,,,,,,,,,,,,,,,,,,,c157,,,,,"https://res.cloudinary.com/www-stanleystella-com/image/upload/c_lpad,w_1600,f_auto,q_auto/v1/TechnicalNames/SFM6_STSU085_C157.jpg?_i=AB",Matcher Vintage in G. Dyed Misty Grey,4,,,,,,,,,,,,,,,,,,
image,MP-0102,,,,,,,,,,,,,,,,,,,,,,,,,,,,c140,,,,,"https://res.cloudinary.com/www-stanleystella-com/image/upload/c_lpad,w_1600,f_auto,q_auto/v1/TechnicalNames/PFD0_STSU085_C140.jpg?_i=AB",Matcher Vintage in G. Dyed Black Rock,5,,,,,,,,,,,,,,,,,,
decoration,MP-0102,,,,,,,,,,,,,,,,,,,,,,,,,,,,,,,,,,,,embroidery,front,160,160,6,Vector or DST,Default maximum for the category — confirm per product.,,,,,,,,,,,
decoration,MP-0102,,,,,,,,,,,,,,,,,,,,,,,,,,,,,,,,,,,,embroidery,back,200,200,6,Vector or DST,Default maximum for the category — confirm per product.,,,,,,,,,,,
decoration,MP-0102,,,,,,,,,,,,,,,,,,,,,,,,,,,,,,,,,,,,embroidery,left_chest,90,90,6,Vector or DST,Default maximum for the category — confirm per product.,,,,,,,,,,,
decoration,MP-0102,,,,,,,,,,,,,,,,,,,,,,,,,,,,,,,,,,,,embroidery,sleeve,70,70,6,Vector or DST,Default maximum for the category — confirm per product.,,,,,,,,,,,
decoration,MP-0102,,,,,,,,,,,,,,,,,,,,,,,,,,,,,,,,,,,,screen,front,300,400,4,Vector,Default maximum for the category — confirm per product.,,,,,,,,,,,
decoration,MP-0102,,,,,,,,,,,,,,,,,,,,,,,,,,,,,,,,,,,,screen,back,320,420,4,Vector,Default maximum for the category — confirm per product.,,,,,,,,,,,
decoration,MP-0102,,,,,,,,,,,,,,,,,,,,,,,,,,,,,,,,,,,,screen,left_chest,100,100,4,Vector,Default maximum for the category — confirm per product.,,,,,,,,,,,
decoration,MP-0102,,,,,,,,,,,,,,,,,,,,,,,,,,,,,,,,,,,,screen,sleeve,80,300,4,Vector,Default maximum for the category — confirm per product.,,,,,,,,,,,
decoration,MP-0102,,,,,,,,,,,,,,,,,,,,,,,,,,,,,,,,,,,,dtf,front,300,400,4,Vector,Default maximum for the category — confirm per product.,,,,,,,,,,,
decoration,MP-0102,,,,,,,,,,,,,,,,,,,,,,,,,,,,,,,,,,,,dtf,back,320,420,4,Vector,Default maximum for the category — confirm per product.,,,,,,,,,,,
decoration,MP-0102,,,,,,,,,,,,,,,,,,,,,,,,,,,,,,,,,,,,dtf,left_chest,100,100,4,Vector,Default maximum for the category — confirm per product.,,,,,,,,,,,
decoration,MP-0102,,,,,,,,,,,,,,,,,,,,,,,,,,,,,,,,,,,,dtf,sleeve,80,300,4,Vector,Default maximum for the category — confirm per product.,,,,,,,,,,,
decoration,MP-0102,,,,,,,,,,,,,,,,,,,,,,,,,,,,,,,,,,,,dtg,front,300,400,4,Vector,Default maximum for the category — confirm per product.,,,,,,,,,,,
decoration,MP-0102,,,,,,,,,,,,,,,,,,,,,,,,,,,,,,,,,,,,dtg,back,320,420,4,Vector,Default maximum for the category — confirm per product.,,,,,,,,,,,
decoration,MP-0102,,,,,,,,,,,,,,,,,,,,,,,,,,,,,,,,,,,,dtg,left_chest,100,100,4,Vector,Default maximum for the category — confirm per product.,,,,,,,,,,,
decoration,MP-0102,,,,,,,,,,,,,,,,,,,,,,,,,,,,,,,,,,,,dtg,sleeve,80,300,4,Vector,Default maximum for the category — confirm per product.,,,,,,,,,,,
product,MP-0103,miller-dry,Miller Dry,Sweatshirts,published,25,EUR,62.13,58.97,55.94,53.53,52.38,30.50,3,5,c002|c727|c250|c086|c089|c028,XXS|XS|S|M|L|XL|XXL|3XL,embroidery|screen|dtf|dtg,front|back|left_chest|sleeve,yes,"Shell: French Terry, 100% Cotton - Organic Ring Spun Carded, Dry Handfeel","Shell: French Terry, 100% Cotton - Organic Ring Spun Carded, Dry Handfeel",400,,,,Stanley/Stella,STSU795,,,,,,,,,,,,,,,cost 30.50; worst-case decoration 5.86 at 100; market blank 35.42; ours 1.58x market,,,,,,,,,,,
variant,MP-0103,,,,published,,,,,,,,,,,,,,,,,,,,,,,,c002,MP0103-C002,0.00,,,,,,,,,,,,,,,,,,,,,,,
variant,MP-0103,,,,published,,,,,,,,,,,,,,,,,,,,,,,,c727,MP0103-C727,0.00,,,,,,,,,,,,,,,,,,,,,,,
variant,MP-0103,,,,published,,,,,,,,,,,,,,,,,,,,,,,,c250,MP0103-C250,0.00,,,,,,,,,,,,,,,,,,,,,,,
variant,MP-0103,,,,published,,,,,,,,,,,,,,,,,,,,,,,,c086,MP0103-C086,0.00,,,,,,,,,,,,,,,,,,,,,,,
variant,MP-0103,,,,published,,,,,,,,,,,,,,,,,,,,,,,,c089,MP0103-C089,0.00,,,,,,,,,,,,,,,,,,,,,,,
variant,MP-0103,,,,published,,,,,,,,,,,,,,,,,,,,,,,,c028,MP0103-C028,0.00,,,,,,,,,,,,,,,,,,,,,,,
image,MP-0103,,,,,,,,,,,,,,,,,,,,,,,,,,,,,,,,,"https://res.cloudinary.com/www-stanleystella-com/image/upload/c_lpad,w_1600,f_auto,q_auto/v1/TechnicalNames/PBM0_STSU795_C002.jpg?_i=AB",Miller Dry in Black,1,,,,,,,,,,,,,,,,,,
image,MP-0103,,,,,,,,,,,,,,,,,,,,,,,,,,,,c727,,,,,"https://res.cloudinary.com/www-stanleystella-com/image/upload/c_lpad,w_1600,f_auto,q_auto/v1/TechnicalNames/PBM0_STSU795_C727.jpg?_i=AB",Miller Dry in French Navy,2,,,,,,,,,,,,,,,,,,
image,MP-0103,,,,,,,,,,,,,,,,,,,,,,,,,,,,c250,,,,,"https://res.cloudinary.com/www-stanleystella-com/image/upload/c_lpad,w_1600,f_auto,q_auto/v1/TechnicalNames/PBM0_STSU795_C250.jpg?_i=AB",Miller Dry in Heather Grey,3,,,,,,,,,,,,,,,,,,
image,MP-0103,,,,,,,,,,,,,,,,,,,,,,,,,,,,c086,,,,,"https://res.cloudinary.com/www-stanleystella-com/image/upload/c_lpad,w_1600,f_auto,q_auto/v1/TechnicalNames/DFM0_STSU795_C086.jpg?_i=AB",Miller Dry in Red Earth,4,,,,,,,,,,,,,,,,,,
image,MP-0103,,,,,,,,,,,,,,,,,,,,,,,,,,,,c089,,,,,"https://res.cloudinary.com/www-stanleystella-com/image/upload/c_lpad,w_1600,f_auto,q_auto/v1/TechnicalNames/PBM0_STSU795_C089.jpg?_i=AB",Miller Dry in Aloe,5,,,,,,,,,,,,,,,,,,
image,MP-0103,,,,,,,,,,,,,,,,,,,,,,,,,,,,c028,,,,,"https://res.cloudinary.com/www-stanleystella-com/image/upload/c_lpad,w_1600,f_auto,q_auto/v1/TechnicalNames/PBM0_STSU795_C028.jpg?_i=AB",Miller Dry in Desert Dust,6,,,,,,,,,,,,,,,,,,
decoration,MP-0103,,,,,,,,,,,,,,,,,,,,,,,,,,,,,,,,,,,,embroidery,front,160,160,6,Vector or DST,Default maximum for the category — confirm per product.,,,,,,,,,,,
decoration,MP-0103,,,,,,,,,,,,,,,,,,,,,,,,,,,,,,,,,,,,embroidery,back,200,200,6,Vector or DST,Default maximum for the category — confirm per product.,,,,,,,,,,,
decoration,MP-0103,,,,,,,,,,,,,,,,,,,,,,,,,,,,,,,,,,,,embroidery,left_chest,90,90,6,Vector or DST,Default maximum for the category — confirm per product.,,,,,,,,,,,
decoration,MP-0103,,,,,,,,,,,,,,,,,,,,,,,,,,,,,,,,,,,,embroidery,sleeve,70,70,6,Vector or DST,Default maximum for the category — confirm per product.,,,,,,,,,,,
decoration,MP-0103,,,,,,,,,,,,,,,,,,,,,,,,,,,,,,,,,,,,screen,front,300,400,4,Vector,Default maximum for the category — confirm per product.,,,,,,,,,,,
decoration,MP-0103,,,,,,,,,,,,,,,,,,,,,,,,,,,,,,,,,,,,screen,back,320,420,4,Vector,Default maximum for the category — confirm per product.,,,,,,,,,,,
decoration,MP-0103,,,,,,,,,,,,,,,,,,,,,,,,,,,,,,,,,,,,screen,left_chest,100,100,4,Vector,Default maximum for the category — confirm per product.,,,,,,,,,,,
decoration,MP-0103,,,,,,,,,,,,,,,,,,,,,,,,,,,,,,,,,,,,screen,sleeve,80,300,4,Vector,Default maximum for the category — confirm per product.,,,,,,,,,,,
decoration,MP-0103,,,,,,,,,,,,,,,,,,,,,,,,,,,,,,,,,,,,dtf,front,300,400,4,Vector,Default maximum for the category — confirm per product.,,,,,,,,,,,
decoration,MP-0103,,,,,,,,,,,,,,,,,,,,,,,,,,,,,,,,,,,,dtf,back,320,420,4,Vector,Default maximum for the category — confirm per product.,,,,,,,,,,,
decoration,MP-0103,,,,,,,,,,,,,,,,,,,,,,,,,,,,,,,,,,,,dtf,left_chest,100,100,4,Vector,Default maximum for the category — confirm per product.,,,,,,,,,,,
decoration,MP-0103,,,,,,,,,,,,,,,,,,,,,,,,,,,,,,,,,,,,dtf,sleeve,80,300,4,Vector,Default maximum for the category — confirm per product.,,,,,,,,,,,
decoration,MP-0103,,,,,,,,,,,,,,,,,,,,,,,,,,,,,,,,,,,,dtg,front,300,400,4,Vector,Default maximum for the category — confirm per product.,,,,,,,,,,,
decoration,MP-0103,,,,,,,,,,,,,,,,,,,,,,,,,,,,,,,,,,,,dtg,back,320,420,4,Vector,Default maximum for the category — confirm per product.,,,,,,,,,,,
decoration,MP-0103,,,,,,,,,,,,,,,,,,,,,,,,,,,,,,,,,,,,dtg,left_chest,100,100,4,Vector,Default maximum for the category — confirm per product.,,,,,,,,,,,
decoration,MP-0103,,,,,,,,,,,,,,,,,,,,,,,,,,,,,,,,,,,,dtg,sleeve,80,300,4,Vector,Default maximum for the category — confirm per product.,,,,,,,,,,,
product,MP-0104,mini-changer-2-0,Mini Changer 2.0,Sweatshirts,published,25,EUR,38.75,35.59,32.56,30.14,28.99,15.30,3,5,c002|c727|c250|c054|c101|c005|c360|c063|c230|c149|c053|c702|c357|c036|c060|c223|c356|c730|c147,3-4/98-104cm|5-6/110-116cm|7-8/122-128cm|9-11/134-146cm|12-13/152-158cm,embroidery|screen|dtf|dtg,front|back|left_chest|sleeve,yes,"Shell: Brushed, 100% Cotton - Organic Ring Spun Combed, Panel washed","Shell: Brushed, 100% Cotton - Organic Ring Spun Combed, Panel washed",300,,,,Stanley/Stella,STSK181,,,,,,,,,,,,,,,cost 15.30; worst-case decoration 5.86 at 100; market blank 15.46; ours 2.11x market,,,,,,,,,,,
variant,MP-0104,,,,published,,,,,,,,,,,,,,,,,,,,,,,,c002,MP0104-C002,0.00,,,,,,,,,,,,,,,,,,,,,,,
variant,MP-0104,,,,published,,,,,,,,,,,,,,,,,,,,,,,,c727,MP0104-C727,0.00,,,,,,,,,,,,,,,,,,,,,,,
variant,MP-0104,,,,published,,,,,,,,,,,,,,,,,,,,,,,,c250,MP0104-C250,0.00,,,,,,,,,,,,,,,,,,,,,,,
variant,MP-0104,,,,published,,,,,,,,,,,,,,,,,,,,,,,,c054,MP0104-C054,0.00,,,,,,,,,,,,,,,,,,,,,,,
variant,MP-0104,,,,published,,,,,,,,,,,,,,,,,,,,,,,,c101,MP0104-C101,0.00,,,,,,,,,,,,,,,,,,,,,,,
variant,MP-0104,,,,published,,,,,,,,,,,,,,,,,,,,,,,,c005,MP0104-C005,0.00,,,,,,,,,,,,,,,,,,,,,,,
variant,MP-0104,,,,published,,,,,,,,,,,,,,,,,,,,,,,,c360,MP0104-C360,0.00,,,,,,,,,,,,,,,,,,,,,,,
variant,MP-0104,,,,published,,,,,,,,,,,,,,,,,,,,,,,,c063,MP0104-C063,0.00,,,,,,,,,,,,,,,,,,,,,,,
variant,MP-0104,,,,published,,,,,,,,,,,,,,,,,,,,,,,,c230,MP0104-C230,0.00,,,,,,,,,,,,,,,,,,,,,,,
variant,MP-0104,,,,published,,,,,,,,,,,,,,,,,,,,,,,,c149,MP0104-C149,0.00,,,,,,,,,,,,,,,,,,,,,,,
variant,MP-0104,,,,published,,,,,,,,,,,,,,,,,,,,,,,,c053,MP0104-C053,0.00,,,,,,,,,,,,,,,,,,,,,,,
variant,MP-0104,,,,published,,,,,,,,,,,,,,,,,,,,,,,,c702,MP0104-C702,0.00,,,,,,,,,,,,,,,,,,,,,,,
variant,MP-0104,,,,published,,,,,,,,,,,,,,,,,,,,,,,,c357,MP0104-C357,0.00,,,,,,,,,,,,,,,,,,,,,,,
variant,MP-0104,,,,published,,,,,,,,,,,,,,,,,,,,,,,,c036,MP0104-C036,0.00,,,,,,,,,,,,,,,,,,,,,,,
variant,MP-0104,,,,published,,,,,,,,,,,,,,,,,,,,,,,,c060,MP0104-C060,0.00,,,,,,,,,,,,,,,,,,,,,,,
variant,MP-0104,,,,published,,,,,,,,,,,,,,,,,,,,,,,,c223,MP0104-C223,0.00,,,,,,,,,,,,,,,,,,,,,,,
variant,MP-0104,,,,published,,,,,,,,,,,,,,,,,,,,,,,,c356,MP0104-C356,0.00,,,,,,,,,,,,,,,,,,,,,,,
variant,MP-0104,,,,published,,,,,,,,,,,,,,,,,,,,,,,,c730,MP0104-C730,0.00,,,,,,,,,,,,,,,,,,,,,,,
variant,MP-0104,,,,published,,,,,,,,,,,,,,,,,,,,,,,,c147,MP0104-C147,0.00,,,,,,,,,,,,,,,,,,,,,,,
image,MP-0104,,,,,,,,,,,,,,,,,,,,,,,,,,,,,,,,,"https://res.cloudinary.com/www-stanleystella-com/image/upload/c_lpad,w_1600,f_auto,q_auto/v1/TechnicalNames/PFD0_STSK181_C002.jpg?_i=AB",Mini Changer 2.0 in Black,1,,,,,,,,,,,,,,,,,,
image,MP-0104,,,,,,,,,,,,,,,,,,,,,,,,,,,,c727,,,,,"https://res.cloudinary.com/www-stanleystella-com/image/upload/c_lpad,w_1600,f_auto,q_auto/v1/TechnicalNames/PFD0_STSK181_C727.jpg?_i=AB",Mini Changer 2.0 in French Navy,2,,,,,,,,,,,,,,,,,,
image,MP-0104,,,,,,,,,,,,,,,,,,,,,,,,,,,,c250,,,,,"https://res.cloudinary.com/www-stanleystella-com/image/upload/c_lpad,w_1600,f_auto,q_auto/v1/TechnicalNames/PFD0_STSK181_C250.jpg?_i=AB",Mini Changer 2.0 in Heather Grey,3,,,,,,,,,,,,,,,,,,
image,MP-0104,,,,,,,,,,,,,,,,,,,,,,,,,,,,c054,,,,,"https://res.cloudinary.com/www-stanleystella-com/image/upload/c_lpad,w_1600,f_auto,q_auto/v1/TechnicalNames/PFD0_STSK181_C054.jpg?_i=AB",Mini Changer 2.0 in Natural Raw,4,,,,,,,,,,,,,,,,,,
image,MP-0104,,,,,,,,,,,,,,,,,,,,,,,,,,,,c101,,,,,"https://res.cloudinary.com/www-stanleystella-com/image/upload/c_lpad,w_1600,f_auto,q_auto/v1/TechnicalNames/PFD0_STSK181_C101.jpg?_i=AB",Mini Changer 2.0 in Fraiche Peche,5,,,,,,,,,,,,,,,,,,
image,MP-0104,,,,,,,,,,,,,,,,,,,,,,,,,,,,c005,,,,,"https://res.cloudinary.com/www-stanleystella-com/image/upload/c_lpad,w_1600,f_auto,q_auto/v1/TechnicalNames/PFD0_STSK181_C005.jpg?_i=AB",Mini Changer 2.0 in Cotton Pink,6,,,,,,,,,,,,,,,,,,
image,MP-0104,,,,,,,,,,,,,,,,,,,,,,,,,,,,c360,,,,,"https://res.cloudinary.com/www-stanleystella-com/image/upload/c_lpad,w_1600,f_auto,q_auto/v1/TechnicalNames/PBM0_STSK181_C360.jpg?_i=AB",Mini Changer 2.0 in Pink Joy,7,,,,,,,,,,,,,,,,,,
image,MP-0104,,,,,,,,,,,,,,,,,,,,,,,,,,,,c063,,,,,"https://res.cloudinary.com/www-stanleystella-com/image/upload/c_lpad,w_1600,f_auto,q_auto/v1/TechnicalNames/PFD0_STSK181_C063.jpg?_i=AB",Mini Changer 2.0 in Lavender,8,,,,,,,,,,,,,,,,,,
image,MP-0104,,,,,,,,,,,,,,,,,,,,,,,,,,,,c230,,,,,"https://res.cloudinary.com/www-stanleystella-com/image/upload/c_lpad,w_1600,f_auto,q_auto/v1/TechnicalNames/PFD0_STSK181_C230.jpg?_i=AB",Mini Changer 2.0 in Royal Blue,9,,,,,,,,,,,,,,,,,,
image,MP-0104,,,,,,,,,,,,,,,,,,,,,,,,,,,,c149,,,,,"https://res.cloudinary.com/www-stanleystella-com/image/upload/c_lpad,w_1600,f_auto,q_auto/v1/TechnicalNames/PFD0_STSK181_C149.jpg?_i=AB",Mini Changer 2.0 in Blue soul,10,,,,,,,,,,,,,,,,,,
image,MP-0104,,,,,,,,,,,,,,,,,,,,,,,,,,,,c053,,,,,"https://res.cloudinary.com/www-stanleystella-com/image/upload/c_lpad,w_1600,f_auto,q_auto/v1/TechnicalNames/PFD0_STSK181_C053.jpg?_i=AB",Mini Changer 2.0 in Bright Blue,11,,,,,,,,,,,,,,,,,,
image,MP-0104,,,,,,,,,,,,,,,,,,,,,,,,,,,,c702,,,,,"https://res.cloudinary.com/www-stanleystella-com/image/upload/c_lpad,w_1600,f_auto,q_auto/v1/TechnicalNames/PBM0_STSK181_C702.jpg?_i=AB",Mini Changer 2.0 in Stargazer,12,,,,,,,,,,,,,,,,,,
image,MP-0104,,,,,,,,,,,,,,,,,,,,,,,,,,,,c357,,,,,"https://res.cloudinary.com/www-stanleystella-com/image/upload/c_lpad,w_1600,f_auto,q_auto/v1/TechnicalNames/PBM0_STSK181_C357.jpg?_i=AB",Mini Changer 2.0 in Pool Blue,13,,,,,,,,,,,,,,,,,,
image,MP-0104,,,,,,,,,,,,,,,,,,,,,,,,,,,,c036,,,,,"https://res.cloudinary.com/www-stanleystella-com/image/upload/c_lpad,w_1600,f_auto,q_auto/v1/TechnicalNames/PFD0_STSK181_C036.jpg?_i=AB",Mini Changer 2.0 in Glazed Green,14,,,,,,,,,,,,,,,,,,
image,MP-0104,,,,,,,,,,,,,,,,,,,,,,,,,,,,c060,,,,,"https://res.cloudinary.com/www-stanleystella-com/image/upload/c_lpad,w_1600,f_auto,q_auto/v1/TechnicalNames/PFD0_STSK181_C060.jpg?_i=AB",Mini Changer 2.0 in Teal Monstera,15,,,,,,,,,,,,,,,,,,
image,MP-0104,,,,,,,,,,,,,,,,,,,,,,,,,,,,c223,,,,,"https://res.cloudinary.com/www-stanleystella-com/image/upload/c_lpad,w_1600,f_auto,q_auto/v1/TechnicalNames/PFD0_STSK181_C223.jpg?_i=AB",Mini Changer 2.0 in Khaki,16,,,,,,,,,,,,,,,,,,
image,MP-0104,,,,,,,,,,,,,,,,,,,,,,,,,,,,c356,,,,,"https://res.cloudinary.com/www-stanleystella-com/image/upload/c_lpad,w_1600,f_auto,q_auto/v1/TechnicalNames/PBM0_STSK181_C356.jpg?_i=AB",Mini Changer 2.0 in Viva Yellow,17,,,,,,,,,,,,,,,,,,
image,MP-0104,,,,,,,,,,,,,,,,,,,,,,,,,,,,c730,,,,,"https://res.cloudinary.com/www-stanleystella-com/image/upload/c_lpad,w_1600,f_auto,q_auto/v1/TechnicalNames/DFM0_STSK181_C730.jpg?_i=AB",Mini Changer 2.0 in Heritage Brown,18,,,,,,,,,,,,,,,,,,
image,MP-0104,,,,,,,,,,,,,,,,,,,,,,,,,,,,c147,,,,,"https://res.cloudinary.com/www-stanleystella-com/image/upload/c_lpad,w_1600,f_auto,q_auto/v1/TechnicalNames/PFD0_STSK181_C147.jpg?_i=AB",Mini Changer 2.0 in Eco-Heather,19,,,,,,,,,,,,,,,,,,
decoration,MP-0104,,,,,,,,,,,,,,,,,,,,,,,,,,,,,,,,,,,,embroidery,front,160,160,6,Vector or DST,Default maximum for the category — confirm per product.,,,,,,,,,,,
decoration,MP-0104,,,,,,,,,,,,,,,,,,,,,,,,,,,,,,,,,,,,embroidery,back,200,200,6,Vector or DST,Default maximum for the category — confirm per product.,,,,,,,,,,,
decoration,MP-0104,,,,,,,,,,,,,,,,,,,,,,,,,,,,,,,,,,,,embroidery,left_chest,90,90,6,Vector or DST,Default maximum for the category — confirm per product.,,,,,,,,,,,
decoration,MP-0104,,,,,,,,,,,,,,,,,,,,,,,,,,,,,,,,,,,,embroidery,sleeve,70,70,6,Vector or DST,Default maximum for the category — confirm per product.,,,,,,,,,,,
decoration,MP-0104,,,,,,,,,,,,,,,,,,,,,,,,,,,,,,,,,,,,screen,front,300,400,4,Vector,Default maximum for the category — confirm per product.,,,,,,,,,,,
decoration,MP-0104,,,,,,,,,,,,,,,,,,,,,,,,,,,,,,,,,,,,screen,back,320,420,4,Vector,Default maximum for the category — confirm per product.,,,,,,,,,,,
decoration,MP-0104,,,,,,,,,,,,,,,,,,,,,,,,,,,,,,,,,,,,screen,left_chest,100,100,4,Vector,Default maximum for the category — confirm per product.,,,,,,,,,,,
decoration,MP-0104,,,,,,,,,,,,,,,,,,,,,,,,,,,,,,,,,,,,screen,sleeve,80,300,4,Vector,Default maximum for the category — confirm per product.,,,,,,,,,,,
decoration,MP-0104,,,,,,,,,,,,,,,,,,,,,,,,,,,,,,,,,,,,dtf,front,300,400,4,Vector,Default maximum for the category — confirm per product.,,,,,,,,,,,
decoration,MP-0104,,,,,,,,,,,,,,,,,,,,,,,,,,,,,,,,,,,,dtf,back,320,420,4,Vector,Default maximum for the category — confirm per product.,,,,,,,,,,,
decoration,MP-0104,,,,,,,,,,,,,,,,,,,,,,,,,,,,,,,,,,,,dtf,left_chest,100,100,4,Vector,Default maximum for the category — confirm per product.,,,,,,,,,,,
decoration,MP-0104,,,,,,,,,,,,,,,,,,,,,,,,,,,,,,,,,,,,dtf,sleeve,80,300,4,Vector,Default maximum for the category — confirm per product.,,,,,,,,,,,
decoration,MP-0104,,,,,,,,,,,,,,,,,,,,,,,,,,,,,,,,,,,,dtg,front,300,400,4,Vector,Default maximum for the category — confirm per product.,,,,,,,,,,,
decoration,MP-0104,,,,,,,,,,,,,,,,,,,,,,,,,,,,,,,,,,,,dtg,back,320,420,4,Vector,Default maximum for the category — confirm per product.,,,,,,,,,,,
decoration,MP-0104,,,,,,,,,,,,,,,,,,,,,,,,,,,,,,,,,,,,dtg,left_chest,100,100,4,Vector,Default maximum for the category — confirm per product.,,,,,,,,,,,
decoration,MP-0104,,,,,,,,,,,,,,,,,,,,,,,,,,,,,,,,,,,,dtg,sleeve,80,300,4,Vector,Default maximum for the category — confirm per product.,,,,,,,,,,,
product,MP-0105,mini-cruiser-2-0,Mini Cruiser 2.0,Sweatshirts,published,25,EUR,43.67,40.51,37.48,35.06,33.92,18.50,3,5,c002|c001|c727|c250|c054|c143|c101|c005|c360|c244|c004|c063|c230|c149|c145|c053|c089|c702|c724|c357|c100|c036|c060|c223|c356|c078|c048|c730|c147|c253,3-4/98-104cm|5-6/110-116cm|7-8/122-128cm|9-11/134-146cm|12-13/152-158cm,embroidery|screen|dtf|dtg,front|back|left_chest|sleeve,yes,"Shell: Brushed, 100% Cotton - Organic Ring Spun Combed, Panel washed","Shell: Brushed, 100% Cotton - Organic Ring Spun Combed, Panel washed",300,,,,Stanley/Stella,STSK180,,,,,,,,,,,,,,,cost 18.50; worst-case decoration 5.86 at 100; market blank 18.65; ours 2.01x market,,,,,,,,,,,
variant,MP-0105,,,,published,,,,,,,,,,,,,,,,,,,,,,,,c002,MP0105-C002,0.00,,,,,,,,,,,,,,,,,,,,,,,
variant,MP-0105,,,,published,,,,,,,,,,,,,,,,,,,,,,,,c001,MP0105-C001,0.00,,,,,,,,,,,,,,,,,,,,,,,
variant,MP-0105,,,,published,,,,,,,,,,,,,,,,,,,,,,,,c727,MP0105-C727,0.00,,,,,,,,,,,,,,,,,,,,,,,
variant,MP-0105,,,,published,,,,,,,,,,,,,,,,,,,,,,,,c250,MP0105-C250,0.00,,,,,,,,,,,,,,,,,,,,,,,
variant,MP-0105,,,,published,,,,,,,,,,,,,,,,,,,,,,,,c054,MP0105-C054,0.00,,,,,,,,,,,,,,,,,,,,,,,
variant,MP-0105,,,,published,,,,,,,,,,,,,,,,,,,,,,,,c143,MP0105-C143,0.00,,,,,,,,,,,,,,,,,,,,,,,
variant,MP-0105,,,,published,,,,,,,,,,,,,,,,,,,,,,,,c101,MP0105-C101,0.00,,,,,,,,,,,,,,,,,,,,,,,
variant,MP-0105,,,,published,,,,,,,,,,,,,,,,,,,,,,,,c005,MP0105-C005,0.00,,,,,,,,,,,,,,,,,,,,,,,
variant,MP-0105,,,,published,,,,,,,,,,,,,,,,,,,,,,,,c360,MP0105-C360,0.00,,,,,,,,,,,,,,,,,,,,,,,
variant,MP-0105,,,,published,,,,,,,,,,,,,,,,,,,,,,,,c244,MP0105-C244,0.00,,,,,,,,,,,,,,,,,,,,,,,
variant,MP-0105,,,,published,,,,,,,,,,,,,,,,,,,,,,,,c004,MP0105-C004,0.00,,,,,,,,,,,,,,,,,,,,,,,
variant,MP-0105,,,,published,,,,,,,,,,,,,,,,,,,,,,,,c063,MP0105-C063,0.00,,,,,,,,,,,,,,,,,,,,,,,
variant,MP-0105,,,,published,,,,,,,,,,,,,,,,,,,,,,,,c230,MP0105-C230,0.00,,,,,,,,,,,,,,,,,,,,,,,
variant,MP-0105,,,,published,,,,,,,,,,,,,,,,,,,,,,,,c149,MP0105-C149,0.00,,,,,,,,,,,,,,,,,,,,,,,
variant,MP-0105,,,,published,,,,,,,,,,,,,,,,,,,,,,,,c145,MP0105-C145,0.00,,,,,,,,,,,,,,,,,,,,,,,
variant,MP-0105,,,,published,,,,,,,,,,,,,,,,,,,,,,,,c053,MP0105-C053,0.00,,,,,,,,,,,,,,,,,,,,,,,
variant,MP-0105,,,,published,,,,,,,,,,,,,,,,,,,,,,,,c089,MP0105-C089,0.00,,,,,,,,,,,,,,,,,,,,,,,
variant,MP-0105,,,,published,,,,,,,,,,,,,,,,,,,,,,,,c702,MP0105-C702,0.00,,,,,,,,,,,,,,,,,,,,,,,
variant,MP-0105,,,,published,,,,,,,,,,,,,,,,,,,,,,,,c724,MP0105-C724,0.00,,,,,,,,,,,,,,,,,,,,,,,
variant,MP-0105,,,,published,,,,,,,,,,,,,,,,,,,,,,,,c357,MP0105-C357,0.00,,,,,,,,,,,,,,,,,,,,,,,
variant,MP-0105,,,,published,,,,,,,,,,,,,,,,,,,,,,,,c100,MP0105-C100,0.00,,,,,,,,,,,,,,,,,,,,,,,
variant,MP-0105,,,,published,,,,,,,,,,,,,,,,,,,,,,,,c036,MP0105-C036,0.00,,,,,,,,,,,,,,,,,,,,,,,
variant,MP-0105,,,,published,,,,,,,,,,,,,,,,,,,,,,,,c060,MP0105-C060,0.00,,,,,,,,,,,,,,,,,,,,,,,
variant,MP-0105,,,,published,,,,,,,,,,,,,,,,,,,,,,,,c223,MP0105-C223,0.00,,,,,,,,,,,,,,,,,,,,,,,
variant,MP-0105,,,,published,,,,,,,,,,,,,,,,,,,,,,,,c356,MP0105-C356,0.00,,,,,,,,,,,,,,,,,,,,,,,
variant,MP-0105,,,,published,,,,,,,,,,,,,,,,,,,,,,,,c078,MP0105-C078,0.00,,,,,,,,,,,,,,,,,,,,,,,
variant,MP-0105,,,,published,,,,,,,,,,,,,,,,,,,,,,,,c048,MP0105-C048,0.00,,,,,,,,,,,,,,,,,,,,,,,
variant,MP-0105,,,,published,,,,,,,,,,,,,,,,,,,,,,,,c730,MP0105-C730,0.00,,,,,,,,,,,,,,,,,,,,,,,
variant,MP-0105,,,,published,,,,,,,,,,,,,,,,,,,,,,,,c147,MP0105-C147,0.00,,,,,,,,,,,,,,,,,,,,,,,
variant,MP-0105,,,,published,,,,,,,,,,,,,,,,,,,,,,,,c253,MP0105-C253,0.00,,,,,,,,,,,,,,,,,,,,,,,
image,MP-0105,,,,,,,,,,,,,,,,,,,,,,,,,,,,,,,,,"https://res.cloudinary.com/www-stanleystella-com/image/upload/c_lpad,w_1600,f_auto,q_auto/v1/TechnicalNames/PFD0_STSK180_C002.jpg?_i=AB",Mini Cruiser 2.0 in Black,1,,,,,,,,,,,,,,,,,,
image,MP-0105,,,,,,,,,,,,,,,,,,,,,,,,,,,,c001,,,,,"https://res.cloudinary.com/www-stanleystella-com/image/upload/c_lpad,w_1600,f_auto,q_auto/v1/TechnicalNames/PFD0_STSK180_C001.jpg?_i=AB",Mini Cruiser 2.0 in White,2,,,,,,,,,,,,,,,,,,
image,MP-0105,,,,,,,,,,,,,,,,,,,,,,,,,,,,c727,,,,,"https://res.cloudinary.com/www-stanleystella-com/image/upload/c_lpad,w_1600,f_auto,q_auto/v1/TechnicalNames/PFD0_STSK180_C727.jpg?_i=AB",Mini Cruiser 2.0 in French Navy,3,,,,,,,,,,,,,,,,,,
image,MP-0105,,,,,,,,,,,,,,,,,,,,,,,,,,,,c250,,,,,"https://res.cloudinary.com/www-stanleystella-com/image/upload/c_lpad,w_1600,f_auto,q_auto/v1/TechnicalNames/PFD0_STSK180_C250.jpg?_i=AB",Mini Cruiser 2.0 in Heather Grey,4,,,,,,,,,,,,,,,,,,
image,MP-0105,,,,,,,,,,,,,,,,,,,,,,,,,,,,c054,,,,,"https://res.cloudinary.com/www-stanleystella-com/image/upload/c_lpad,w_1600,f_auto,q_auto/v1/TechnicalNames/PFD0_STSK180_C054.jpg?_i=AB",Mini Cruiser 2.0 in Natural Raw,5,,,,,,,,,,,,,,,,,,
image,MP-0105,,,,,,,,,,,,,,,,,,,,,,,,,,,,c143,,,,,"https://res.cloudinary.com/www-stanleystella-com/image/upload/c_lpad,w_1600,f_auto,q_auto/v1/TechnicalNames/PFD0_STSK180_C143.jpg?_i=AB",Mini Cruiser 2.0 in Fiesta,6,,,,,,,,,,,,,,,,,,
image,MP-0105,,,,,,,,,,,,,,,,,,,,,,,,,,,,c101,,,,,"https://res.cloudinary.com/www-stanleystella-com/image/upload/c_lpad,w_1600,f_auto,q_auto/v1/TechnicalNames/PFD0_STSK180_C101.jpg?_i=AB",Mini Cruiser 2.0 in Fraiche Peche,7,,,,,,,,,,,,,,,,,,
image,MP-0105,,,,,,,,,,,,,,,,,,,,,,,,,,,,c005,,,,,"https://res.cloudinary.com/www-stanleystella-com/image/upload/c_lpad,w_1600,f_auto,q_auto/v1/TechnicalNames/PFD0_STSK180_C005.jpg?_i=AB",Mini Cruiser 2.0 in Cotton Pink,8,,,,,,,,,,,,,,,,,,
image,MP-0105,,,,,,,,,,,,,,,,,,,,,,,,,,,,c360,,,,,"https://res.cloudinary.com/www-stanleystella-com/image/upload/c_lpad,w_1600,f_auto,q_auto/v1/TechnicalNames/PBM0_STSK180_C360.jpg?_i=AB",Mini Cruiser 2.0 in Pink Joy,9,,,,,,,,,,,,,,,,,,
image,MP-0105,,,,,,,,,,,,,,,,,,,,,,,,,,,,c244,,,,,"https://res.cloudinary.com/www-stanleystella-com/image/upload/c_lpad,w_1600,f_auto,q_auto/v1/TechnicalNames/PFD0_STSK180_C244.jpg?_i=AB",Mini Cruiser 2.0 in Burgundy,10,,,,,,,,,,,,,,,,,,
image,MP-0105,,,,,,,,,,,,,,,,,,,,,,,,,,,,c004,,,,,"https://res.cloudinary.com/www-stanleystella-com/image/upload/c_lpad,w_1600,f_auto,q_auto/v1/TechnicalNames/PFD0_STSK180_C004.jpg?_i=AB",Mini Cruiser 2.0 in Red,11,,,,,,,,,,,,,,,,,,
image,MP-0105,,,,,,,,,,,,,,,,,,,,,,,,,,,,c063,,,,,"https://res.cloudinary.com/www-stanleystella-com/image/upload/c_lpad,w_1600,f_auto,q_auto/v1/TechnicalNames/PFD0_STSK180_C063.jpg?_i=AB",Mini Cruiser 2.0 in Lavender,12,,,,,,,,,,,,,,,,,,
image,MP-0105,,,,,,,,,,,,,,,,,,,,,,,,,,,,c230,,,,,"https://res.cloudinary.com/www-stanleystella-com/image/upload/c_lpad,w_1600,f_auto,q_auto/v1/TechnicalNames/PFD0_STSK180_C230.jpg?_i=AB",Mini Cruiser 2.0 in Royal Blue,13,,,,,,,,,,,,,,,,,,
image,MP-0105,,,,,,,,,,,,,,,,,,,,,,,,,,,,c149,,,,,"https://res.cloudinary.com/www-stanleystella-com/image/upload/c_lpad,w_1600,f_auto,q_auto/v1/TechnicalNames/PFD0_STSK180_C149.jpg?_i=AB",Mini Cruiser 2.0 in Blue soul,14,,,,,,,,,,,,,,,,,,
image,MP-0105,,,,,,,,,,,,,,,,,,,,,,,,,,,,c145,,,,,"https://res.cloudinary.com/www-stanleystella-com/image/upload/c_lpad,w_1600,f_auto,q_auto/v1/TechnicalNames/PFD0_STSK180_C145.jpg?_i=AB",Mini Cruiser 2.0 in Aqua Blue,15,,,,,,,,,,,,,,,,,,
image,MP-0105,,,,,,,,,,,,,,,,,,,,,,,,,,,,c053,,,,,"https://res.cloudinary.com/www-stanleystella-com/image/upload/c_lpad,w_1600,f_auto,q_auto/v1/TechnicalNames/PFD0_STSK180_C053.jpg?_i=AB",Mini Cruiser 2.0 in Bright Blue,16,,,,,,,,,,,,,,,,,,
image,MP-0105,,,,,,,,,,,,,,,,,,,,,,,,,,,,c089,,,,,"https://res.cloudinary.com/www-stanleystella-com/image/upload/c_lpad,w_1600,f_auto,q_auto/v1/TechnicalNames/PFD0_STSK180_C089.jpg?_i=AB",Mini Cruiser 2.0 in Aloe,17,,,,,,,,,,,,,,,,,,
image,MP-0105,,,,,,,,,,,,,,,,,,,,,,,,,,,,c702,,,,,"https://res.cloudinary.com/www-stanleystella-com/image/upload/c_lpad,w_1600,f_auto,q_auto/v1/TechnicalNames/SFM0_STSK180_C702.jpg?_i=AB",Mini Cruiser 2.0 in Stargazer,18,,,,,,,,,,,,,,,,,,
image,MP-0105,,,,,,,,,,,,,,,,,,,,,,,,,,,,c724,,,,,"https://res.cloudinary.com/www-stanleystella-com/image/upload/c_lpad,w_1600,f_auto,q_auto/v1/TechnicalNames/PFD0_STSK180_C724.jpg?_i=AB",Mini Cruiser 2.0 in Caribbean Blue,19,,,,,,,,,,,,,,,,,,
image,MP-0105,,,,,,,,,,,,,,,,,,,,,,,,,,,,c357,,,,,"https://res.cloudinary.com/www-stanleystella-com/image/upload/c_lpad,w_1600,f_auto,q_auto/v1/TechnicalNames/PBM0_STSK180_C357.jpg?_i=AB",Mini Cruiser 2.0 in Pool Blue,20,,,,,,,,,,,,,,,,,,
image,MP-0105,,,,,,,,,,,,,,,,,,,,,,,,,,,,c100,,,,,"https://res.cloudinary.com/www-stanleystella-com/image/upload/c_lpad,w_1600,f_auto,q_auto/v1/TechnicalNames/PFD0_STSK180_C100.jpg?_i=AB",Mini Cruiser 2.0 in Go Green,21,,,,,,,,,,,,,,,,,,
image,MP-0105,,,,,,,,,,,,,,,,,,,,,,,,,,,,c036,,,,,"https://res.cloudinary.com/www-stanleystella-com/image/upload/c_lpad,w_1600,f_auto,q_auto/v1/TechnicalNames/PFD0_STSK180_C036.jpg?_i=AB",Mini Cruiser 2.0 in Glazed Green,22,,,,,,,,,,,,,,,,,,
image,MP-0105,,,,,,,,,,,,,,,,,,,,,,,,,,,,c060,,,,,"https://res.cloudinary.com/www-stanleystella-com/image/upload/c_lpad,w_1600,f_auto,q_auto/v1/TechnicalNames/PFD0_STSK180_C060.jpg?_i=AB",Mini Cruiser 2.0 in Teal Monstera,23,,,,,,,,,,,,,,,,,,
image,MP-0105,,,,,,,,,,,,,,,,,,,,,,,,,,,,c223,,,,,"https://res.cloudinary.com/www-stanleystella-com/image/upload/c_lpad,w_1600,f_auto,q_auto/v1/TechnicalNames/PFD0_STSK180_C223.jpg?_i=AB",Mini Cruiser 2.0 in Khaki,24,,,,,,,,,,,,,,,,,,
image,MP-0105,,,,,,,,,,,,,,,,,,,,,,,,,,,,c356,,,,,"https://res.cloudinary.com/www-stanleystella-com/image/upload/c_lpad,w_1600,f_auto,q_auto/v1/TechnicalNames/PBM0_STSK180_C356.jpg?_i=AB",Mini Cruiser 2.0 in Viva Yellow,25,,,,,,,,,,,,,,,,,,
image,MP-0105,,,,,,,,,,,,,,,,,,,,,,,,,,,,c078,,,,,"https://res.cloudinary.com/www-stanleystella-com/image/upload/c_lpad,w_1600,f_auto,q_auto/v1/TechnicalNames/PFD0_STSK180_C078.jpg?_i=AB",Mini Cruiser 2.0 in Butter,26,,,,,,,,,,,,,,,,,,
image,MP-0105,,,,,,,,,,,,,,,,,,,,,,,,,,,,c048,,,,,"https://res.cloudinary.com/www-stanleystella-com/image/upload/c_lpad,w_1600,f_auto,q_auto/v1/TechnicalNames/PFD0_STSK180_C048.jpg?_i=AB",Mini Cruiser 2.0 in Ochre,27,,,,,,,,,,,,,,,,,,
image,MP-0105,,,,,,,,,,,,,,,,,,,,,,,,,,,,c730,,,,,"https://res.cloudinary.com/www-stanleystella-com/image/upload/c_lpad,w_1600,f_auto,q_auto/v1/TechnicalNames/PBM0_STSK180_C730.jpg?_i=AB",Mini Cruiser 2.0 in Heritage Brown,28,,,,,,,,,,,,,,,,,,
image,MP-0105,,,,,,,,,,,,,,,,,,,,,,,,,,,,c147,,,,,"https://res.cloudinary.com/www-stanleystella-com/image/upload/c_lpad,w_1600,f_auto,q_auto/v1/TechnicalNames/PFD0_STSK180_C147.jpg?_i=AB",Mini Cruiser 2.0 in Eco-Heather,29,,,,,,,,,,,,,,,,,,
image,MP-0105,,,,,,,,,,,,,,,,,,,,,,,,,,,,c253,,,,,"https://res.cloudinary.com/www-stanleystella-com/image/upload/c_lpad,w_1600,f_auto,q_auto/v1/TechnicalNames/PFD0_STSK180_C253.jpg?_i=AB",Mini Cruiser 2.0 in Anthracite,30,,,,,,,,,,,,,,,,,,
decoration,MP-0105,,,,,,,,,,,,,,,,,,,,,,,,,,,,,,,,,,,,embroidery,front,160,160,6,Vector or DST,Default maximum for the category — confirm per product.,,,,,,,,,,,
decoration,MP-0105,,,,,,,,,,,,,,,,,,,,,,,,,,,,,,,,,,,,embroidery,back,200,200,6,Vector or DST,Default maximum for the category — confirm per product.,,,,,,,,,,,
decoration,MP-0105,,,,,,,,,,,,,,,,,,,,,,,,,,,,,,,,,,,,embroidery,left_chest,90,90,6,Vector or DST,Default maximum for the category — confirm per product.,,,,,,,,,,,
decoration,MP-0105,,,,,,,,,,,,,,,,,,,,,,,,,,,,,,,,,,,,embroidery,sleeve,70,70,6,Vector or DST,Default maximum for the category — confirm per product.,,,,,,,,,,,
decoration,MP-0105,,,,,,,,,,,,,,,,,,,,,,,,,,,,,,,,,,,,screen,front,300,400,4,Vector,Default maximum for the category — confirm per product.,,,,,,,,,,,
decoration,MP-0105,,,,,,,,,,,,,,,,,,,,,,,,,,,,,,,,,,,,screen,back,320,420,4,Vector,Default maximum for the category — confirm per product.,,,,,,,,,,,
decoration,MP-0105,,,,,,,,,,,,,,,,,,,,,,,,,,,,,,,,,,,,screen,left_chest,100,100,4,Vector,Default maximum for the category — confirm per product.,,,,,,,,,,,
decoration,MP-0105,,,,,,,,,,,,,,,,,,,,,,,,,,,,,,,,,,,,screen,sleeve,80,300,4,Vector,Default maximum for the category — confirm per product.,,,,,,,,,,,
decoration,MP-0105,,,,,,,,,,,,,,,,,,,,,,,,,,,,,,,,,,,,dtf,front,300,400,4,Vector,Default maximum for the category — confirm per product.,,,,,,,,,,,
decoration,MP-0105,,,,,,,,,,,,,,,,,,,,,,,,,,,,,,,,,,,,dtf,back,320,420,4,Vector,Default maximum for the category — confirm per product.,,,,,,,,,,,
decoration,MP-0105,,,,,,,,,,,,,,,,,,,,,,,,,,,,,,,,,,,,dtf,left_chest,100,100,4,Vector,Default maximum for the category — confirm per product.,,,,,,,,,,,
decoration,MP-0105,,,,,,,,,,,,,,,,,,,,,,,,,,,,,,,,,,,,dtf,sleeve,80,300,4,Vector,Default maximum for the category — confirm per product.,,,,,,,,,,,
decoration,MP-0105,,,,,,,,,,,,,,,,,,,,,,,,,,,,,,,,,,,,dtg,front,300,400,4,Vector,Default maximum for the category — confirm per product.,,,,,,,,,,,
decoration,MP-0105,,,,,,,,,,,,,,,,,,,,,,,,,,,,,,,,,,,,dtg,back,320,420,4,Vector,Default maximum for the category — confirm per product.,,,,,,,,,,,
decoration,MP-0105,,,,,,,,,,,,,,,,,,,,,,,,,,,,,,,,,,,,dtg,left_chest,100,100,4,Vector,Default maximum for the category — confirm per product.,,,,,,,,,,,
decoration,MP-0105,,,,,,,,,,,,,,,,,,,,,,,,,,,,,,,,,,,,dtg,sleeve,80,300,4,Vector,Default maximum for the category — confirm per product.,,,,,,,,,,,
product,MP-0106,mini-cultivator-2-0,Mini Cultivator 2.0,Sweatshirts,published,25,EUR,46.21,43.05,40.02,37.60,36.46,20.15,3,5,c002|c727|c250|c054|c101|c004|c149|c036|c060,3-4/98-104cm|5-6/110-116cm|7-8/122-128cm|9-11/134-146cm|12-13/152-158cm,embroidery|screen|dtf|dtg,front|back|left_chest|sleeve,yes,"Shell: Brushed, 100% Cotton - Organic Ring Spun Combed, Panel washed","Shell: Brushed, 100% Cotton - Organic Ring Spun Combed, Panel washed",300,,,,Stanley/Stella,STSK182,,,,,,,,,,,,,,,cost 20.15; worst-case decoration 5.86 at 100; market blank 22.55; ours 1.77x market,,,,,,,,,,,
variant,MP-0106,,,,published,,,,,,,,,,,,,,,,,,,,,,,,c002,MP0106-C002,0.00,,,,,,,,,,,,,,,,,,,,,,,
variant,MP-0106,,,,published,,,,,,,,,,,,,,,,,,,,,,,,c727,MP0106-C727,0.00,,,,,,,,,,,,,,,,,,,,,,,
variant,MP-0106,,,,published,,,,,,,,,,,,,,,,,,,,,,,,c250,MP0106-C250,0.00,,,,,,,,,,,,,,,,,,,,,,,
variant,MP-0106,,,,published,,,,,,,,,,,,,,,,,,,,,,,,c054,MP0106-C054,0.00,,,,,,,,,,,,,,,,,,,,,,,
variant,MP-0106,,,,published,,,,,,,,,,,,,,,,,,,,,,,,c101,MP0106-C101,0.00,,,,,,,,,,,,,,,,,,,,,,,
variant,MP-0106,,,,published,,,,,,,,,,,,,,,,,,,,,,,,c004,MP0106-C004,0.00,,,,,,,,,,,,,,,,,,,,,,,
variant,MP-0106,,,,published,,,,,,,,,,,,,,,,,,,,,,,,c149,MP0106-C149,0.00,,,,,,,,,,,,,,,,,,,,,,,
variant,MP-0106,,,,published,,,,,,,,,,,,,,,,,,,,,,,,c036,MP0106-C036,0.00,,,,,,,,,,,,,,,,,,,,,,,
variant,MP-0106,,,,published,,,,,,,,,,,,,,,,,,,,,,,,c060,MP0106-C060,0.00,,,,,,,,,,,,,,,,,,,,,,,
image,MP-0106,,,,,,,,,,,,,,,,,,,,,,,,,,,,,,,,,"https://res.cloudinary.com/www-stanleystella-com/image/upload/c_lpad,w_1600,f_auto,q_auto/v1/TechnicalNames/PFD0_STSK182_C002.jpg?_i=AB",Mini Cultivator 2.0 in Black,1,,,,,,,,,,,,,,,,,,
image,MP-0106,,,,,,,,,,,,,,,,,,,,,,,,,,,,c727,,,,,"https://res.cloudinary.com/www-stanleystella-com/image/upload/c_lpad,w_1600,f_auto,q_auto/v1/TechnicalNames/PFD0_STSK182_C727.jpg?_i=AB",Mini Cultivator 2.0 in French Navy,2,,,,,,,,,,,,,,,,,,
image,MP-0106,,,,,,,,,,,,,,,,,,,,,,,,,,,,c250,,,,,"https://res.cloudinary.com/www-stanleystella-com/image/upload/c_lpad,w_1600,f_auto,q_auto/v1/TechnicalNames/PFD0_STSK182_C250.jpg?_i=AB",Mini Cultivator 2.0 in Heather Grey,3,,,,,,,,,,,,,,,,,,
image,MP-0106,,,,,,,,,,,,,,,,,,,,,,,,,,,,c054,,,,,"https://res.cloudinary.com/www-stanleystella-com/image/upload/c_lpad,w_1600,f_auto,q_auto/v1/TechnicalNames/SFM0_STSK182_C054.jpg?_i=AB",Mini Cultivator 2.0 in Natural Raw,4,,,,,,,,,,,,,,,,,,
image,MP-0106,,,,,,,,,,,,,,,,,,,,,,,,,,,,c101,,,,,"https://res.cloudinary.com/www-stanleystella-com/image/upload/c_lpad,w_1600,f_auto,q_auto/v1/TechnicalNames/PFD0_STSK182_C101.jpg?_i=AB",Mini Cultivator 2.0 in Fraiche Peche,5,,,,,,,,,,,,,,,,,,
image,MP-0106,,,,,,,,,,,,,,,,,,,,,,,,,,,,c004,,,,,"https://res.cloudinary.com/www-stanleystella-com/image/upload/c_lpad,w_1600,f_auto,q_auto/v1/TechnicalNames/PFD0_STSK182_C004.jpg?_i=AB",Mini Cultivator 2.0 in Red,6,,,,,,,,,,,,,,,,,,
image,MP-0106,,,,,,,,,,,,,,,,,,,,,,,,,,,,c149,,,,,"https://res.cloudinary.com/www-stanleystella-com/image/upload/c_lpad,w_1600,f_auto,q_auto/v1/TechnicalNames/PFD0_STSK182_C149.jpg?_i=AB",Mini Cultivator 2.0 in Blue soul,7,,,,,,,,,,,,,,,,,,
image,MP-0106,,,,,,,,,,,,,,,,,,,,,,,,,,,,c036,,,,,"https://res.cloudinary.com/www-stanleystella-com/image/upload/c_lpad,w_1600,f_auto,q_auto/v1/TechnicalNames/SBM5_STSK182_C036.jpg?_i=AB",Mini Cultivator 2.0 in Glazed Green,8,,,,,,,,,,,,,,,,,,
image,MP-0106,,,,,,,,,,,,,,,,,,,,,,,,,,,,c060,,,,,"https://res.cloudinary.com/www-stanleystella-com/image/upload/c_lpad,w_1600,f_auto,q_auto/v1/TechnicalNames/PFD0_STSK182_C060.jpg?_i=AB",Mini Cultivator 2.0 in Teal Monstera,9,,,,,,,,,,,,,,,,,,
decoration,MP-0106,,,,,,,,,,,,,,,,,,,,,,,,,,,,,,,,,,,,embroidery,front,160,160,6,Vector or DST,Default maximum for the category — confirm per product.,,,,,,,,,,,
decoration,MP-0106,,,,,,,,,,,,,,,,,,,,,,,,,,,,,,,,,,,,embroidery,back,200,200,6,Vector or DST,Default maximum for the category — confirm per product.,,,,,,,,,,,
decoration,MP-0106,,,,,,,,,,,,,,,,,,,,,,,,,,,,,,,,,,,,embroidery,left_chest,90,90,6,Vector or DST,Default maximum for the category — confirm per product.,,,,,,,,,,,
decoration,MP-0106,,,,,,,,,,,,,,,,,,,,,,,,,,,,,,,,,,,,embroidery,sleeve,70,70,6,Vector or DST,Default maximum for the category — confirm per product.,,,,,,,,,,,
decoration,MP-0106,,,,,,,,,,,,,,,,,,,,,,,,,,,,,,,,,,,,screen,front,300,400,4,Vector,Default maximum for the category — confirm per product.,,,,,,,,,,,
decoration,MP-0106,,,,,,,,,,,,,,,,,,,,,,,,,,,,,,,,,,,,screen,back,320,420,4,Vector,Default maximum for the category — confirm per product.,,,,,,,,,,,
decoration,MP-0106,,,,,,,,,,,,,,,,,,,,,,,,,,,,,,,,,,,,screen,left_chest,100,100,4,Vector,Default maximum for the category — confirm per product.,,,,,,,,,,,
decoration,MP-0106,,,,,,,,,,,,,,,,,,,,,,,,,,,,,,,,,,,,screen,sleeve,80,300,4,Vector,Default maximum for the category — confirm per product.,,,,,,,,,,,
decoration,MP-0106,,,,,,,,,,,,,,,,,,,,,,,,,,,,,,,,,,,,dtf,front,300,400,4,Vector,Default maximum for the category — confirm per product.,,,,,,,,,,,
decoration,MP-0106,,,,,,,,,,,,,,,,,,,,,,,,,,,,,,,,,,,,dtf,back,320,420,4,Vector,Default maximum for the category — confirm per product.,,,,,,,,,,,
decoration,MP-0106,,,,,,,,,,,,,,,,,,,,,,,,,,,,,,,,,,,,dtf,left_chest,100,100,4,Vector,Default maximum for the category — confirm per product.,,,,,,,,,,,
decoration,MP-0106,,,,,,,,,,,,,,,,,,,,,,,,,,,,,,,,,,,,dtf,sleeve,80,300,4,Vector,Default maximum for the category — confirm per product.,,,,,,,,,,,
decoration,MP-0106,,,,,,,,,,,,,,,,,,,,,,,,,,,,,,,,,,,,dtg,front,300,400,4,Vector,Default maximum for the category — confirm per product.,,,,,,,,,,,
decoration,MP-0106,,,,,,,,,,,,,,,,,,,,,,,,,,,,,,,,,,,,dtg,back,320,420,4,Vector,Default maximum for the category — confirm per product.,,,,,,,,,,,
decoration,MP-0106,,,,,,,,,,,,,,,,,,,,,,,,,,,,,,,,,,,,dtg,left_chest,100,100,4,Vector,Default maximum for the category — confirm per product.,,,,,,,,,,,
decoration,MP-0106,,,,,,,,,,,,,,,,,,,,,,,,,,,,,,,,,,,,dtg,sleeve,80,300,4,Vector,Default maximum for the category — confirm per product.,,,,,,,,,,,
product,MP-0107,mixer,Mixer,Sweatshirts,published,25,EUR,56.59,53.43,50.40,47.99,46.84,26.90,3,5,c002|c001|c727|c250|c005|c244|c004|c230|c232|c137|c224|c223|c504|c253,XXS|XS|S|M|L|XL|XXL|3XL|4XL|5XL,embroidery|screen|dtf|dtg,front|back|left_chest|sleeve,yes,"Shell: Brushed, 85% Cotton - Organic Ring Spun Combed,15% Polyester - Recycled, Fabric washed","Shell: Brushed, 85% Cotton - Organic Ring Spun Combed,15% Polyester - Recycled, Fabric washed",280,,,,Stanley/Stella,STSU205,,,,,,,,,,,,,,,cost 26.90; worst-case decoration 5.86 at 100; market blank 25.80; ours 1.95x market,,,,,,,,,,,
variant,MP-0107,,,,published,,,,,,,,,,,,,,,,,,,,,,,,c002,MP0107-C002,0.00,,,,,,,,,,,,,,,,,,,,,,,
variant,MP-0107,,,,published,,,,,,,,,,,,,,,,,,,,,,,,c001,MP0107-C001,0.00,,,,,,,,,,,,,,,,,,,,,,,
variant,MP-0107,,,,published,,,,,,,,,,,,,,,,,,,,,,,,c727,MP0107-C727,0.00,,,,,,,,,,,,,,,,,,,,,,,
variant,MP-0107,,,,published,,,,,,,,,,,,,,,,,,,,,,,,c250,MP0107-C250,0.00,,,,,,,,,,,,,,,,,,,,,,,
variant,MP-0107,,,,published,,,,,,,,,,,,,,,,,,,,,,,,c005,MP0107-C005,0.00,,,,,,,,,,,,,,,,,,,,,,,
variant,MP-0107,,,,published,,,,,,,,,,,,,,,,,,,,,,,,c244,MP0107-C244,0.00,,,,,,,,,,,,,,,,,,,,,,,
variant,MP-0107,,,,published,,,,,,,,,,,,,,,,,,,,,,,,c004,MP0107-C004,0.00,,,,,,,,,,,,,,,,,,,,,,,
variant,MP-0107,,,,published,,,,,,,,,,,,,,,,,,,,,,,,c230,MP0107-C230,0.00,,,,,,,,,,,,,,,,,,,,,,,
variant,MP-0107,,,,published,,,,,,,,,,,,,,,,,,,,,,,,c232,MP0107-C232,0.00,,,,,,,,,,,,,,,,,,,,,,,
variant,MP-0107,,,,published,,,,,,,,,,,,,,,,,,,,,,,,c137,MP0107-C137,0.00,,,,,,,,,,,,,,,,,,,,,,,
variant,MP-0107,,,,published,,,,,,,,,,,,,,,,,,,,,,,,c224,MP0107-C224,0.00,,,,,,,,,,,,,,,,,,,,,,,
variant,MP-0107,,,,published,,,,,,,,,,,,,,,,,,,,,,,,c223,MP0107-C223,0.00,,,,,,,,,,,,,,,,,,,,,,,
variant,MP-0107,,,,published,,,,,,,,,,,,,,,,,,,,,,,,c504,MP0107-C504,0.00,,,,,,,,,,,,,,,,,,,,,,,
variant,MP-0107,,,,published,,,,,,,,,,,,,,,,,,,,,,,,c253,MP0107-C253,0.00,,,,,,,,,,,,,,,,,,,,,,,
image,MP-0107,,,,,,,,,,,,,,,,,,,,,,,,,,,,,,,,,"https://res.cloudinary.com/www-stanleystella-com/image/upload/c_lpad,w_1600,f_auto,q_auto/v1/TechnicalNames/SFC5_STSU205_C002.jpg?_i=AB",Mixer in Black,1,,,,,,,,,,,,,,,,,,
image,MP-0107,,,,,,,,,,,,,,,,,,,,,,,,,,,,c001,,,,,"https://res.cloudinary.com/www-stanleystella-com/image/upload/c_lpad,w_1600,f_auto,q_auto/v1/TechnicalNames/SFC6_STSU205_C001.jpg?_i=AB",Mixer in White,2,,,,,,,,,,,,,,,,,,
image,MP-0107,,,,,,,,,,,,,,,,,,,,,,,,,,,,c727,,,,,"https://res.cloudinary.com/www-stanleystella-com/image/upload/c_lpad,w_1600,f_auto,q_auto/v1/TechnicalNames/SFC5_STSU205_C727.jpg?_i=AB",Mixer in French Navy,3,,,,,,,,,,,,,,,,,,
image,MP-0107,,,,,,,,,,,,,,,,,,,,,,,,,,,,c250,,,,,"https://res.cloudinary.com/www-stanleystella-com/image/upload/c_lpad,w_1600,f_auto,q_auto/v1/TechnicalNames/SFC5_STSU205_C250.jpg?_i=AB",Mixer in Heather Grey,4,,,,,,,,,,,,,,,,,,
image,MP-0107,,,,,,,,,,,,,,,,,,,,,,,,,,,,c005,,,,,"https://res.cloudinary.com/www-stanleystella-com/image/upload/c_lpad,w_1600,f_auto,q_auto/v1/TechnicalNames/SBM0_STSU205_C005.jpg?_i=AB",Mixer in Cotton Pink,5,,,,,,,,,,,,,,,,,,
image,MP-0107,,,,,,,,,,,,,,,,,,,,,,,,,,,,c244,,,,,"https://res.cloudinary.com/www-stanleystella-com/image/upload/c_lpad,w_1600,f_auto,q_auto/v1/TechnicalNames/SFC0_STSU205_C244.jpg?_i=AB",Mixer in Burgundy,6,,,,,,,,,,,,,,,,,,
image,MP-0107,,,,,,,,,,,,,,,,,,,,,,,,,,,,c004,,,,,"https://res.cloudinary.com/www-stanleystella-com/image/upload/c_lpad,w_1600,f_auto,q_auto/v1/TechnicalNames/SFC5_STSU205_C004.jpg?_i=AB",Mixer in Red,7,,,,,,,,,,,,,,,,,,
image,MP-0107,,,,,,,,,,,,,,,,,,,,,,,,,,,,c230,,,,,"https://res.cloudinary.com/www-stanleystella-com/image/upload/c_lpad,w_1600,f_auto,q_auto/v1/TechnicalNames/SBM0_STSU205_C230.jpg?_i=AB",Mixer in Royal Blue,8,,,,,,,,,,,,,,,,,,
image,MP-0107,,,,,,,,,,,,,,,,,,,,,,,,,,,,c232,,,,,"https://res.cloudinary.com/www-stanleystella-com/image/upload/c_lpad,w_1600,f_auto,q_auto/v1/TechnicalNames/SBM0_STSU205_C232.jpg?_i=AB",Mixer in Sky blue,9,,,,,,,,,,,,,,,,,,
image,MP-0107,,,,,,,,,,,,,,,,,,,,,,,,,,,,c137,,,,,"https://res.cloudinary.com/www-stanleystella-com/image/upload/c_lpad,w_1600,f_auto,q_auto/v1/TechnicalNames/SFM1_STSU205_C137.jpg?_i=AB",Mixer in Verdant Green,10,,,,,,,,,,,,,,,,,,
image,MP-0107,,,,,,,,,,,,,,,,,,,,,,,,,,,,c224,,,,,"https://res.cloudinary.com/www-stanleystella-com/image/upload/c_lpad,w_1600,f_auto,q_auto/v1/TechnicalNames/SBM0_STSU205_C224.jpg?_i=AB",Mixer in Bottle Green,11,,,,,,,,,,,,,,,,,,
image,MP-0107,,,,,,,,,,,,,,,,,,,,,,,,,,,,c223,,,,,"https://res.cloudinary.com/www-stanleystella-com/image/upload/c_lpad,w_1600,f_auto,q_auto/v1/TechnicalNames/SBC0_STSU205_C223.jpg?_i=AB",Mixer in Khaki,12,,,,,,,,,,,,,,,,,,
image,MP-0107,,,,,,,,,,,,,,,,,,,,,,,,,,,,c504,,,,,"https://res.cloudinary.com/www-stanleystella-com/image/upload/c_lpad,w_1600,f_auto,q_auto/v1/TechnicalNames/SFM0_STSU205_C504.jpg?_i=AB",Mixer in Vintage White,13,,,,,,,,,,,,,,,,,,
image,MP-0107,,,,,,,,,,,,,,,,,,,,,,,,,,,,c253,,,,,"https://res.cloudinary.com/www-stanleystella-com/image/upload/c_lpad,w_1600,f_auto,q_auto/v1/TechnicalNames/SFC5_STSU205_C253.jpg?_i=AB",Mixer in Anthracite,14,,,,,,,,,,,,,,,,,,
decoration,MP-0107,,,,,,,,,,,,,,,,,,,,,,,,,,,,,,,,,,,,embroidery,front,160,160,6,Vector or DST,Default maximum for the category — confirm per product.,,,,,,,,,,,
decoration,MP-0107,,,,,,,,,,,,,,,,,,,,,,,,,,,,,,,,,,,,embroidery,back,200,200,6,Vector or DST,Default maximum for the category — confirm per product.,,,,,,,,,,,
decoration,MP-0107,,,,,,,,,,,,,,,,,,,,,,,,,,,,,,,,,,,,embroidery,left_chest,90,90,6,Vector or DST,Default maximum for the category — confirm per product.,,,,,,,,,,,
decoration,MP-0107,,,,,,,,,,,,,,,,,,,,,,,,,,,,,,,,,,,,embroidery,sleeve,70,70,6,Vector or DST,Default maximum for the category — confirm per product.,,,,,,,,,,,
decoration,MP-0107,,,,,,,,,,,,,,,,,,,,,,,,,,,,,,,,,,,,screen,front,300,400,4,Vector,Default maximum for the category — confirm per product.,,,,,,,,,,,
decoration,MP-0107,,,,,,,,,,,,,,,,,,,,,,,,,,,,,,,,,,,,screen,back,320,420,4,Vector,Default maximum for the category — confirm per product.,,,,,,,,,,,
decoration,MP-0107,,,,,,,,,,,,,,,,,,,,,,,,,,,,,,,,,,,,screen,left_chest,100,100,4,Vector,Default maximum for the category — confirm per product.,,,,,,,,,,,
decoration,MP-0107,,,,,,,,,,,,,,,,,,,,,,,,,,,,,,,,,,,,screen,sleeve,80,300,4,Vector,Default maximum for the category — confirm per product.,,,,,,,,,,,
decoration,MP-0107,,,,,,,,,,,,,,,,,,,,,,,,,,,,,,,,,,,,dtf,front,300,400,4,Vector,Default maximum for the category — confirm per product.,,,,,,,,,,,
decoration,MP-0107,,,,,,,,,,,,,,,,,,,,,,,,,,,,,,,,,,,,dtf,back,320,420,4,Vector,Default maximum for the category — confirm per product.,,,,,,,,,,,
decoration,MP-0107,,,,,,,,,,,,,,,,,,,,,,,,,,,,,,,,,,,,dtf,left_chest,100,100,4,Vector,Default maximum for the category — confirm per product.,,,,,,,,,,,
decoration,MP-0107,,,,,,,,,,,,,,,,,,,,,,,,,,,,,,,,,,,,dtf,sleeve,80,300,4,Vector,Default maximum for the category — confirm per product.,,,,,,,,,,,
decoration,MP-0107,,,,,,,,,,,,,,,,,,,,,,,,,,,,,,,,,,,,dtg,front,300,400,4,Vector,Default maximum for the category — confirm per product.,,,,,,,,,,,
decoration,MP-0107,,,,,,,,,,,,,,,,,,,,,,,,,,,,,,,,,,,,dtg,back,320,420,4,Vector,Default maximum for the category — confirm per product.,,,,,,,,,,,
decoration,MP-0107,,,,,,,,,,,,,,,,,,,,,,,,,,,,,,,,,,,,dtg,left_chest,100,100,4,Vector,Default maximum for the category — confirm per product.,,,,,,,,,,,
decoration,MP-0107,,,,,,,,,,,,,,,,,,,,,,,,,,,,,,,,,,,,dtg,sleeve,80,300,4,Vector,Default maximum for the category — confirm per product.,,,,,,,,,,,
product,MP-0108,proper,Proper,Sweatshirts,published,25,EUR,,,,,,,3,5,c002|c727|c250,XXS|XS|S|M|L|XL|XXL|3XL,embroidery|screen|dtf|dtg,front|back|left_chest|sleeve,yes,"Shell: Brushed, 85% Cotton - Organic Ring Spun Combed,15% Polyester - Recycled, Fabric washed","Shell: Brushed, 85% Cotton - Organic Ring Spun Combed,15% Polyester - Recycled, Fabric washed",280,,,,Stanley/Stella,STSU273,,,,,,,,,,,,,,,No supplier cost on file — quote on inquiry.,,,,,,,,,,,
variant,MP-0108,,,,published,,,,,,,,,,,,,,,,,,,,,,,,c002,MP0108-C002,0.00,,,,,,,,,,,,,,,,,,,,,,,
variant,MP-0108,,,,published,,,,,,,,,,,,,,,,,,,,,,,,c727,MP0108-C727,0.00,,,,,,,,,,,,,,,,,,,,,,,
variant,MP-0108,,,,published,,,,,,,,,,,,,,,,,,,,,,,,c250,MP0108-C250,0.00,,,,,,,,,,,,,,,,,,,,,,,
image,MP-0108,,,,,,,,,,,,,,,,,,,,,,,,,,,,,,,,,"https://res.cloudinary.com/www-stanleystella-com/image/upload/c_lpad,w_1600,f_auto,q_auto/v1/TechnicalNames/PBM0_STSU273_C002.jpg?_i=AB",Proper in Black,1,,,,,,,,,,,,,,,,,,
image,MP-0108,,,,,,,,,,,,,,,,,,,,,,,,,,,,c727,,,,,"https://res.cloudinary.com/www-stanleystella-com/image/upload/c_lpad,w_1600,f_auto,q_auto/v1/TechnicalNames/PBM0_STSU273_C727.jpg?_i=AB",Proper in French Navy,2,,,,,,,,,,,,,,,,,,
image,MP-0108,,,,,,,,,,,,,,,,,,,,,,,,,,,,c250,,,,,"https://res.cloudinary.com/www-stanleystella-com/image/upload/c_lpad,w_1600,f_auto,q_auto/v1/TechnicalNames/DFM0_STSU273_C250.jpg?_i=AB",Proper in Heather Grey,3,,,,,,,,,,,,,,,,,,
decoration,MP-0108,,,,,,,,,,,,,,,,,,,,,,,,,,,,,,,,,,,,embroidery,front,160,160,6,Vector or DST,Default maximum for the category — confirm per product.,,,,,,,,,,,
decoration,MP-0108,,,,,,,,,,,,,,,,,,,,,,,,,,,,,,,,,,,,embroidery,back,200,200,6,Vector or DST,Default maximum for the category — confirm per product.,,,,,,,,,,,
decoration,MP-0108,,,,,,,,,,,,,,,,,,,,,,,,,,,,,,,,,,,,embroidery,left_chest,90,90,6,Vector or DST,Default maximum for the category — confirm per product.,,,,,,,,,,,
decoration,MP-0108,,,,,,,,,,,,,,,,,,,,,,,,,,,,,,,,,,,,embroidery,sleeve,70,70,6,Vector or DST,Default maximum for the category — confirm per product.,,,,,,,,,,,
decoration,MP-0108,,,,,,,,,,,,,,,,,,,,,,,,,,,,,,,,,,,,screen,front,300,400,4,Vector,Default maximum for the category — confirm per product.,,,,,,,,,,,
decoration,MP-0108,,,,,,,,,,,,,,,,,,,,,,,,,,,,,,,,,,,,screen,back,320,420,4,Vector,Default maximum for the category — confirm per product.,,,,,,,,,,,
decoration,MP-0108,,,,,,,,,,,,,,,,,,,,,,,,,,,,,,,,,,,,screen,left_chest,100,100,4,Vector,Default maximum for the category — confirm per product.,,,,,,,,,,,
decoration,MP-0108,,,,,,,,,,,,,,,,,,,,,,,,,,,,,,,,,,,,screen,sleeve,80,300,4,Vector,Default maximum for the category — confirm per product.,,,,,,,,,,,
decoration,MP-0108,,,,,,,,,,,,,,,,,,,,,,,,,,,,,,,,,,,,dtf,front,300,400,4,Vector,Default maximum for the category — confirm per product.,,,,,,,,,,,
decoration,MP-0108,,,,,,,,,,,,,,,,,,,,,,,,,,,,,,,,,,,,dtf,back,320,420,4,Vector,Default maximum for the category — confirm per product.,,,,,,,,,,,
decoration,MP-0108,,,,,,,,,,,,,,,,,,,,,,,,,,,,,,,,,,,,dtf,left_chest,100,100,4,Vector,Default maximum for the category — confirm per product.,,,,,,,,,,,
decoration,MP-0108,,,,,,,,,,,,,,,,,,,,,,,,,,,,,,,,,,,,dtf,sleeve,80,300,4,Vector,Default maximum for the category — confirm per product.,,,,,,,,,,,
decoration,MP-0108,,,,,,,,,,,,,,,,,,,,,,,,,,,,,,,,,,,,dtg,front,300,400,4,Vector,Default maximum for the category — confirm per product.,,,,,,,,,,,
decoration,MP-0108,,,,,,,,,,,,,,,,,,,,,,,,,,,,,,,,,,,,dtg,back,320,420,4,Vector,Default maximum for the category — confirm per product.,,,,,,,,,,,
decoration,MP-0108,,,,,,,,,,,,,,,,,,,,,,,,,,,,,,,,,,,,dtg,left_chest,100,100,4,Vector,Default maximum for the category — confirm per product.,,,,,,,,,,,
decoration,MP-0108,,,,,,,,,,,,,,,,,,,,,,,,,,,,,,,,,,,,dtg,sleeve,80,300,4,Vector,Default maximum for the category — confirm per product.,,,,,,,,,,,
product,MP-0109,re-cruiser,RE-Cruiser,Sweatshirts,published,25,EUR,49.59,46.43,43.40,40.99,39.84,22.35,3,5,c601|c602|c600,XXS|XS|S|M|L|XL|XXL|3XL,embroidery|screen|dtf|dtg,front|back|left_chest|sleeve,yes,"Shell: French Terry, 43% Cotton - Organic open end,42% Cotton - Recycled Open End,15% Polyester - Recycled, Fabric washed, Light sueded","Shell: French Terry, 43% Cotton - Organic open end,42% Cotton - Recycled Open End,15% Polyester - Recycled, Fabric washed, Light sueded",350,,,,Stanley/Stella,STSU800,,,,,,,,,,,,,,,cost 22.35; worst-case decoration 5.86 at 100; market blank 27.42; ours 1.58x market,,,,,,,,,,,
variant,MP-0109,,,,published,,,,,,,,,,,,,,,,,,,,,,,,c601,MP0109-C601,0.00,,,,,,,,,,,,,,,,,,,,,,,
variant,MP-0109,,,,published,,,,,,,,,,,,,,,,,,,,,,,,c602,MP0109-C602,0.00,,,,,,,,,,,,,,,,,,,,,,,
variant,MP-0109,,,,published,,,,,,,,,,,,,,,,,,,,,,,,c600,MP0109-C600,0.00,,,,,,,,,,,,,,,,,,,,,,,
image,MP-0109,,,,,,,,,,,,,,,,,,,,,,,,,,,,,,,,,"https://res.cloudinary.com/www-stanleystella-com/image/upload/c_lpad,w_1600,f_auto,q_auto/v1/TechnicalNames/PBM0_STSU800_C601.jpg?_i=AB",RE-Cruiser in RE-Navy,1,,,,,,,,,,,,,,,,,,
image,MP-0109,,,,,,,,,,,,,,,,,,,,,,,,,,,,c602,,,,,"https://res.cloudinary.com/www-stanleystella-com/image/upload/c_lpad,w_1600,f_auto,q_auto/v1/TechnicalNames/PBM0_STSU800_C602.jpg?_i=AB",RE-Cruiser in RE-White,2,,,,,,,,,,,,,,,,,,
image,MP-0109,,,,,,,,,,,,,,,,,,,,,,,,,,,,c600,,,,,"https://res.cloudinary.com/www-stanleystella-com/image/upload/c_lpad,w_1600,f_auto,q_auto/v1/TechnicalNames/SFM0_STSU800_C600.jpg?_i=AB",RE-Cruiser in RE-Black,3,,,,,,,,,,,,,,,,,,
decoration,MP-0109,,,,,,,,,,,,,,,,,,,,,,,,,,,,,,,,,,,,embroidery,front,160,160,6,Vector or DST,Default maximum for the category — confirm per product.,,,,,,,,,,,
decoration,MP-0109,,,,,,,,,,,,,,,,,,,,,,,,,,,,,,,,,,,,embroidery,back,200,200,6,Vector or DST,Default maximum for the category — confirm per product.,,,,,,,,,,,
decoration,MP-0109,,,,,,,,,,,,,,,,,,,,,,,,,,,,,,,,,,,,embroidery,left_chest,90,90,6,Vector or DST,Default maximum for the category — confirm per product.,,,,,,,,,,,
decoration,MP-0109,,,,,,,,,,,,,,,,,,,,,,,,,,,,,,,,,,,,embroidery,sleeve,70,70,6,Vector or DST,Default maximum for the category — confirm per product.,,,,,,,,,,,
decoration,MP-0109,,,,,,,,,,,,,,,,,,,,,,,,,,,,,,,,,,,,screen,front,300,400,4,Vector,Default maximum for the category — confirm per product.,,,,,,,,,,,
decoration,MP-0109,,,,,,,,,,,,,,,,,,,,,,,,,,,,,,,,,,,,screen,back,320,420,4,Vector,Default maximum for the category — confirm per product.,,,,,,,,,,,
decoration,MP-0109,,,,,,,,,,,,,,,,,,,,,,,,,,,,,,,,,,,,screen,left_chest,100,100,4,Vector,Default maximum for the category — confirm per product.,,,,,,,,,,,
decoration,MP-0109,,,,,,,,,,,,,,,,,,,,,,,,,,,,,,,,,,,,screen,sleeve,80,300,4,Vector,Default maximum for the category — confirm per product.,,,,,,,,,,,
decoration,MP-0109,,,,,,,,,,,,,,,,,,,,,,,,,,,,,,,,,,,,dtf,front,300,400,4,Vector,Default maximum for the category — confirm per product.,,,,,,,,,,,
decoration,MP-0109,,,,,,,,,,,,,,,,,,,,,,,,,,,,,,,,,,,,dtf,back,320,420,4,Vector,Default maximum for the category — confirm per product.,,,,,,,,,,,
decoration,MP-0109,,,,,,,,,,,,,,,,,,,,,,,,,,,,,,,,,,,,dtf,left_chest,100,100,4,Vector,Default maximum for the category — confirm per product.,,,,,,,,,,,
decoration,MP-0109,,,,,,,,,,,,,,,,,,,,,,,,,,,,,,,,,,,,dtf,sleeve,80,300,4,Vector,Default maximum for the category — confirm per product.,,,,,,,,,,,
decoration,MP-0109,,,,,,,,,,,,,,,,,,,,,,,,,,,,,,,,,,,,dtg,front,300,400,4,Vector,Default maximum for the category — confirm per product.,,,,,,,,,,,
decoration,MP-0109,,,,,,,,,,,,,,,,,,,,,,,,,,,,,,,,,,,,dtg,back,320,420,4,Vector,Default maximum for the category — confirm per product.,,,,,,,,,,,
decoration,MP-0109,,,,,,,,,,,,,,,,,,,,,,,,,,,,,,,,,,,,dtg,left_chest,100,100,4,Vector,Default maximum for the category — confirm per product.,,,,,,,,,,,
decoration,MP-0109,,,,,,,,,,,,,,,,,,,,,,,,,,,,,,,,,,,,dtg,sleeve,80,300,4,Vector,Default maximum for the category — confirm per product.,,,,,,,,,,,
product,MP-0110,radder-2-0,Radder 2.0,Sweatshirts,published,25,EUR,48.90,45.74,42.71,40.29,39.15,21.90,3,5,c002|c001|c727|c250|c054|c360|c134|c359|c728|c729|c735|c223|c135|c358|c361|c146|c138,XXS|XS|S|M|L|XL|XXL|3XL,embroidery|screen|dtf|dtg,front|back|left_chest|sleeve,yes,"Shell: Brushed, 100% Cotton - Organic Ring Spun Combed, Fabric washed","Shell: Brushed, 100% Cotton - Organic Ring Spun Combed, Fabric washed",350,,,,Stanley/Stella,STSU208,,,,,,,,,,,,,,,cost 21.90; worst-case decoration 5.86 at 100; market blank 25.21; ours 1.69x market,,,,,,,,,,,
variant,MP-0110,,,,published,,,,,,,,,,,,,,,,,,,,,,,,c002,MP0110-C002,0.00,,,,,,,,,,,,,,,,,,,,,,,
variant,MP-0110,,,,published,,,,,,,,,,,,,,,,,,,,,,,,c001,MP0110-C001,0.00,,,,,,,,,,,,,,,,,,,,,,,
variant,MP-0110,,,,published,,,,,,,,,,,,,,,,,,,,,,,,c727,MP0110-C727,0.00,,,,,,,,,,,,,,,,,,,,,,,
variant,MP-0110,,,,published,,,,,,,,,,,,,,,,,,,,,,,,c250,MP0110-C250,0.00,,,,,,,,,,,,,,,,,,,,,,,
variant,MP-0110,,,,published,,,,,,,,,,,,,,,,,,,,,,,,c054,MP0110-C054,0.00,,,,,,,,,,,,,,,,,,,,,,,
variant,MP-0110,,,,published,,,,,,,,,,,,,,,,,,,,,,,,c360,MP0110-C360,0.00,,,,,,,,,,,,,,,,,,,,,,,
variant,MP-0110,,,,published,,,,,,,,,,,,,,,,,,,,,,,,c134,MP0110-C134,0.00,,,,,,,,,,,,,,,,,,,,,,,
variant,MP-0110,,,,published,,,,,,,,,,,,,,,,,,,,,,,,c359,MP0110-C359,0.00,,,,,,,,,,,,,,,,,,,,,,,
variant,MP-0110,,,,published,,,,,,,,,,,,,,,,,,,,,,,,c728,MP0110-C728,0.00,,,,,,,,,,,,,,,,,,,,,,,
variant,MP-0110,,,,published,,,,,,,,,,,,,,,,,,,,,,,,c729,MP0110-C729,0.00,,,,,,,,,,,,,,,,,,,,,,,
variant,MP-0110,,,,published,,,,,,,,,,,,,,,,,,,,,,,,c735,MP0110-C735,0.00,,,,,,,,,,,,,,,,,,,,,,,
variant,MP-0110,,,,published,,,,,,,,,,,,,,,,,,,,,,,,c223,MP0110-C223,0.00,,,,,,,,,,,,,,,,,,,,,,,
variant,MP-0110,,,,published,,,,,,,,,,,,,,,,,,,,,,,,c135,MP0110-C135,0.00,,,,,,,,,,,,,,,,,,,,,,,
variant,MP-0110,,,,published,,,,,,,,,,,,,,,,,,,,,,,,c358,MP0110-C358,0.00,,,,,,,,,,,,,,,,,,,,,,,
variant,MP-0110,,,,published,,,,,,,,,,,,,,,,,,,,,,,,c361,MP0110-C361,0.00,,,,,,,,,,,,,,,,,,,,,,,
variant,MP-0110,,,,published,,,,,,,,,,,,,,,,,,,,,,,,c146,MP0110-C146,0.00,,,,,,,,,,,,,,,,,,,,,,,
variant,MP-0110,,,,published,,,,,,,,,,,,,,,,,,,,,,,,c138,MP0110-C138,0.00,,,,,,,,,,,,,,,,,,,,,,,
image,MP-0110,,,,,,,,,,,,,,,,,,,,,,,,,,,,,,,,,"https://res.cloudinary.com/www-stanleystella-com/image/upload/c_lpad,w_1600,f_auto,q_auto/v1/TechnicalNames/SBM0_STSU208_C002.jpg?_i=AB",Radder 2.0 in Black,1,,,,,,,,,,,,,,,,,,
image,MP-0110,,,,,,,,,,,,,,,,,,,,,,,,,,,,c001,,,,,"https://res.cloudinary.com/www-stanleystella-com/image/upload/c_lpad,w_1600,f_auto,q_auto/v1/TechnicalNames/SBM0_STSU208_C001.jpg?_i=AB",Radder 2.0 in White,2,,,,,,,,,,,,,,,,,,
image,MP-0110,,,,,,,,,,,,,,,,,,,,,,,,,,,,c727,,,,,"https://res.cloudinary.com/www-stanleystella-com/image/upload/c_lpad,w_1600,f_auto,q_auto/v1/TechnicalNames/SBM0_STSU208_C727.jpg?_i=AB",Radder 2.0 in French Navy,3,,,,,,,,,,,,,,,,,,
image,MP-0110,,,,,,,,,,,,,,,,,,,,,,,,,,,,c250,,,,,"https://res.cloudinary.com/www-stanleystella-com/image/upload/c_lpad,w_1600,f_auto,q_auto/v1/TechnicalNames/SBM0_STSU208_C250.jpg?_i=AB",Radder 2.0 in Heather Grey,4,,,,,,,,,,,,,,,,,,
image,MP-0110,,,,,,,,,,,,,,,,,,,,,,,,,,,,c054,,,,,"https://res.cloudinary.com/www-stanleystella-com/image/upload/c_lpad,w_1600,f_auto,q_auto/v1/TechnicalNames/SBM0_STSU208_C054.jpg?_i=AB",Radder 2.0 in Natural Raw,5,,,,,,,,,,,,,,,,,,
image,MP-0110,,,,,,,,,,,,,,,,,,,,,,,,,,,,c360,,,,,"https://res.cloudinary.com/www-stanleystella-com/image/upload/c_lpad,w_1600,f_auto,q_auto/v1/TechnicalNames/PBM0_STSU208_C360.jpg?_i=AB",Radder 2.0 in Pink Joy,6,,,,,,,,,,,,,,,,,,
image,MP-0110,,,,,,,,,,,,,,,,,,,,,,,,,,,,c134,,,,,"https://res.cloudinary.com/www-stanleystella-com/image/upload/c_lpad,w_1600,f_auto,q_auto/v1/TechnicalNames/SFM0_STSU208_C134.jpg?_i=AB",Radder 2.0 in Violet,7,,,,,,,,,,,,,,,,,,
image,MP-0110,,,,,,,,,,,,,,,,,,,,,,,,,,,,c359,,,,,"https://res.cloudinary.com/www-stanleystella-com/image/upload/c_lpad,w_1600,f_auto,q_auto/v1/TechnicalNames/SBM0_STSU208_C359.jpg?_i=AB",Radder 2.0 in Dusk,8,,,,,,,,,,,,,,,,,,
image,MP-0110,,,,,,,,,,,,,,,,,,,,,,,,,,,,c728,,,,,"https://res.cloudinary.com/www-stanleystella-com/image/upload/c_lpad,w_1600,f_auto,q_auto/v1/TechnicalNames/SBM0_STSU208_C728.jpg?_i=AB",Radder 2.0 in Blue Ice,9,,,,,,,,,,,,,,,,,,
image,MP-0110,,,,,,,,,,,,,,,,,,,,,,,,,,,,c729,,,,,"https://res.cloudinary.com/www-stanleystella-com/image/upload/c_lpad,w_1600,f_auto,q_auto/v1/TechnicalNames/SBM0_STSU208_C729.jpg?_i=AB",Radder 2.0 in Mindful Blue,10,,,,,,,,,,,,,,,,,,
image,MP-0110,,,,,,,,,,,,,,,,,,,,,,,,,,,,c735,,,,,"https://res.cloudinary.com/www-stanleystella-com/image/upload/c_lpad,w_1600,f_auto,q_auto/v1/TechnicalNames/SBM0_STSU208_C735.jpg?_i=AB",Radder 2.0 in Misty Jade,11,,,,,,,,,,,,,,,,,,
image,MP-0110,,,,,,,,,,,,,,,,,,,,,,,,,,,,c223,,,,,"https://res.cloudinary.com/www-stanleystella-com/image/upload/c_lpad,w_1600,f_auto,q_auto/v1/TechnicalNames/SBM0_STSU208_C223.jpg?_i=AB",Radder 2.0 in Khaki,12,,,,,,,,,,,,,,,,,,
image,MP-0110,,,,,,,,,,,,,,,,,,,,,,,,,,,,c135,,,,,"https://res.cloudinary.com/www-stanleystella-com/image/upload/c_lpad,w_1600,f_auto,q_auto/v1/TechnicalNames/PBM0_STSU208_C135.jpg?_i=AB",Radder 2.0 in Mocha,13,,,,,,,,,,,,,,,,,,
image,MP-0110,,,,,,,,,,,,,,,,,,,,,,,,,,,,c358,,,,,"https://res.cloudinary.com/www-stanleystella-com/image/upload/c_lpad,w_1600,f_auto,q_auto/v1/TechnicalNames/PBM0_STSU208_C358.jpg?_i=AB",Radder 2.0 in Stone,14,,,,,,,,,,,,,,,,,,
image,MP-0110,,,,,,,,,,,,,,,,,,,,,,,,,,,,c361,,,,,"https://res.cloudinary.com/www-stanleystella-com/image/upload/c_lpad,w_1600,f_auto,q_auto/v1/TechnicalNames/PBM0_STSU208_C361.jpg?_i=AB",Radder 2.0 in Cream,15,,,,,,,,,,,,,,,,,,
image,MP-0110,,,,,,,,,,,,,,,,,,,,,,,,,,,,c146,,,,,"https://res.cloudinary.com/www-stanleystella-com/image/upload/c_lpad,w_1600,f_auto,q_auto/v1/TechnicalNames/DFM0_STSU208_C146.jpg?_i=AB",Radder 2.0 in Cool Heather Grey,16,,,,,,,,,,,,,,,,,,
image,MP-0110,,,,,,,,,,,,,,,,,,,,,,,,,,,,c138,,,,,"https://res.cloudinary.com/www-stanleystella-com/image/upload/c_lpad,w_1600,f_auto,q_auto/v1/TechnicalNames/PBM0_STSU208_C138.jpg?_i=AB",Radder 2.0 in Misty Grey,17,,,,,,,,,,,,,,,,,,
decoration,MP-0110,,,,,,,,,,,,,,,,,,,,,,,,,,,,,,,,,,,,embroidery,front,160,160,6,Vector or DST,Default maximum for the category — confirm per product.,,,,,,,,,,,
decoration,MP-0110,,,,,,,,,,,,,,,,,,,,,,,,,,,,,,,,,,,,embroidery,back,200,200,6,Vector or DST,Default maximum for the category — confirm per product.,,,,,,,,,,,
decoration,MP-0110,,,,,,,,,,,,,,,,,,,,,,,,,,,,,,,,,,,,embroidery,left_chest,90,90,6,Vector or DST,Default maximum for the category — confirm per product.,,,,,,,,,,,
decoration,MP-0110,,,,,,,,,,,,,,,,,,,,,,,,,,,,,,,,,,,,embroidery,sleeve,70,70,6,Vector or DST,Default maximum for the category — confirm per product.,,,,,,,,,,,
decoration,MP-0110,,,,,,,,,,,,,,,,,,,,,,,,,,,,,,,,,,,,screen,front,300,400,4,Vector,Default maximum for the category — confirm per product.,,,,,,,,,,,
decoration,MP-0110,,,,,,,,,,,,,,,,,,,,,,,,,,,,,,,,,,,,screen,back,320,420,4,Vector,Default maximum for the category — confirm per product.,,,,,,,,,,,
decoration,MP-0110,,,,,,,,,,,,,,,,,,,,,,,,,,,,,,,,,,,,screen,left_chest,100,100,4,Vector,Default maximum for the category — confirm per product.,,,,,,,,,,,
decoration,MP-0110,,,,,,,,,,,,,,,,,,,,,,,,,,,,,,,,,,,,screen,sleeve,80,300,4,Vector,Default maximum for the category — confirm per product.,,,,,,,,,,,
decoration,MP-0110,,,,,,,,,,,,,,,,,,,,,,,,,,,,,,,,,,,,dtf,front,300,400,4,Vector,Default maximum for the category — confirm per product.,,,,,,,,,,,
decoration,MP-0110,,,,,,,,,,,,,,,,,,,,,,,,,,,,,,,,,,,,dtf,back,320,420,4,Vector,Default maximum for the category — confirm per product.,,,,,,,,,,,
decoration,MP-0110,,,,,,,,,,,,,,,,,,,,,,,,,,,,,,,,,,,,dtf,left_chest,100,100,4,Vector,Default maximum for the category — confirm per product.,,,,,,,,,,,
decoration,MP-0110,,,,,,,,,,,,,,,,,,,,,,,,,,,,,,,,,,,,dtf,sleeve,80,300,4,Vector,Default maximum for the category — confirm per product.,,,,,,,,,,,
decoration,MP-0110,,,,,,,,,,,,,,,,,,,,,,,,,,,,,,,,,,,,dtg,front,300,400,4,Vector,Default maximum for the category — confirm per product.,,,,,,,,,,,
decoration,MP-0110,,,,,,,,,,,,,,,,,,,,,,,,,,,,,,,,,,,,dtg,back,320,420,4,Vector,Default maximum for the category — confirm per product.,,,,,,,,,,,
decoration,MP-0110,,,,,,,,,,,,,,,,,,,,,,,,,,,,,,,,,,,,dtg,left_chest,100,100,4,Vector,Default maximum for the category — confirm per product.,,,,,,,,,,,
decoration,MP-0110,,,,,,,,,,,,,,,,,,,,,,,,,,,,,,,,,,,,dtg,sleeve,80,300,4,Vector,Default maximum for the category — confirm per product.,,,,,,,,,,,
product,MP-0111,radder-2-0-vintage,Radder 2.0 Vintage,Sweatshirts,published,25,EUR,53.13,49.97,46.94,44.53,43.38,24.65,3,5,c732|c733|c157|c162|c140,XXS|XS|S|M|L|XL|XXL|3XL,embroidery|screen|dtf|dtg,front|back|left_chest|sleeve,yes,"Shell: Brushed, 100% Cotton - Organic Ring Spun Combed, Garment dyed","Shell: Brushed, 100% Cotton - Organic Ring Spun Combed, Garment dyed",380,,,,Stanley/Stella,STSU210,,,,,,,,,,,,,,,cost 24.65; worst-case decoration 5.86 at 100; market blank 30.27; ours 1.55x market,,,,,,,,,,,
variant,MP-0111,,,,published,,,,,,,,,,,,,,,,,,,,,,,,c732,MP0111-C732,0.00,,,,,,,,,,,,,,,,,,,,,,,
variant,MP-0111,,,,published,,,,,,,,,,,,,,,,,,,,,,,,c733,MP0111-C733,0.00,,,,,,,,,,,,,,,,,,,,,,,
variant,MP-0111,,,,published,,,,,,,,,,,,,,,,,,,,,,,,c157,MP0111-C157,0.00,,,,,,,,,,,,,,,,,,,,,,,
variant,MP-0111,,,,published,,,,,,,,,,,,,,,,,,,,,,,,c162,MP0111-C162,0.00,,,,,,,,,,,,,,,,,,,,,,,
variant,MP-0111,,,,published,,,,,,,,,,,,,,,,,,,,,,,,c140,MP0111-C140,0.00,,,,,,,,,,,,,,,,,,,,,,,
image,MP-0111,,,,,,,,,,,,,,,,,,,,,,,,,,,,,,,,,"https://res.cloudinary.com/www-stanleystella-com/image/upload/c_lpad,w_1600,f_auto,q_auto/v1/TechnicalNames/PFD0_STSU210_C732.jpg?_i=AB",Radder 2.0 Vintage in G. Dyed Blue Stone,1,,,,,,,,,,,,,,,,,,
image,MP-0111,,,,,,,,,,,,,,,,,,,,,,,,,,,,c733,,,,,"https://res.cloudinary.com/www-stanleystella-com/image/upload/c_lpad,w_1600,f_auto,q_auto/v1/TechnicalNames/PFD0_STSU210_C733.jpg?_i=AB",Radder 2.0 Vintage in G. Dyed Latte,2,,,,,,,,,,,,,,,,,,
image,MP-0111,,,,,,,,,,,,,,,,,,,,,,,,,,,,c157,,,,,"https://res.cloudinary.com/www-stanleystella-com/image/upload/c_lpad,w_1600,f_auto,q_auto/v1/TechnicalNames/SFM0_STSU210_C157.jpg?_i=AB",Radder 2.0 Vintage in G. Dyed Misty Grey,3,,,,,,,,,,,,,,,,,,
image,MP-0111,,,,,,,,,,,,,,,,,,,,,,,,,,,,c162,,,,,"https://res.cloudinary.com/www-stanleystella-com/image/upload/c_lpad,w_1600,f_auto,q_auto/v1/TechnicalNames/SBM0_STSU210_C162.jpg?_i=AB",Radder 2.0 Vintage in G. Dyed Anthracite,4,,,,,,,,,,,,,,,,,,
image,MP-0111,,,,,,,,,,,,,,,,,,,,,,,,,,,,c140,,,,,"https://res.cloudinary.com/www-stanleystella-com/image/upload/c_lpad,w_1600,f_auto,q_auto/v1/TechnicalNames/PFD0_STSU210_C140.jpg?_i=AB",Radder 2.0 Vintage in G. Dyed Black Rock,5,,,,,,,,,,,,,,,,,,
decoration,MP-0111,,,,,,,,,,,,,,,,,,,,,,,,,,,,,,,,,,,,embroidery,front,160,160,6,Vector or DST,Default maximum for the category — confirm per product.,,,,,,,,,,,
decoration,MP-0111,,,,,,,,,,,,,,,,,,,,,,,,,,,,,,,,,,,,embroidery,back,200,200,6,Vector or DST,Default maximum for the category — confirm per product.,,,,,,,,,,,
decoration,MP-0111,,,,,,,,,,,,,,,,,,,,,,,,,,,,,,,,,,,,embroidery,left_chest,90,90,6,Vector or DST,Default maximum for the category — confirm per product.,,,,,,,,,,,
decoration,MP-0111,,,,,,,,,,,,,,,,,,,,,,,,,,,,,,,,,,,,embroidery,sleeve,70,70,6,Vector or DST,Default maximum for the category — confirm per product.,,,,,,,,,,,
decoration,MP-0111,,,,,,,,,,,,,,,,,,,,,,,,,,,,,,,,,,,,screen,front,300,400,4,Vector,Default maximum for the category — confirm per product.,,,,,,,,,,,
decoration,MP-0111,,,,,,,,,,,,,,,,,,,,,,,,,,,,,,,,,,,,screen,back,320,420,4,Vector,Default maximum for the category — confirm per product.,,,,,,,,,,,
decoration,MP-0111,,,,,,,,,,,,,,,,,,,,,,,,,,,,,,,,,,,,screen,left_chest,100,100,4,Vector,Default maximum for the category — confirm per product.,,,,,,,,,,,
decoration,MP-0111,,,,,,,,,,,,,,,,,,,,,,,,,,,,,,,,,,,,screen,sleeve,80,300,4,Vector,Default maximum for the category — confirm per product.,,,,,,,,,,,
decoration,MP-0111,,,,,,,,,,,,,,,,,,,,,,,,,,,,,,,,,,,,dtf,front,300,400,4,Vector,Default maximum for the category — confirm per product.,,,,,,,,,,,
decoration,MP-0111,,,,,,,,,,,,,,,,,,,,,,,,,,,,,,,,,,,,dtf,back,320,420,4,Vector,Default maximum for the category — confirm per product.,,,,,,,,,,,
decoration,MP-0111,,,,,,,,,,,,,,,,,,,,,,,,,,,,,,,,,,,,dtf,left_chest,100,100,4,Vector,Default maximum for the category — confirm per product.,,,,,,,,,,,
decoration,MP-0111,,,,,,,,,,,,,,,,,,,,,,,,,,,,,,,,,,,,dtf,sleeve,80,300,4,Vector,Default maximum for the category — confirm per product.,,,,,,,,,,,
decoration,MP-0111,,,,,,,,,,,,,,,,,,,,,,,,,,,,,,,,,,,,dtg,front,300,400,4,Vector,Default maximum for the category — confirm per product.,,,,,,,,,,,
decoration,MP-0111,,,,,,,,,,,,,,,,,,,,,,,,,,,,,,,,,,,,dtg,back,320,420,4,Vector,Default maximum for the category — confirm per product.,,,,,,,,,,,
decoration,MP-0111,,,,,,,,,,,,,,,,,,,,,,,,,,,,,,,,,,,,dtg,left_chest,100,100,4,Vector,Default maximum for the category — confirm per product.,,,,,,,,,,,
decoration,MP-0111,,,,,,,,,,,,,,,,,,,,,,,,,,,,,,,,,,,,dtg,sleeve,80,300,4,Vector,Default maximum for the category — confirm per product.,,,,,,,,,,,
product,MP-0112,radder-heavy,Radder Heavy,Sweatshirts,published,25,EUR,,,,,,,3,5,c054|c002|c727|c250,XXS|XS|S|M|L|XL|XXL|3XL,embroidery|screen|dtf|dtg,front|back|left_chest|sleeve,yes,"Shell: Brushed, 100% Cotton - Organic Ring Spun Combed, Fabric washed, Light sueded","Shell: Brushed, 100% Cotton - Organic Ring Spun Combed, Fabric washed, Light sueded",500,,,,Stanley/Stella,STSU866,,,,,,,,,,,,,,,No supplier cost on file — quote on inquiry.,,,,,,,,,,,
variant,MP-0112,,,,published,,,,,,,,,,,,,,,,,,,,,,,,c054,MP0112-C054,0.00,,,,,,,,,,,,,,,,,,,,,,,
variant,MP-0112,,,,published,,,,,,,,,,,,,,,,,,,,,,,,c002,MP0112-C002,0.00,,,,,,,,,,,,,,,,,,,,,,,
variant,MP-0112,,,,published,,,,,,,,,,,,,,,,,,,,,,,,c727,MP0112-C727,0.00,,,,,,,,,,,,,,,,,,,,,,,
variant,MP-0112,,,,published,,,,,,,,,,,,,,,,,,,,,,,,c250,MP0112-C250,0.00,,,,,,,,,,,,,,,,,,,,,,,
image,MP-0112,,,,,,,,,,,,,,,,,,,,,,,,,,,,,,,,,"https://res.cloudinary.com/www-stanleystella-com/image/upload/c_lpad,w_1600,f_auto,q_auto/v1/TechnicalNames/DFM0_STSU866_C054.jpg?_i=AB",Radder Heavy in Natural Raw,1,,,,,,,,,,,,,,,,,,
decoration,MP-0112,,,,,,,,,,,,,,,,,,,,,,,,,,,,,,,,,,,,embroidery,front,160,160,6,Vector or DST,Default maximum for the category — confirm per product.,,,,,,,,,,,
decoration,MP-0112,,,,,,,,,,,,,,,,,,,,,,,,,,,,,,,,,,,,embroidery,back,200,200,6,Vector or DST,Default maximum for the category — confirm per product.,,,,,,,,,,,
decoration,MP-0112,,,,,,,,,,,,,,,,,,,,,,,,,,,,,,,,,,,,embroidery,left_chest,90,90,6,Vector or DST,Default maximum for the category — confirm per product.,,,,,,,,,,,
decoration,MP-0112,,,,,,,,,,,,,,,,,,,,,,,,,,,,,,,,,,,,embroidery,sleeve,70,70,6,Vector or DST,Default maximum for the category — confirm per product.,,,,,,,,,,,
decoration,MP-0112,,,,,,,,,,,,,,,,,,,,,,,,,,,,,,,,,,,,screen,front,300,400,4,Vector,Default maximum for the category — confirm per product.,,,,,,,,,,,
decoration,MP-0112,,,,,,,,,,,,,,,,,,,,,,,,,,,,,,,,,,,,screen,back,320,420,4,Vector,Default maximum for the category — confirm per product.,,,,,,,,,,,
decoration,MP-0112,,,,,,,,,,,,,,,,,,,,,,,,,,,,,,,,,,,,screen,left_chest,100,100,4,Vector,Default maximum for the category — confirm per product.,,,,,,,,,,,
decoration,MP-0112,,,,,,,,,,,,,,,,,,,,,,,,,,,,,,,,,,,,screen,sleeve,80,300,4,Vector,Default maximum for the category — confirm per product.,,,,,,,,,,,
decoration,MP-0112,,,,,,,,,,,,,,,,,,,,,,,,,,,,,,,,,,,,dtf,front,300,400,4,Vector,Default maximum for the category — confirm per product.,,,,,,,,,,,
decoration,MP-0112,,,,,,,,,,,,,,,,,,,,,,,,,,,,,,,,,,,,dtf,back,320,420,4,Vector,Default maximum for the category — confirm per product.,,,,,,,,,,,
decoration,MP-0112,,,,,,,,,,,,,,,,,,,,,,,,,,,,,,,,,,,,dtf,left_chest,100,100,4,Vector,Default maximum for the category — confirm per product.,,,,,,,,,,,
decoration,MP-0112,,,,,,,,,,,,,,,,,,,,,,,,,,,,,,,,,,,,dtf,sleeve,80,300,4,Vector,Default maximum for the category — confirm per product.,,,,,,,,,,,
decoration,MP-0112,,,,,,,,,,,,,,,,,,,,,,,,,,,,,,,,,,,,dtg,front,300,400,4,Vector,Default maximum for the category — confirm per product.,,,,,,,,,,,
decoration,MP-0112,,,,,,,,,,,,,,,,,,,,,,,,,,,,,,,,,,,,dtg,back,320,420,4,Vector,Default maximum for the category — confirm per product.,,,,,,,,,,,
decoration,MP-0112,,,,,,,,,,,,,,,,,,,,,,,,,,,,,,,,,,,,dtg,left_chest,100,100,4,Vector,Default maximum for the category — confirm per product.,,,,,,,,,,,
decoration,MP-0112,,,,,,,,,,,,,,,,,,,,,,,,,,,,,,,,,,,,dtg,sleeve,80,300,4,Vector,Default maximum for the category — confirm per product.,,,,,,,,,,,
product,MP-0113,roller,Roller,Sweatshirts,published,25,EUR,43.39,40.23,37.20,34.79,33.64,18.32,3,5,c002|c001|c727|c250|c054|c013|c005|c038|c151|c244|c004|c359|c230|c728|c156|c232|c057|c724|c137|c224|c059|c223|c204|c730|c135|c028|c504|c715|c253|c651,XXS|XS|S|M|L|XL|XXL|3XL|4XL|5XL,embroidery|screen|dtf|dtg,front|back|left_chest|sleeve,yes,"Shell: Brushed, 85% Cotton - Organic Ring Spun Combed,15% Polyester - Recycled, Fabric washed, Light sueded","Shell: Brushed, 85% Cotton - Organic Ring Spun Combed,15% Polyester - Recycled, Fabric washed, Light sueded",280,,,,Stanley/Stella,STSU868,,,,,,,,,,,,,,,cost 18.32; worst-case decoration 5.86 at 100; market blank 17.30; ours 2.15x market,,,,,,,,,,,
variant,MP-0113,,,,published,,,,,,,,,,,,,,,,,,,,,,,,c002,MP0113-C002,0.00,,,,,,,,,,,,,,,,,,,,,,,
variant,MP-0113,,,,published,,,,,,,,,,,,,,,,,,,,,,,,c001,MP0113-C001,0.00,,,,,,,,,,,,,,,,,,,,,,,
variant,MP-0113,,,,published,,,,,,,,,,,,,,,,,,,,,,,,c727,MP0113-C727,0.00,,,,,,,,,,,,,,,,,,,,,,,
variant,MP-0113,,,,published,,,,,,,,,,,,,,,,,,,,,,,,c250,MP0113-C250,0.00,,,,,,,,,,,,,,,,,,,,,,,
variant,MP-0113,,,,published,,,,,,,,,,,,,,,,,,,,,,,,c054,MP0113-C054,0.00,,,,,,,,,,,,,,,,,,,,,,,
variant,MP-0113,,,,published,,,,,,,,,,,,,,,,,,,,,,,,c013,MP0113-C013,0.00,,,,,,,,,,,,,,,,,,,,,,,
variant,MP-0113,,,,published,,,,,,,,,,,,,,,,,,,,,,,,c005,MP0113-C005,0.00,,,,,,,,,,,,,,,,,,,,,,,
variant,MP-0113,,,,published,,,,,,,,,,,,,,,,,,,,,,,,c038,MP0113-C038,0.00,,,,,,,,,,,,,,,,,,,,,,,
variant,MP-0113,,,,published,,,,,,,,,,,,,,,,,,,,,,,,c151,MP0113-C151,0.00,,,,,,,,,,,,,,,,,,,,,,,
variant,MP-0113,,,,published,,,,,,,,,,,,,,,,,,,,,,,,c244,MP0113-C244,0.00,,,,,,,,,,,,,,,,,,,,,,,
variant,MP-0113,,,,published,,,,,,,,,,,,,,,,,,,,,,,,c004,MP0113-C004,0.00,,,,,,,,,,,,,,,,,,,,,,,
variant,MP-0113,,,,published,,,,,,,,,,,,,,,,,,,,,,,,c359,MP0113-C359,0.00,,,,,,,,,,,,,,,,,,,,,,,
variant,MP-0113,,,,published,,,,,,,,,,,,,,,,,,,,,,,,c230,MP0113-C230,0.00,,,,,,,,,,,,,,,,,,,,,,,
variant,MP-0113,,,,published,,,,,,,,,,,,,,,,,,,,,,,,c728,MP0113-C728,0.00,,,,,,,,,,,,,,,,,,,,,,,
variant,MP-0113,,,,published,,,,,,,,,,,,,,,,,,,,,,,,c156,MP0113-C156,0.00,,,,,,,,,,,,,,,,,,,,,,,
variant,MP-0113,,,,published,,,,,,,,,,,,,,,,,,,,,,,,c232,MP0113-C232,0.00,,,,,,,,,,,,,,,,,,,,,,,
variant,MP-0113,,,,published,,,,,,,,,,,,,,,,,,,,,,,,c057,MP0113-C057,0.00,,,,,,,,,,,,,,,,,,,,,,,
variant,MP-0113,,,,published,,,,,,,,,,,,,,,,,,,,,,,,c724,MP0113-C724,0.00,,,,,,,,,,,,,,,,,,,,,,,
variant,MP-0113,,,,published,,,,,,,,,,,,,,,,,,,,,,,,c137,MP0113-C137,0.00,,,,,,,,,,,,,,,,,,,,,,,
variant,MP-0113,,,,published,,,,,,,,,,,,,,,,,,,,,,,,c224,MP0113-C224,0.00,,,,,,,,,,,,,,,,,,,,,,,
variant,MP-0113,,,,published,,,,,,,,,,,,,,,,,,,,,,,,c059,MP0113-C059,0.00,,,,,,,,,,,,,,,,,,,,,,,
variant,MP-0113,,,,published,,,,,,,,,,,,,,,,,,,,,,,,c223,MP0113-C223,0.00,,,,,,,,,,,,,,,,,,,,,,,
variant,MP-0113,,,,published,,,,,,,,,,,,,,,,,,,,,,,,c204,MP0113-C204,0.00,,,,,,,,,,,,,,,,,,,,,,,
variant,MP-0113,,,,published,,,,,,,,,,,,,,,,,,,,,,,,c730,MP0113-C730,0.00,,,,,,,,,,,,,,,,,,,,,,,
variant,MP-0113,,,,published,,,,,,,,,,,,,,,,,,,,,,,,c135,MP0113-C135,0.00,,,,,,,,,,,,,,,,,,,,,,,
variant,MP-0113,,,,published,,,,,,,,,,,,,,,,,,,,,,,,c028,MP0113-C028,0.00,,,,,,,,,,,,,,,,,,,,,,,
variant,MP-0113,,,,published,,,,,,,,,,,,,,,,,,,,,,,,c504,MP0113-C504,0.00,,,,,,,,,,,,,,,,,,,,,,,
variant,MP-0113,,,,published,,,,,,,,,,,,,,,,,,,,,,,,c715,MP0113-C715,0.00,,,,,,,,,,,,,,,,,,,,,,,
variant,MP-0113,,,,published,,,,,,,,,,,,,,,,,,,,,,,,c253,MP0113-C253,0.00,,,,,,,,,,,,,,,,,,,,,,,
variant,MP-0113,,,,published,,,,,,,,,,,,,,,,,,,,,,,,c651,MP0113-C651,0.00,,,,,,,,,,,,,,,,,,,,,,,
image,MP-0113,,,,,,,,,,,,,,,,,,,,,,,,,,,,,,,,,"https://res.cloudinary.com/www-stanleystella-com/image/upload/c_lpad,w_1600,f_auto,q_auto/v1/TechnicalNames/SFC5_STSU868_C002.jpg?_i=AB",Roller in Black,1,,,,,,,,,,,,,,,,,,
image,MP-0113,,,,,,,,,,,,,,,,,,,,,,,,,,,,c001,,,,,"https://res.cloudinary.com/www-stanleystella-com/image/upload/c_lpad,w_1600,f_auto,q_auto/v1/TechnicalNames/SFC5_STSU868_C001.jpg?_i=AB",Roller in White,2,,,,,,,,,,,,,,,,,,
image,MP-0113,,,,,,,,,,,,,,,,,,,,,,,,,,,,c727,,,,,"https://res.cloudinary.com/www-stanleystella-com/image/upload/c_lpad,w_1600,f_auto,q_auto/v1/TechnicalNames/SFC5_STSU868_C727.jpg?_i=AB",Roller in French Navy,3,,,,,,,,,,,,,,,,,,
image,MP-0113,,,,,,,,,,,,,,,,,,,,,,,,,,,,c250,,,,,"https://res.cloudinary.com/www-stanleystella-com/image/upload/c_lpad,w_1600,f_auto,q_auto/v1/TechnicalNames/SFC5_STSU868_C250.jpg?_i=AB",Roller in Heather Grey,4,,,,,,,,,,,,,,,,,,
image,MP-0113,,,,,,,,,,,,,,,,,,,,,,,,,,,,c054,,,,,"https://res.cloudinary.com/www-stanleystella-com/image/upload/c_lpad,w_1600,f_auto,q_auto/v1/TechnicalNames/SFC0_STSU868_C054.jpg?_i=AB",Roller in Natural Raw,5,,,,,,,,,,,,,,,,,,
image,MP-0113,,,,,,,,,,,,,,,,,,,,,,,,,,,,c013,,,,,"https://res.cloudinary.com/www-stanleystella-com/image/upload/c_lpad,w_1600,f_auto,q_auto/v1/TechnicalNames/SFM1_STSU868_C013.jpg?_i=AB",Roller in Bright Orange,6,,,,,,,,,,,,,,,,,,
image,MP-0113,,,,,,,,,,,,,,,,,,,,,,,,,,,,c005,,,,,"https://res.cloudinary.com/www-stanleystella-com/image/upload/c_lpad,w_1600,f_auto,q_auto/v1/TechnicalNames/PFM0_STSU868_C005.jpg?_i=AB",Roller in Cotton Pink,7,,,,,,,,,,,,,,,,,,
image,MP-0113,,,,,,,,,,,,,,,,,,,,,,,,,,,,c038,,,,,"https://res.cloudinary.com/www-stanleystella-com/image/upload/c_lpad,w_1600,f_auto,q_auto/v1/TechnicalNames/SFM2_STSU868_C038.jpg?_i=AB",Roller in Canyon Pink,8,,,,,,,,,,,,,,,,,,
image,MP-0113,,,,,,,,,,,,,,,,,,,,,,,,,,,,c151,,,,,"https://res.cloudinary.com/www-stanleystella-com/image/upload/c_lpad,w_1600,f_auto,q_auto/v1/TechnicalNames/SBM0_STSU868_C151.jpg?_i=AB",Roller in Deep Plum,9,,,,,,,,,,,,,,,,,,
image,MP-0113,,,,,,,,,,,,,,,,,,,,,,,,,,,,c244,,,,,"https://res.cloudinary.com/www-stanleystella-com/image/upload/c_lpad,w_1600,f_auto,q_auto/v1/TechnicalNames/SFC5_STSU868_C244.jpg?_i=AB",Roller in Burgundy,10,,,,,,,,,,,,,,,,,,
image,MP-0113,,,,,,,,,,,,,,,,,,,,,,,,,,,,c004,,,,,"https://res.cloudinary.com/www-stanleystella-com/image/upload/c_lpad,w_1600,f_auto,q_auto/v1/TechnicalNames/SFC5_STSU868_C004.jpg?_i=AB",Roller in Red,11,,,,,,,,,,,,,,,,,,
image,MP-0113,,,,,,,,,,,,,,,,,,,,,,,,,,,,c359,,,,,"https://res.cloudinary.com/www-stanleystella-com/image/upload/c_lpad,w_1600,f_auto,q_auto/v1/TechnicalNames/PBM0_STSU868_C359.jpg?_i=AB",Roller in Dusk,12,,,,,,,,,,,,,,,,,,
image,MP-0113,,,,,,,,,,,,,,,,,,,,,,,,,,,,c230,,,,,"https://res.cloudinary.com/www-stanleystella-com/image/upload/c_lpad,w_1600,f_auto,q_auto/v1/TechnicalNames/SFD0_STSU868_C230.jpg?_i=AB",Roller in Royal Blue,13,,,,,,,,,,,,,,,,,,
image,MP-0113,,,,,,,,,,,,,,,,,,,,,,,,,,,,c728,,,,,"https://res.cloudinary.com/www-stanleystella-com/image/upload/c_lpad,w_1600,f_auto,q_auto/v1/TechnicalNames/SFD1_STSU868_C728.jpg?_i=AB",Roller in Blue Ice,14,,,,,,,,,,,,,,,,,,
image,MP-0113,,,,,,,,,,,,,,,,,,,,,,,,,,,,c156,,,,,"https://res.cloudinary.com/www-stanleystella-com/image/upload/c_lpad,w_1600,f_auto,q_auto/v1/TechnicalNames/SBM0_STSU868_C156.jpg?_i=AB",Roller in Blue Grey,15,,,,,,,,,,,,,,,,,,
image,MP-0113,,,,,,,,,,,,,,,,,,,,,,,,,,,,c232,,,,,"https://res.cloudinary.com/www-stanleystella-com/image/upload/c_lpad,w_1600,f_auto,q_auto/v1/TechnicalNames/SFM3_STSU868_C232.jpg?_i=AB",Roller in Sky blue,16,,,,,,,,,,,,,,,,,,
image,MP-0113,,,,,,,,,,,,,,,,,,,,,,,,,,,,c057,,,,,"https://res.cloudinary.com/www-stanleystella-com/image/upload/c_lpad,w_1600,f_auto,q_auto/v1/TechnicalNames/SFM1_STSU868_C057.jpg?_i=AB",Roller in Serene Blue,17,,,,,,,,,,,,,,,,,,
image,MP-0113,,,,,,,,,,,,,,,,,,,,,,,,,,,,c724,,,,,"https://res.cloudinary.com/www-stanleystella-com/image/upload/c_lpad,w_1600,f_auto,q_auto/v1/TechnicalNames/SFM1_STSU868_C724.jpg?_i=AB",Roller in Caribbean Blue,18,,,,,,,,,,,,,,,,,,
image,MP-0113,,,,,,,,,,,,,,,,,,,,,,,,,,,,c137,,,,,"https://res.cloudinary.com/www-stanleystella-com/image/upload/c_lpad,w_1600,f_auto,q_auto/v1/TechnicalNames/SFM0_STSU868_C137.jpg?_i=AB",Roller in Verdant Green,19,,,,,,,,,,,,,,,,,,
image,MP-0113,,,,,,,,,,,,,,,,,,,,,,,,,,,,c224,,,,,"https://res.cloudinary.com/www-stanleystella-com/image/upload/c_lpad,w_1600,f_auto,q_auto/v1/TechnicalNames/SFM1_STSU868_C224.jpg?_i=AB",Roller in Bottle Green,20,,,,,,,,,,,,,,,,,,
image,MP-0113,,,,,,,,,,,,,,,,,,,,,,,,,,,,c059,,,,,"https://res.cloudinary.com/www-stanleystella-com/image/upload/c_lpad,w_1600,f_auto,q_auto/v1/TechnicalNames/SFM1_STSU868_C059.jpg?_i=AB",Roller in Stem Green,21,,,,,,,,,,,,,,,,,,
image,MP-0113,,,,,,,,,,,,,,,,,,,,,,,,,,,,c223,,,,,"https://res.cloudinary.com/www-stanleystella-com/image/upload/c_lpad,w_1600,f_auto,q_auto/v1/TechnicalNames/SFC5_STSU868_C223.jpg?_i=AB",Roller in Khaki,22,,,,,,,,,,,,,,,,,,
image,MP-0113,,,,,,,,,,,,,,,,,,,,,,,,,,,,c204,,,,,"https://res.cloudinary.com/www-stanleystella-com/image/upload/c_lpad,w_1600,f_auto,q_auto/v1/TechnicalNames/SFM1_STSU868_C204.jpg?_i=AB",Roller in Spectra Yellow,23,,,,,,,,,,,,,,,,,,
image,MP-0113,,,,,,,,,,,,,,,,,,,,,,,,,,,,c730,,,,,"https://res.cloudinary.com/www-stanleystella-com/image/upload/c_lpad,w_1600,f_auto,q_auto/v1/TechnicalNames/SBM0_STSU868_C730.jpg?_i=AB",Roller in Heritage Brown,24,,,,,,,,,,,,,,,,,,
image,MP-0113,,,,,,,,,,,,,,,,,,,,,,,,,,,,c135,,,,,"https://res.cloudinary.com/www-stanleystella-com/image/upload/c_lpad,w_1600,f_auto,q_auto/v1/TechnicalNames/PBM0_STSU868_C135.jpg?_i=AB",Roller in Mocha,25,,,,,,,,,,,,,,,,,,
image,MP-0113,,,,,,,,,,,,,,,,,,,,,,,,,,,,c028,,,,,"https://res.cloudinary.com/www-stanleystella-com/image/upload/c_lpad,w_1600,f_auto,q_auto/v1/TechnicalNames/SBM0_STSU868_C028.jpg?_i=AB",Roller in Desert Dust,26,,,,,,,,,,,,,,,,,,
image,MP-0113,,,,,,,,,,,,,,,,,,,,,,,,,,,,c504,,,,,"https://res.cloudinary.com/www-stanleystella-com/image/upload/c_lpad,w_1600,f_auto,q_auto/v1/TechnicalNames/SFM1_STSU868_C504.jpg?_i=AB",Roller in Vintage White,27,,,,,,,,,,,,,,,,,,
image,MP-0113,,,,,,,,,,,,,,,,,,,,,,,,,,,,c715,,,,,"https://res.cloudinary.com/www-stanleystella-com/image/upload/c_lpad,w_1600,f_auto,q_auto/v1/TechnicalNames/SFM1_STSU868_C715.jpg?_i=AB",Roller in India Ink Grey,28,,,,,,,,,,,,,,,,,,
image,MP-0113,,,,,,,,,,,,,,,,,,,,,,,,,,,,c253,,,,,"https://res.cloudinary.com/www-stanleystella-com/image/upload/c_lpad,w_1600,f_auto,q_auto/v1/TechnicalNames/SFC5_STSU868_C253.jpg?_i=AB",Roller in Anthracite,29,,,,,,,,,,,,,,,,,,
image,MP-0113,,,,,,,,,,,,,,,,,,,,,,,,,,,,c651,,,,,"https://res.cloudinary.com/www-stanleystella-com/image/upload/c_lpad,w_1600,f_auto,q_auto/v1/TechnicalNames/SFD6_STSU868_C651.jpg?_i=AB",Roller in Dark Heather Grey,30,,,,,,,,,,,,,,,,,,
decoration,MP-0113,,,,,,,,,,,,,,,,,,,,,,,,,,,,,,,,,,,,embroidery,front,160,160,6,Vector or DST,Default maximum for the category — confirm per product.,,,,,,,,,,,
decoration,MP-0113,,,,,,,,,,,,,,,,,,,,,,,,,,,,,,,,,,,,embroidery,back,200,200,6,Vector or DST,Default maximum for the category — confirm per product.,,,,,,,,,,,
decoration,MP-0113,,,,,,,,,,,,,,,,,,,,,,,,,,,,,,,,,,,,embroidery,left_chest,90,90,6,Vector or DST,Default maximum for the category — confirm per product.,,,,,,,,,,,
decoration,MP-0113,,,,,,,,,,,,,,,,,,,,,,,,,,,,,,,,,,,,embroidery,sleeve,70,70,6,Vector or DST,Default maximum for the category — confirm per product.,,,,,,,,,,,
decoration,MP-0113,,,,,,,,,,,,,,,,,,,,,,,,,,,,,,,,,,,,screen,front,300,400,4,Vector,Default maximum for the category — confirm per product.,,,,,,,,,,,
decoration,MP-0113,,,,,,,,,,,,,,,,,,,,,,,,,,,,,,,,,,,,screen,back,320,420,4,Vector,Default maximum for the category — confirm per product.,,,,,,,,,,,
decoration,MP-0113,,,,,,,,,,,,,,,,,,,,,,,,,,,,,,,,,,,,screen,left_chest,100,100,4,Vector,Default maximum for the category — confirm per product.,,,,,,,,,,,
decoration,MP-0113,,,,,,,,,,,,,,,,,,,,,,,,,,,,,,,,,,,,screen,sleeve,80,300,4,Vector,Default maximum for the category — confirm per product.,,,,,,,,,,,
decoration,MP-0113,,,,,,,,,,,,,,,,,,,,,,,,,,,,,,,,,,,,dtf,front,300,400,4,Vector,Default maximum for the category — confirm per product.,,,,,,,,,,,
decoration,MP-0113,,,,,,,,,,,,,,,,,,,,,,,,,,,,,,,,,,,,dtf,back,320,420,4,Vector,Default maximum for the category — confirm per product.,,,,,,,,,,,
decoration,MP-0113,,,,,,,,,,,,,,,,,,,,,,,,,,,,,,,,,,,,dtf,left_chest,100,100,4,Vector,Default maximum for the category — confirm per product.,,,,,,,,,,,
decoration,MP-0113,,,,,,,,,,,,,,,,,,,,,,,,,,,,,,,,,,,,dtf,sleeve,80,300,4,Vector,Default maximum for the category — confirm per product.,,,,,,,,,,,
decoration,MP-0113,,,,,,,,,,,,,,,,,,,,,,,,,,,,,,,,,,,,dtg,front,300,400,4,Vector,Default maximum for the category — confirm per product.,,,,,,,,,,,
decoration,MP-0113,,,,,,,,,,,,,,,,,,,,,,,,,,,,,,,,,,,,dtg,back,320,420,4,Vector,Default maximum for the category — confirm per product.,,,,,,,,,,,
decoration,MP-0113,,,,,,,,,,,,,,,,,,,,,,,,,,,,,,,,,,,,dtg,left_chest,100,100,4,Vector,Default maximum for the category — confirm per product.,,,,,,,,,,,
decoration,MP-0113,,,,,,,,,,,,,,,,,,,,,,,,,,,,,,,,,,,,dtg,sleeve,80,300,4,Vector,Default maximum for the category — confirm per product.,,,,,,,,,,,
product,MP-0114,ryler,Ryler,Sweatshirts,published,25,EUR,47.36,44.20,41.17,38.76,37.61,20.90,3,5,c002|c727|c054|c153|c138,XXS|XS|S|M|L|XL|XXL|3XL,embroidery|screen|dtf|dtg,front|back|left_chest|sleeve,yes,"Shell: Brushed, 50% Cotton - Recycled Ring Spun Carded,50% Cotton - Organic Ring Spun Carded, Fabric washed","Shell: Brushed, 50% Cotton - Recycled Ring Spun Carded,50% Cotton - Organic Ring Spun Carded, Fabric washed",400,,,,Stanley/Stella,STSU255,,,,,,,,,,,,,,,cost 20.90; worst-case decoration 5.86 at 100; market blank 25.91; ours 1.59x market,,,,,,,,,,,
variant,MP-0114,,,,published,,,,,,,,,,,,,,,,,,,,,,,,c002,MP0114-C002,0.00,,,,,,,,,,,,,,,,,,,,,,,
variant,MP-0114,,,,published,,,,,,,,,,,,,,,,,,,,,,,,c727,MP0114-C727,0.00,,,,,,,,,,,,,,,,,,,,,,,
variant,MP-0114,,,,published,,,,,,,,,,,,,,,,,,,,,,,,c054,MP0114-C054,0.00,,,,,,,,,,,,,,,,,,,,,,,
variant,MP-0114,,,,published,,,,,,,,,,,,,,,,,,,,,,,,c153,MP0114-C153,0.00,,,,,,,,,,,,,,,,,,,,,,,
variant,MP-0114,,,,published,,,,,,,,,,,,,,,,,,,,,,,,c138,MP0114-C138,0.00,,,,,,,,,,,,,,,,,,,,,,,
image,MP-0114,,,,,,,,,,,,,,,,,,,,,,,,,,,,,,,,,"https://res.cloudinary.com/www-stanleystella-com/image/upload/c_lpad,w_1600,f_auto,q_auto/v1/TechnicalNames/SBM0_STSU255_C002.jpg?_i=AB",Ryler in Black,1,,,,,,,,,,,,,,,,,,
image,MP-0114,,,,,,,,,,,,,,,,,,,,,,,,,,,,c727,,,,,"https://res.cloudinary.com/www-stanleystella-com/image/upload/c_lpad,w_1600,f_auto,q_auto/v1/TechnicalNames/SBM0_STSU255_C727.jpg?_i=AB",Ryler in French Navy,2,,,,,,,,,,,,,,,,,,
image,MP-0114,,,,,,,,,,,,,,,,,,,,,,,,,,,,c054,,,,,"https://res.cloudinary.com/www-stanleystella-com/image/upload/c_lpad,w_1600,f_auto,q_auto/v1/TechnicalNames/SBM0_STSU255_C054.jpg?_i=AB",Ryler in Natural Raw,3,,,,,,,,,,,,,,,,,,
image,MP-0114,,,,,,,,,,,,,,,,,,,,,,,,,,,,c153,,,,,"https://res.cloudinary.com/www-stanleystella-com/image/upload/c_lpad,w_1600,f_auto,q_auto/v1/TechnicalNames/DFM0_STSU255_C153.jpg?_i=AB",Ryler in Faded Olive,4,,,,,,,,,,,,,,,,,,
image,MP-0114,,,,,,,,,,,,,,,,,,,,,,,,,,,,c138,,,,,"https://res.cloudinary.com/www-stanleystella-com/image/upload/c_lpad,w_1600,f_auto,q_auto/v1/TechnicalNames/SBM0_STSU255_C138.jpg?_i=AB",Ryler in Misty Grey,5,,,,,,,,,,,,,,,,,,
decoration,MP-0114,,,,,,,,,,,,,,,,,,,,,,,,,,,,,,,,,,,,embroidery,front,160,160,6,Vector or DST,Default maximum for the category — confirm per product.,,,,,,,,,,,
decoration,MP-0114,,,,,,,,,,,,,,,,,,,,,,,,,,,,,,,,,,,,embroidery,back,200,200,6,Vector or DST,Default maximum for the category — confirm per product.,,,,,,,,,,,
decoration,MP-0114,,,,,,,,,,,,,,,,,,,,,,,,,,,,,,,,,,,,embroidery,left_chest,90,90,6,Vector or DST,Default maximum for the category — confirm per product.,,,,,,,,,,,
decoration,MP-0114,,,,,,,,,,,,,,,,,,,,,,,,,,,,,,,,,,,,embroidery,sleeve,70,70,6,Vector or DST,Default maximum for the category — confirm per product.,,,,,,,,,,,
decoration,MP-0114,,,,,,,,,,,,,,,,,,,,,,,,,,,,,,,,,,,,screen,front,300,400,4,Vector,Default maximum for the category — confirm per product.,,,,,,,,,,,
decoration,MP-0114,,,,,,,,,,,,,,,,,,,,,,,,,,,,,,,,,,,,screen,back,320,420,4,Vector,Default maximum for the category — confirm per product.,,,,,,,,,,,
decoration,MP-0114,,,,,,,,,,,,,,,,,,,,,,,,,,,,,,,,,,,,screen,left_chest,100,100,4,Vector,Default maximum for the category — confirm per product.,,,,,,,,,,,
decoration,MP-0114,,,,,,,,,,,,,,,,,,,,,,,,,,,,,,,,,,,,screen,sleeve,80,300,4,Vector,Default maximum for the category — confirm per product.,,,,,,,,,,,
decoration,MP-0114,,,,,,,,,,,,,,,,,,,,,,,,,,,,,,,,,,,,dtf,front,300,400,4,Vector,Default maximum for the category — confirm per product.,,,,,,,,,,,
decoration,MP-0114,,,,,,,,,,,,,,,,,,,,,,,,,,,,,,,,,,,,dtf,back,320,420,4,Vector,Default maximum for the category — confirm per product.,,,,,,,,,,,
decoration,MP-0114,,,,,,,,,,,,,,,,,,,,,,,,,,,,,,,,,,,,dtf,left_chest,100,100,4,Vector,Default maximum for the category — confirm per product.,,,,,,,,,,,
decoration,MP-0114,,,,,,,,,,,,,,,,,,,,,,,,,,,,,,,,,,,,dtf,sleeve,80,300,4,Vector,Default maximum for the category — confirm per product.,,,,,,,,,,,
decoration,MP-0114,,,,,,,,,,,,,,,,,,,,,,,,,,,,,,,,,,,,dtg,front,300,400,4,Vector,Default maximum for the category — confirm per product.,,,,,,,,,,,
decoration,MP-0114,,,,,,,,,,,,,,,,,,,,,,,,,,,,,,,,,,,,dtg,back,320,420,4,Vector,Default maximum for the category — confirm per product.,,,,,,,,,,,
decoration,MP-0114,,,,,,,,,,,,,,,,,,,,,,,,,,,,,,,,,,,,dtg,left_chest,100,100,4,Vector,Default maximum for the category — confirm per product.,,,,,,,,,,,
decoration,MP-0114,,,,,,,,,,,,,,,,,,,,,,,,,,,,,,,,,,,,dtg,sleeve,80,300,4,Vector,Default maximum for the category — confirm per product.,,,,,,,,,,,
product,MP-0115,sculpter,Sculpter,Sweatshirts,published,25,EUR,,,,,,,3,5,c173|c002,XXS|XS|S|M|L|XL|XXL|3XL,embroidery|screen|dtf|dtg,front|back|left_chest|sleeve,yes,"Shell: Brushed, 85% Cotton - Organic Ring Spun Combed,15% Polyester - Recycled, Fabric washed","Shell: Brushed, 85% Cotton - Organic Ring Spun Combed,15% Polyester - Recycled, Fabric washed",500,,,,Stanley/Stella,STSU278,,,,,,,,,,,,,,,No supplier cost on file — quote on inquiry.,,,,,,,,,,,
variant,MP-0115,,,,published,,,,,,,,,,,,,,,,,,,,,,,,c173,MP0115-C173,0.00,,,,,,,,,,,,,,,,,,,,,,,
variant,MP-0115,,,,published,,,,,,,,,,,,,,,,,,,,,,,,c002,MP0115-C002,0.00,,,,,,,,,,,,,,,,,,,,,,,
image,MP-0115,,,,,,,,,,,,,,,,,,,,,,,,,,,,,,,,,"https://res.cloudinary.com/www-stanleystella-com/image/upload/c_lpad,w_1600,f_auto,q_auto/v1/TechnicalNames/SFM0_STSU278_C173.jpg?_i=AB",Sculpter in Pebble Blue,1,,,,,,,,,,,,,,,,,,
image,MP-0115,,,,,,,,,,,,,,,,,,,,,,,,,,,,c002,,,,,"https://res.cloudinary.com/www-stanleystella-com/image/upload/c_lpad,w_1600,f_auto,q_auto/v1/TechnicalNames/PBM0_STSU278_C002.jpg?_i=AB",Sculpter in Black,2,,,,,,,,,,,,,,,,,,
decoration,MP-0115,,,,,,,,,,,,,,,,,,,,,,,,,,,,,,,,,,,,embroidery,front,160,160,6,Vector or DST,Default maximum for the category — confirm per product.,,,,,,,,,,,
decoration,MP-0115,,,,,,,,,,,,,,,,,,,,,,,,,,,,,,,,,,,,embroidery,back,200,200,6,Vector or DST,Default maximum for the category — confirm per product.,,,,,,,,,,,
decoration,MP-0115,,,,,,,,,,,,,,,,,,,,,,,,,,,,,,,,,,,,embroidery,left_chest,90,90,6,Vector or DST,Default maximum for the category — confirm per product.,,,,,,,,,,,
decoration,MP-0115,,,,,,,,,,,,,,,,,,,,,,,,,,,,,,,,,,,,embroidery,sleeve,70,70,6,Vector or DST,Default maximum for the category — confirm per product.,,,,,,,,,,,
decoration,MP-0115,,,,,,,,,,,,,,,,,,,,,,,,,,,,,,,,,,,,screen,front,300,400,4,Vector,Default maximum for the category — confirm per product.,,,,,,,,,,,
decoration,MP-0115,,,,,,,,,,,,,,,,,,,,,,,,,,,,,,,,,,,,screen,back,320,420,4,Vector,Default maximum for the category — confirm per product.,,,,,,,,,,,
decoration,MP-0115,,,,,,,,,,,,,,,,,,,,,,,,,,,,,,,,,,,,screen,left_chest,100,100,4,Vector,Default maximum for the category — confirm per product.,,,,,,,,,,,
decoration,MP-0115,,,,,,,,,,,,,,,,,,,,,,,,,,,,,,,,,,,,screen,sleeve,80,300,4,Vector,Default maximum for the category — confirm per product.,,,,,,,,,,,
decoration,MP-0115,,,,,,,,,,,,,,,,,,,,,,,,,,,,,,,,,,,,dtf,front,300,400,4,Vector,Default maximum for the category — confirm per product.,,,,,,,,,,,
decoration,MP-0115,,,,,,,,,,,,,,,,,,,,,,,,,,,,,,,,,,,,dtf,back,320,420,4,Vector,Default maximum for the category — confirm per product.,,,,,,,,,,,
decoration,MP-0115,,,,,,,,,,,,,,,,,,,,,,,,,,,,,,,,,,,,dtf,left_chest,100,100,4,Vector,Default maximum for the category — confirm per product.,,,,,,,,,,,
decoration,MP-0115,,,,,,,,,,,,,,,,,,,,,,,,,,,,,,,,,,,,dtf,sleeve,80,300,4,Vector,Default maximum for the category — confirm per product.,,,,,,,,,,,
decoration,MP-0115,,,,,,,,,,,,,,,,,,,,,,,,,,,,,,,,,,,,dtg,front,300,400,4,Vector,Default maximum for the category — confirm per product.,,,,,,,,,,,
decoration,MP-0115,,,,,,,,,,,,,,,,,,,,,,,,,,,,,,,,,,,,dtg,back,320,420,4,Vector,Default maximum for the category — confirm per product.,,,,,,,,,,,
decoration,MP-0115,,,,,,,,,,,,,,,,,,,,,,,,,,,,,,,,,,,,dtg,left_chest,100,100,4,Vector,Default maximum for the category — confirm per product.,,,,,,,,,,,
decoration,MP-0115,,,,,,,,,,,,,,,,,,,,,,,,,,,,,,,,,,,,dtg,sleeve,80,300,4,Vector,Default maximum for the category — confirm per product.,,,,,,,,,,,
product,MP-0116,slammer-2-0,Slammer 2.0,Sweatshirts,published,25,EUR,57.98,54.82,51.79,49.37,48.23,27.80,3,5,c002|c001|c727|c250|c054|c360|c134|c359|c728|c729|c735|c223|c135|c358|c361|c146|c138,XXS|XS|S|M|L|XL|XXL|3XL,embroidery|screen|dtf|dtg,front|back|left_chest|sleeve,yes,"Shell: Brushed, 100% Cotton - Organic Ring Spun Combed, Fabric washed","Shell: Brushed, 100% Cotton - Organic Ring Spun Combed, Fabric washed",350,,,,Stanley/Stella,STSU209,,,,,,,,,,,,,,,cost 27.80; worst-case decoration 5.86 at 100; market blank 31.93; ours 1.62x market,,,,,,,,,,,
variant,MP-0116,,,,published,,,,,,,,,,,,,,,,,,,,,,,,c002,MP0116-C002,0.00,,,,,,,,,,,,,,,,,,,,,,,
variant,MP-0116,,,,published,,,,,,,,,,,,,,,,,,,,,,,,c001,MP0116-C001,0.00,,,,,,,,,,,,,,,,,,,,,,,
variant,MP-0116,,,,published,,,,,,,,,,,,,,,,,,,,,,,,c727,MP0116-C727,0.00,,,,,,,,,,,,,,,,,,,,,,,
variant,MP-0116,,,,published,,,,,,,,,,,,,,,,,,,,,,,,c250,MP0116-C250,0.00,,,,,,,,,,,,,,,,,,,,,,,
variant,MP-0116,,,,published,,,,,,,,,,,,,,,,,,,,,,,,c054,MP0116-C054,0.00,,,,,,,,,,,,,,,,,,,,,,,
variant,MP-0116,,,,published,,,,,,,,,,,,,,,,,,,,,,,,c360,MP0116-C360,0.00,,,,,,,,,,,,,,,,,,,,,,,
variant,MP-0116,,,,published,,,,,,,,,,,,,,,,,,,,,,,,c134,MP0116-C134,0.00,,,,,,,,,,,,,,,,,,,,,,,
variant,MP-0116,,,,published,,,,,,,,,,,,,,,,,,,,,,,,c359,MP0116-C359,0.00,,,,,,,,,,,,,,,,,,,,,,,
variant,MP-0116,,,,published,,,,,,,,,,,,,,,,,,,,,,,,c728,MP0116-C728,0.00,,,,,,,,,,,,,,,,,,,,,,,
variant,MP-0116,,,,published,,,,,,,,,,,,,,,,,,,,,,,,c729,MP0116-C729,0.00,,,,,,,,,,,,,,,,,,,,,,,
variant,MP-0116,,,,published,,,,,,,,,,,,,,,,,,,,,,,,c735,MP0116-C735,0.00,,,,,,,,,,,,,,,,,,,,,,,
variant,MP-0116,,,,published,,,,,,,,,,,,,,,,,,,,,,,,c223,MP0116-C223,0.00,,,,,,,,,,,,,,,,,,,,,,,
variant,MP-0116,,,,published,,,,,,,,,,,,,,,,,,,,,,,,c135,MP0116-C135,0.00,,,,,,,,,,,,,,,,,,,,,,,
variant,MP-0116,,,,published,,,,,,,,,,,,,,,,,,,,,,,,c358,MP0116-C358,0.00,,,,,,,,,,,,,,,,,,,,,,,
variant,MP-0116,,,,published,,,,,,,,,,,,,,,,,,,,,,,,c361,MP0116-C361,0.00,,,,,,,,,,,,,,,,,,,,,,,
variant,MP-0116,,,,published,,,,,,,,,,,,,,,,,,,,,,,,c146,MP0116-C146,0.00,,,,,,,,,,,,,,,,,,,,,,,
variant,MP-0116,,,,published,,,,,,,,,,,,,,,,,,,,,,,,c138,MP0116-C138,0.00,,,,,,,,,,,,,,,,,,,,,,,
image,MP-0116,,,,,,,,,,,,,,,,,,,,,,,,,,,,,,,,,"https://res.cloudinary.com/www-stanleystella-com/image/upload/c_lpad,w_1600,f_auto,q_auto/v1/TechnicalNames/SBM0_STSU209_C002.jpg?_i=AB",Slammer 2.0 in Black,1,,,,,,,,,,,,,,,,,,
image,MP-0116,,,,,,,,,,,,,,,,,,,,,,,,,,,,c001,,,,,"https://res.cloudinary.com/www-stanleystella-com/image/upload/c_lpad,w_1600,f_auto,q_auto/v1/TechnicalNames/SBM0_STSU209_C001.jpg?_i=AB",Slammer 2.0 in White,2,,,,,,,,,,,,,,,,,,
image,MP-0116,,,,,,,,,,,,,,,,,,,,,,,,,,,,c727,,,,,"https://res.cloudinary.com/www-stanleystella-com/image/upload/c_lpad,w_1600,f_auto,q_auto/v1/TechnicalNames/SBM0_STSU209_C727.jpg?_i=AB",Slammer 2.0 in French Navy,3,,,,,,,,,,,,,,,,,,
image,MP-0116,,,,,,,,,,,,,,,,,,,,,,,,,,,,c250,,,,,"https://res.cloudinary.com/www-stanleystella-com/image/upload/c_lpad,w_1600,f_auto,q_auto/v1/TechnicalNames/SBM0_STSU209_C250.jpg?_i=AB",Slammer 2.0 in Heather Grey,4,,,,,,,,,,,,,,,,,,
image,MP-0116,,,,,,,,,,,,,,,,,,,,,,,,,,,,c054,,,,,"https://res.cloudinary.com/www-stanleystella-com/image/upload/c_lpad,w_1600,f_auto,q_auto/v1/TechnicalNames/DFM0_STSU209_C054.jpg?_i=AB",Slammer 2.0 in Natural Raw,5,,,,,,,,,,,,,,,,,,
image,MP-0116,,,,,,,,,,,,,,,,,,,,,,,,,,,,c360,,,,,"https://res.cloudinary.com/www-stanleystella-com/image/upload/c_lpad,w_1600,f_auto,q_auto/v1/TechnicalNames/PBM0_STSU209_C360.jpg?_i=AB",Slammer 2.0 in Pink Joy,6,,,,,,,,,,,,,,,,,,
image,MP-0116,,,,,,,,,,,,,,,,,,,,,,,,,,,,c134,,,,,"https://res.cloudinary.com/www-stanleystella-com/image/upload/c_lpad,w_1600,f_auto,q_auto/v1/TechnicalNames/PBM0_STSU209_C134.jpg?_i=AB",Slammer 2.0 in Violet,7,,,,,,,,,,,,,,,,,,
image,MP-0116,,,,,,,,,,,,,,,,,,,,,,,,,,,,c359,,,,,"https://res.cloudinary.com/www-stanleystella-com/image/upload/c_lpad,w_1600,f_auto,q_auto/v1/TechnicalNames/PBM0_STSU209_C359.jpg?_i=AB",Slammer 2.0 in Dusk,8,,,,,,,,,,,,,,,,,,
image,MP-0116,,,,,,,,,,,,,,,,,,,,,,,,,,,,c728,,,,,"https://res.cloudinary.com/www-stanleystella-com/image/upload/c_lpad,w_1600,f_auto,q_auto/v1/TechnicalNames/SBM0_STSU209_C728.jpg?_i=AB",Slammer 2.0 in Blue Ice,9,,,,,,,,,,,,,,,,,,
image,MP-0116,,,,,,,,,,,,,,,,,,,,,,,,,,,,c729,,,,,"https://res.cloudinary.com/www-stanleystella-com/image/upload/c_lpad,w_1600,f_auto,q_auto/v1/TechnicalNames/SBM0_STSU209_C729.jpg?_i=AB",Slammer 2.0 in Mindful Blue,10,,,,,,,,,,,,,,,,,,
image,MP-0116,,,,,,,,,,,,,,,,,,,,,,,,,,,,c735,,,,,"https://res.cloudinary.com/www-stanleystella-com/image/upload/c_lpad,w_1600,f_auto,q_auto/v1/TechnicalNames/SBM0_STSU209_C735.jpg?_i=AB",Slammer 2.0 in Misty Jade,11,,,,,,,,,,,,,,,,,,
image,MP-0116,,,,,,,,,,,,,,,,,,,,,,,,,,,,c223,,,,,"https://res.cloudinary.com/www-stanleystella-com/image/upload/c_lpad,w_1600,f_auto,q_auto/v1/TechnicalNames/SBM0_STSU209_C223.jpg?_i=AB",Slammer 2.0 in Khaki,12,,,,,,,,,,,,,,,,,,
image,MP-0116,,,,,,,,,,,,,,,,,,,,,,,,,,,,c135,,,,,"https://res.cloudinary.com/www-stanleystella-com/image/upload/c_lpad,w_1600,f_auto,q_auto/v1/TechnicalNames/SFM0_STSU209_C135.jpg?_i=AB",Slammer 2.0 in Mocha,13,,,,,,,,,,,,,,,,,,
image,MP-0116,,,,,,,,,,,,,,,,,,,,,,,,,,,,c358,,,,,"https://res.cloudinary.com/www-stanleystella-com/image/upload/c_lpad,w_1600,f_auto,q_auto/v1/TechnicalNames/PBM0_STSU209_C358.jpg?_i=AB",Slammer 2.0 in Stone,14,,,,,,,,,,,,,,,,,,
image,MP-0116,,,,,,,,,,,,,,,,,,,,,,,,,,,,c361,,,,,"https://res.cloudinary.com/www-stanleystella-com/image/upload/c_lpad,w_1600,f_auto,q_auto/v1/TechnicalNames/PBM0_STSU209_C361.jpg?_i=AB",Slammer 2.0 in Cream,15,,,,,,,,,,,,,,,,,,
image,MP-0116,,,,,,,,,,,,,,,,,,,,,,,,,,,,c146,,,,,"https://res.cloudinary.com/www-stanleystella-com/image/upload/c_lpad,w_1600,f_auto,q_auto/v1/TechnicalNames/SBM0_STSU209_C146.jpg?_i=AB",Slammer 2.0 in Cool Heather Grey,16,,,,,,,,,,,,,,,,,,
image,MP-0116,,,,,,,,,,,,,,,,,,,,,,,,,,,,c138,,,,,"https://res.cloudinary.com/www-stanleystella-com/image/upload/c_lpad,w_1600,f_auto,q_auto/v1/TechnicalNames/PBM0_STSU209_C138.jpg?_i=AB",Slammer 2.0 in Misty Grey,17,,,,,,,,,,,,,,,,,,
decoration,MP-0116,,,,,,,,,,,,,,,,,,,,,,,,,,,,,,,,,,,,embroidery,front,160,160,6,Vector or DST,Default maximum for the category — confirm per product.,,,,,,,,,,,
decoration,MP-0116,,,,,,,,,,,,,,,,,,,,,,,,,,,,,,,,,,,,embroidery,back,200,200,6,Vector or DST,Default maximum for the category — confirm per product.,,,,,,,,,,,
decoration,MP-0116,,,,,,,,,,,,,,,,,,,,,,,,,,,,,,,,,,,,embroidery,left_chest,90,90,6,Vector or DST,Default maximum for the category — confirm per product.,,,,,,,,,,,
decoration,MP-0116,,,,,,,,,,,,,,,,,,,,,,,,,,,,,,,,,,,,embroidery,sleeve,70,70,6,Vector or DST,Default maximum for the category — confirm per product.,,,,,,,,,,,
decoration,MP-0116,,,,,,,,,,,,,,,,,,,,,,,,,,,,,,,,,,,,screen,front,300,400,4,Vector,Default maximum for the category — confirm per product.,,,,,,,,,,,
decoration,MP-0116,,,,,,,,,,,,,,,,,,,,,,,,,,,,,,,,,,,,screen,back,320,420,4,Vector,Default maximum for the category — confirm per product.,,,,,,,,,,,
decoration,MP-0116,,,,,,,,,,,,,,,,,,,,,,,,,,,,,,,,,,,,screen,left_chest,100,100,4,Vector,Default maximum for the category — confirm per product.,,,,,,,,,,,
decoration,MP-0116,,,,,,,,,,,,,,,,,,,,,,,,,,,,,,,,,,,,screen,sleeve,80,300,4,Vector,Default maximum for the category — confirm per product.,,,,,,,,,,,
decoration,MP-0116,,,,,,,,,,,,,,,,,,,,,,,,,,,,,,,,,,,,dtf,front,300,400,4,Vector,Default maximum for the category — confirm per product.,,,,,,,,,,,
decoration,MP-0116,,,,,,,,,,,,,,,,,,,,,,,,,,,,,,,,,,,,dtf,back,320,420,4,Vector,Default maximum for the category — confirm per product.,,,,,,,,,,,
decoration,MP-0116,,,,,,,,,,,,,,,,,,,,,,,,,,,,,,,,,,,,dtf,left_chest,100,100,4,Vector,Default maximum for the category — confirm per product.,,,,,,,,,,,
decoration,MP-0116,,,,,,,,,,,,,,,,,,,,,,,,,,,,,,,,,,,,dtf,sleeve,80,300,4,Vector,Default maximum for the category — confirm per product.,,,,,,,,,,,
decoration,MP-0116,,,,,,,,,,,,,,,,,,,,,,,,,,,,,,,,,,,,dtg,front,300,400,4,Vector,Default maximum for the category — confirm per product.,,,,,,,,,,,
decoration,MP-0116,,,,,,,,,,,,,,,,,,,,,,,,,,,,,,,,,,,,dtg,back,320,420,4,Vector,Default maximum for the category — confirm per product.,,,,,,,,,,,
decoration,MP-0116,,,,,,,,,,,,,,,,,,,,,,,,,,,,,,,,,,,,dtg,left_chest,100,100,4,Vector,Default maximum for the category — confirm per product.,,,,,,,,,,,
decoration,MP-0116,,,,,,,,,,,,,,,,,,,,,,,,,,,,,,,,,,,,dtg,sleeve,80,300,4,Vector,Default maximum for the category — confirm per product.,,,,,,,,,,,
product,MP-0117,slammer-2-0-vintage,Slammer 2.0 vintage,Sweatshirts,published,25,EUR,64.13,60.97,57.94,55.53,54.38,31.80,3,5,c732|c733|c157|c162|c140,XXS|XS|S|M|L|XL|XXL|3XL,embroidery|screen|dtf|dtg,front|back|left_chest|sleeve,yes,"Shell: Brushed, 100% Cotton - Organic Ring Spun Combed, Garment dyed","Shell: Brushed, 100% Cotton - Organic Ring Spun Combed, Garment dyed",380,,,,Stanley/Stella,STSU211,,,,,,,,,,,,,,,cost 31.80; worst-case decoration 5.86 at 100; market blank 39.02; ours 1.49x market,,,,,,,,,,,
variant,MP-0117,,,,published,,,,,,,,,,,,,,,,,,,,,,,,c732,MP0117-C732,0.00,,,,,,,,,,,,,,,,,,,,,,,
variant,MP-0117,,,,published,,,,,,,,,,,,,,,,,,,,,,,,c733,MP0117-C733,0.00,,,,,,,,,,,,,,,,,,,,,,,
variant,MP-0117,,,,published,,,,,,,,,,,,,,,,,,,,,,,,c157,MP0117-C157,0.00,,,,,,,,,,,,,,,,,,,,,,,
variant,MP-0117,,,,published,,,,,,,,,,,,,,,,,,,,,,,,c162,MP0117-C162,0.00,,,,,,,,,,,,,,,,,,,,,,,
variant,MP-0117,,,,published,,,,,,,,,,,,,,,,,,,,,,,,c140,MP0117-C140,0.00,,,,,,,,,,,,,,,,,,,,,,,
image,MP-0117,,,,,,,,,,,,,,,,,,,,,,,,,,,,,,,,,"https://res.cloudinary.com/www-stanleystella-com/image/upload/c_lpad,w_1600,f_auto,q_auto/v1/TechnicalNames/SBM0_STSU211_C732.jpg?_i=AB",Slammer 2.0 vintage in G. Dyed Blue Stone,1,,,,,,,,,,,,,,,,,,
image,MP-0117,,,,,,,,,,,,,,,,,,,,,,,,,,,,c733,,,,,"https://res.cloudinary.com/www-stanleystella-com/image/upload/c_lpad,w_1600,f_auto,q_auto/v1/TechnicalNames/SBM0_STSU211_C733.jpg?_i=AB",Slammer 2.0 vintage in G. Dyed Latte,2,,,,,,,,,,,,,,,,,,
image,MP-0117,,,,,,,,,,,,,,,,,,,,,,,,,,,,c157,,,,,"https://res.cloudinary.com/www-stanleystella-com/image/upload/c_lpad,w_1600,f_auto,q_auto/v1/TechnicalNames/SBM0_STSU211_C157.jpg?_i=AB",Slammer 2.0 vintage in G. Dyed Misty Grey,3,,,,,,,,,,,,,,,,,,
image,MP-0117,,,,,,,,,,,,,,,,,,,,,,,,,,,,c162,,,,,"https://res.cloudinary.com/www-stanleystella-com/image/upload/c_lpad,w_1600,f_auto,q_auto/v1/TechnicalNames/SFM1_STSU211_C162.jpg?_i=AB",Slammer 2.0 vintage in G. Dyed Anthracite,4,,,,,,,,,,,,,,,,,,
image,MP-0117,,,,,,,,,,,,,,,,,,,,,,,,,,,,c140,,,,,"https://res.cloudinary.com/www-stanleystella-com/image/upload/c_lpad,w_1600,f_auto,q_auto/v1/TechnicalNames/DFM0_STSU211_C140.jpg?_i=AB",Slammer 2.0 vintage in G. Dyed Black Rock,5,,,,,,,,,,,,,,,,,,
decoration,MP-0117,,,,,,,,,,,,,,,,,,,,,,,,,,,,,,,,,,,,embroidery,front,160,160,6,Vector or DST,Default maximum for the category — confirm per product.,,,,,,,,,,,
decoration,MP-0117,,,,,,,,,,,,,,,,,,,,,,,,,,,,,,,,,,,,embroidery,back,200,200,6,Vector or DST,Default maximum for the category — confirm per product.,,,,,,,,,,,
decoration,MP-0117,,,,,,,,,,,,,,,,,,,,,,,,,,,,,,,,,,,,embroidery,left_chest,90,90,6,Vector or DST,Default maximum for the category — confirm per product.,,,,,,,,,,,
decoration,MP-0117,,,,,,,,,,,,,,,,,,,,,,,,,,,,,,,,,,,,embroidery,sleeve,70,70,6,Vector or DST,Default maximum for the category — confirm per product.,,,,,,,,,,,
decoration,MP-0117,,,,,,,,,,,,,,,,,,,,,,,,,,,,,,,,,,,,screen,front,300,400,4,Vector,Default maximum for the category — confirm per product.,,,,,,,,,,,
decoration,MP-0117,,,,,,,,,,,,,,,,,,,,,,,,,,,,,,,,,,,,screen,back,320,420,4,Vector,Default maximum for the category — confirm per product.,,,,,,,,,,,
decoration,MP-0117,,,,,,,,,,,,,,,,,,,,,,,,,,,,,,,,,,,,screen,left_chest,100,100,4,Vector,Default maximum for the category — confirm per product.,,,,,,,,,,,
decoration,MP-0117,,,,,,,,,,,,,,,,,,,,,,,,,,,,,,,,,,,,screen,sleeve,80,300,4,Vector,Default maximum for the category — confirm per product.,,,,,,,,,,,
decoration,MP-0117,,,,,,,,,,,,,,,,,,,,,,,,,,,,,,,,,,,,dtf,front,300,400,4,Vector,Default maximum for the category — confirm per product.,,,,,,,,,,,
decoration,MP-0117,,,,,,,,,,,,,,,,,,,,,,,,,,,,,,,,,,,,dtf,back,320,420,4,Vector,Default maximum for the category — confirm per product.,,,,,,,,,,,
decoration,MP-0117,,,,,,,,,,,,,,,,,,,,,,,,,,,,,,,,,,,,dtf,left_chest,100,100,4,Vector,Default maximum for the category — confirm per product.,,,,,,,,,,,
decoration,MP-0117,,,,,,,,,,,,,,,,,,,,,,,,,,,,,,,,,,,,dtf,sleeve,80,300,4,Vector,Default maximum for the category — confirm per product.,,,,,,,,,,,
decoration,MP-0117,,,,,,,,,,,,,,,,,,,,,,,,,,,,,,,,,,,,dtg,front,300,400,4,Vector,Default maximum for the category — confirm per product.,,,,,,,,,,,
decoration,MP-0117,,,,,,,,,,,,,,,,,,,,,,,,,,,,,,,,,,,,dtg,back,320,420,4,Vector,Default maximum for the category — confirm per product.,,,,,,,,,,,
decoration,MP-0117,,,,,,,,,,,,,,,,,,,,,,,,,,,,,,,,,,,,dtg,left_chest,100,100,4,Vector,Default maximum for the category — confirm per product.,,,,,,,,,,,
decoration,MP-0117,,,,,,,,,,,,,,,,,,,,,,,,,,,,,,,,,,,,dtg,sleeve,80,300,4,Vector,Default maximum for the category — confirm per product.,,,,,,,,,,,
product,MP-0118,slammer-heavy,Slammer Heavy,Sweatshirts,published,25,EUR,,,,,,,3,5,c054|c002|c727|c250,XXS|XS|S|M|L|XL|XXL|3XL,embroidery|screen|dtf|dtg,front|back|left_chest|sleeve,yes,"Shell: Brushed, 100% Cotton - Organic Ring Spun Combed, Fabric washed, Light sueded","Shell: Brushed, 100% Cotton - Organic Ring Spun Combed, Fabric washed, Light sueded",500,,,,Stanley/Stella,STSU867,,,,,,,,,,,,,,,No supplier cost on file — quote on inquiry.,,,,,,,,,,,
variant,MP-0118,,,,published,,,,,,,,,,,,,,,,,,,,,,,,c054,MP0118-C054,0.00,,,,,,,,,,,,,,,,,,,,,,,
variant,MP-0118,,,,published,,,,,,,,,,,,,,,,,,,,,,,,c002,MP0118-C002,0.00,,,,,,,,,,,,,,,,,,,,,,,
variant,MP-0118,,,,published,,,,,,,,,,,,,,,,,,,,,,,,c727,MP0118-C727,0.00,,,,,,,,,,,,,,,,,,,,,,,
variant,MP-0118,,,,published,,,,,,,,,,,,,,,,,,,,,,,,c250,MP0118-C250,0.00,,,,,,,,,,,,,,,,,,,,,,,
image,MP-0118,,,,,,,,,,,,,,,,,,,,,,,,,,,,,,,,,"https://res.cloudinary.com/www-stanleystella-com/image/upload/c_lpad,w_1600,f_auto,q_auto/v1/TechnicalNames/SFM0_STSU867_C250.jpg?_i=AB",Slammer Heavy in Heather Grey,1,,,,,,,,,,,,,,,,,,
decoration,MP-0118,,,,,,,,,,,,,,,,,,,,,,,,,,,,,,,,,,,,embroidery,front,160,160,6,Vector or DST,Default maximum for the category — confirm per product.,,,,,,,,,,,
decoration,MP-0118,,,,,,,,,,,,,,,,,,,,,,,,,,,,,,,,,,,,embroidery,back,200,200,6,Vector or DST,Default maximum for the category — confirm per product.,,,,,,,,,,,
decoration,MP-0118,,,,,,,,,,,,,,,,,,,,,,,,,,,,,,,,,,,,embroidery,left_chest,90,90,6,Vector or DST,Default maximum for the category — confirm per product.,,,,,,,,,,,
decoration,MP-0118,,,,,,,,,,,,,,,,,,,,,,,,,,,,,,,,,,,,embroidery,sleeve,70,70,6,Vector or DST,Default maximum for the category — confirm per product.,,,,,,,,,,,
decoration,MP-0118,,,,,,,,,,,,,,,,,,,,,,,,,,,,,,,,,,,,screen,front,300,400,4,Vector,Default maximum for the category — confirm per product.,,,,,,,,,,,
decoration,MP-0118,,,,,,,,,,,,,,,,,,,,,,,,,,,,,,,,,,,,screen,back,320,420,4,Vector,Default maximum for the category — confirm per product.,,,,,,,,,,,
decoration,MP-0118,,,,,,,,,,,,,,,,,,,,,,,,,,,,,,,,,,,,screen,left_chest,100,100,4,Vector,Default maximum for the category — confirm per product.,,,,,,,,,,,
decoration,MP-0118,,,,,,,,,,,,,,,,,,,,,,,,,,,,,,,,,,,,screen,sleeve,80,300,4,Vector,Default maximum for the category — confirm per product.,,,,,,,,,,,
decoration,MP-0118,,,,,,,,,,,,,,,,,,,,,,,,,,,,,,,,,,,,dtf,front,300,400,4,Vector,Default maximum for the category — confirm per product.,,,,,,,,,,,
decoration,MP-0118,,,,,,,,,,,,,,,,,,,,,,,,,,,,,,,,,,,,dtf,back,320,420,4,Vector,Default maximum for the category — confirm per product.,,,,,,,,,,,
decoration,MP-0118,,,,,,,,,,,,,,,,,,,,,,,,,,,,,,,,,,,,dtf,left_chest,100,100,4,Vector,Default maximum for the category — confirm per product.,,,,,,,,,,,
decoration,MP-0118,,,,,,,,,,,,,,,,,,,,,,,,,,,,,,,,,,,,dtf,sleeve,80,300,4,Vector,Default maximum for the category — confirm per product.,,,,,,,,,,,
decoration,MP-0118,,,,,,,,,,,,,,,,,,,,,,,,,,,,,,,,,,,,dtg,front,300,400,4,Vector,Default maximum for the category — confirm per product.,,,,,,,,,,,
decoration,MP-0118,,,,,,,,,,,,,,,,,,,,,,,,,,,,,,,,,,,,dtg,back,320,420,4,Vector,Default maximum for the category — confirm per product.,,,,,,,,,,,
decoration,MP-0118,,,,,,,,,,,,,,,,,,,,,,,,,,,,,,,,,,,,dtg,left_chest,100,100,4,Vector,Default maximum for the category — confirm per product.,,,,,,,,,,,
decoration,MP-0118,,,,,,,,,,,,,,,,,,,,,,,,,,,,,,,,,,,,dtg,sleeve,80,300,4,Vector,Default maximum for the category — confirm per product.,,,,,,,,,,,
product,MP-0119,sounder,Sounder,Sweatshirts,published,25,EUR,48.90,45.74,42.71,40.29,39.15,21.90,3,5,c002|c001|c727|c250|c244|c230|c224|c504|c651,XXS|XS|S|M|L|XL|XXL|3XL,embroidery|screen|dtf|dtg,front|back|left_chest|sleeve,yes,"Shell: Brushed, 85% Cotton - Organic Ring Spun Combed,15% Polyester - Recycled, Fabric washed","Shell: Brushed, 85% Cotton - Organic Ring Spun Combed,15% Polyester - Recycled, Fabric washed",280,,,,Stanley/Stella,STSU229,,,,,,,,,,,,,,,cost 21.90; worst-case decoration 5.86 at 100; market blank 25.21; ours 1.69x market,,,,,,,,,,,
variant,MP-0119,,,,published,,,,,,,,,,,,,,,,,,,,,,,,c002,MP0119-C002,0.00,,,,,,,,,,,,,,,,,,,,,,,
variant,MP-0119,,,,published,,,,,,,,,,,,,,,,,,,,,,,,c001,MP0119-C001,0.00,,,,,,,,,,,,,,,,,,,,,,,
variant,MP-0119,,,,published,,,,,,,,,,,,,,,,,,,,,,,,c727,MP0119-C727,0.00,,,,,,,,,,,,,,,,,,,,,,,
variant,MP-0119,,,,published,,,,,,,,,,,,,,,,,,,,,,,,c250,MP0119-C250,0.00,,,,,,,,,,,,,,,,,,,,,,,
variant,MP-0119,,,,published,,,,,,,,,,,,,,,,,,,,,,,,c244,MP0119-C244,0.00,,,,,,,,,,,,,,,,,,,,,,,
variant,MP-0119,,,,published,,,,,,,,,,,,,,,,,,,,,,,,c230,MP0119-C230,0.00,,,,,,,,,,,,,,,,,,,,,,,
variant,MP-0119,,,,published,,,,,,,,,,,,,,,,,,,,,,,,c224,MP0119-C224,0.00,,,,,,,,,,,,,,,,,,,,,,,
variant,MP-0119,,,,published,,,,,,,,,,,,,,,,,,,,,,,,c504,MP0119-C504,0.00,,,,,,,,,,,,,,,,,,,,,,,
variant,MP-0119,,,,published,,,,,,,,,,,,,,,,,,,,,,,,c651,MP0119-C651,0.00,,,,,,,,,,,,,,,,,,,,,,,
image,MP-0119,,,,,,,,,,,,,,,,,,,,,,,,,,,,,,,,,"https://res.cloudinary.com/www-stanleystella-com/image/upload/c_lpad,w_1600,f_auto,q_auto/v1/TechnicalNames/SFC5_STSU229_C002.jpg?_i=AB",Sounder in Black,1,,,,,,,,,,,,,,,,,,
image,MP-0119,,,,,,,,,,,,,,,,,,,,,,,,,,,,c001,,,,,"https://res.cloudinary.com/www-stanleystella-com/image/upload/c_lpad,w_1600,f_auto,q_auto/v1/TechnicalNames/SFC5_STSU229_C001.jpg?_i=AB",Sounder in White,2,,,,,,,,,,,,,,,,,,
image,MP-0119,,,,,,,,,,,,,,,,,,,,,,,,,,,,c727,,,,,"https://res.cloudinary.com/www-stanleystella-com/image/upload/c_lpad,w_1600,f_auto,q_auto/v1/TechnicalNames/SFC1_STSU229_C727.jpg?_i=AB",Sounder in French Navy,3,,,,,,,,,,,,,,,,,,
image,MP-0119,,,,,,,,,,,,,,,,,,,,,,,,,,,,c250,,,,,"https://res.cloudinary.com/www-stanleystella-com/image/upload/c_lpad,w_1600,f_auto,q_auto/v1/TechnicalNames/SFC6_STSU229_C250.jpg?_i=AB",Sounder in Heather Grey,4,,,,,,,,,,,,,,,,,,
image,MP-0119,,,,,,,,,,,,,,,,,,,,,,,,,,,,c244,,,,,"https://res.cloudinary.com/www-stanleystella-com/image/upload/c_lpad,w_1600,f_auto,q_auto/v1/TechnicalNames/SFC5_STSU229_C244.jpg?_i=AB",Sounder in Burgundy,5,,,,,,,,,,,,,,,,,,
image,MP-0119,,,,,,,,,,,,,,,,,,,,,,,,,,,,c230,,,,,"https://res.cloudinary.com/www-stanleystella-com/image/upload/c_lpad,w_1600,f_auto,q_auto/v1/TechnicalNames/PBM0_STSU229_C230.jpg?_i=AB",Sounder in Royal Blue,6,,,,,,,,,,,,,,,,,,
image,MP-0119,,,,,,,,,,,,,,,,,,,,,,,,,,,,c224,,,,,"https://res.cloudinary.com/www-stanleystella-com/image/upload/c_lpad,w_1600,f_auto,q_auto/v1/TechnicalNames/SFM0_STSU229_C224.jpg?_i=AB",Sounder in Bottle Green,7,,,,,,,,,,,,,,,,,,
image,MP-0119,,,,,,,,,,,,,,,,,,,,,,,,,,,,c504,,,,,"https://res.cloudinary.com/www-stanleystella-com/image/upload/c_lpad,w_1600,f_auto,q_auto/v1/TechnicalNames/PBM0_STSU229_C504.jpg?_i=AB",Sounder in Vintage White,8,,,,,,,,,,,,,,,,,,
image,MP-0119,,,,,,,,,,,,,,,,,,,,,,,,,,,,c651,,,,,"https://res.cloudinary.com/www-stanleystella-com/image/upload/c_lpad,w_1600,f_auto,q_auto/v1/TechnicalNames/PBM0_STSU229_C651.jpg?_i=AB",Sounder in Dark Heather Grey,9,,,,,,,,,,,,,,,,,,
decoration,MP-0119,,,,,,,,,,,,,,,,,,,,,,,,,,,,,,,,,,,,embroidery,front,160,160,6,Vector or DST,Default maximum for the category — confirm per product.,,,,,,,,,,,
decoration,MP-0119,,,,,,,,,,,,,,,,,,,,,,,,,,,,,,,,,,,,embroidery,back,200,200,6,Vector or DST,Default maximum for the category — confirm per product.,,,,,,,,,,,
decoration,MP-0119,,,,,,,,,,,,,,,,,,,,,,,,,,,,,,,,,,,,embroidery,left_chest,90,90,6,Vector or DST,Default maximum for the category — confirm per product.,,,,,,,,,,,
decoration,MP-0119,,,,,,,,,,,,,,,,,,,,,,,,,,,,,,,,,,,,embroidery,sleeve,70,70,6,Vector or DST,Default maximum for the category — confirm per product.,,,,,,,,,,,
decoration,MP-0119,,,,,,,,,,,,,,,,,,,,,,,,,,,,,,,,,,,,screen,front,300,400,4,Vector,Default maximum for the category — confirm per product.,,,,,,,,,,,
decoration,MP-0119,,,,,,,,,,,,,,,,,,,,,,,,,,,,,,,,,,,,screen,back,320,420,4,Vector,Default maximum for the category — confirm per product.,,,,,,,,,,,
decoration,MP-0119,,,,,,,,,,,,,,,,,,,,,,,,,,,,,,,,,,,,screen,left_chest,100,100,4,Vector,Default maximum for the category — confirm per product.,,,,,,,,,,,
decoration,MP-0119,,,,,,,,,,,,,,,,,,,,,,,,,,,,,,,,,,,,screen,sleeve,80,300,4,Vector,Default maximum for the category — confirm per product.,,,,,,,,,,,
decoration,MP-0119,,,,,,,,,,,,,,,,,,,,,,,,,,,,,,,,,,,,dtf,front,300,400,4,Vector,Default maximum for the category — confirm per product.,,,,,,,,,,,
decoration,MP-0119,,,,,,,,,,,,,,,,,,,,,,,,,,,,,,,,,,,,dtf,back,320,420,4,Vector,Default maximum for the category — confirm per product.,,,,,,,,,,,
decoration,MP-0119,,,,,,,,,,,,,,,,,,,,,,,,,,,,,,,,,,,,dtf,left_chest,100,100,4,Vector,Default maximum for the category — confirm per product.,,,,,,,,,,,
decoration,MP-0119,,,,,,,,,,,,,,,,,,,,,,,,,,,,,,,,,,,,dtf,sleeve,80,300,4,Vector,Default maximum for the category — confirm per product.,,,,,,,,,,,
decoration,MP-0119,,,,,,,,,,,,,,,,,,,,,,,,,,,,,,,,,,,,dtg,front,300,400,4,Vector,Default maximum for the category — confirm per product.,,,,,,,,,,,
decoration,MP-0119,,,,,,,,,,,,,,,,,,,,,,,,,,,,,,,,,,,,dtg,back,320,420,4,Vector,Default maximum for the category — confirm per product.,,,,,,,,,,,
decoration,MP-0119,,,,,,,,,,,,,,,,,,,,,,,,,,,,,,,,,,,,dtg,left_chest,100,100,4,Vector,Default maximum for the category — confirm per product.,,,,,,,,,,,
decoration,MP-0119,,,,,,,,,,,,,,,,,,,,,,,,,,,,,,,,,,,,dtg,sleeve,80,300,4,Vector,Default maximum for the category — confirm per product.,,,,,,,,,,,
product,MP-0120,stanley-gamechanger,Stanley Gamechanger,Sweatshirts,published,25,EUR,57.67,54.51,51.48,49.06,47.92,27.60,3,5,c002|c001|c727|c250|c054|c244|c004|c088|c702|c036|c253,XXS|XS|S|M|L|XL|XXL|3XL|4XL|5XL,embroidery|screen|dtf|dtg,front|back|left_chest|sleeve,yes,"Shell: Brushed, 50% Cotton - Organic Ring Spun Carded,50% Cotton - Recycled Ring Spun Carded, Fabric washed","Shell: Brushed, 50% Cotton - Organic Ring Spun Carded,50% Cotton - Recycled Ring Spun Carded, Fabric washed",350,,,,Stanley/Stella,STSU257,,,,,,,,,,,,,,,cost 27.60; worst-case decoration 5.86 at 100; market blank 24.24; ours 2.12x market,,,,,,,,,,,
variant,MP-0120,,,,published,,,,,,,,,,,,,,,,,,,,,,,,c002,MP0120-C002,0.00,,,,,,,,,,,,,,,,,,,,,,,
variant,MP-0120,,,,published,,,,,,,,,,,,,,,,,,,,,,,,c001,MP0120-C001,0.00,,,,,,,,,,,,,,,,,,,,,,,
variant,MP-0120,,,,published,,,,,,,,,,,,,,,,,,,,,,,,c727,MP0120-C727,0.00,,,,,,,,,,,,,,,,,,,,,,,
variant,MP-0120,,,,published,,,,,,,,,,,,,,,,,,,,,,,,c250,MP0120-C250,0.00,,,,,,,,,,,,,,,,,,,,,,,
variant,MP-0120,,,,published,,,,,,,,,,,,,,,,,,,,,,,,c054,MP0120-C054,0.00,,,,,,,,,,,,,,,,,,,,,,,
variant,MP-0120,,,,published,,,,,,,,,,,,,,,,,,,,,,,,c244,MP0120-C244,0.00,,,,,,,,,,,,,,,,,,,,,,,
variant,MP-0120,,,,published,,,,,,,,,,,,,,,,,,,,,,,,c004,MP0120-C004,0.00,,,,,,,,,,,,,,,,,,,,,,,
variant,MP-0120,,,,published,,,,,,,,,,,,,,,,,,,,,,,,c088,MP0120-C088,0.00,,,,,,,,,,,,,,,,,,,,,,,
variant,MP-0120,,,,published,,,,,,,,,,,,,,,,,,,,,,,,c702,MP0120-C702,0.00,,,,,,,,,,,,,,,,,,,,,,,
variant,MP-0120,,,,published,,,,,,,,,,,,,,,,,,,,,,,,c036,MP0120-C036,0.00,,,,,,,,,,,,,,,,,,,,,,,
variant,MP-0120,,,,published,,,,,,,,,,,,,,,,,,,,,,,,c253,MP0120-C253,0.00,,,,,,,,,,,,,,,,,,,,,,,
image,MP-0120,,,,,,,,,,,,,,,,,,,,,,,,,,,,,,,,,"https://res.cloudinary.com/www-stanleystella-com/image/upload/c_lpad,w_1600,f_auto,q_auto/v1/TechnicalNames/SFC0_STSU257_C002.jpg?_i=AB",Stanley Gamechanger in Black,1,,,,,,,,,,,,,,,,,,
image,MP-0120,,,,,,,,,,,,,,,,,,,,,,,,,,,,c001,,,,,"https://res.cloudinary.com/www-stanleystella-com/image/upload/c_lpad,w_1600,f_auto,q_auto/v1/TechnicalNames/SFC0_STSU257_C001.jpg?_i=AB",Stanley Gamechanger in White,2,,,,,,,,,,,,,,,,,,
image,MP-0120,,,,,,,,,,,,,,,,,,,,,,,,,,,,c727,,,,,"https://res.cloudinary.com/www-stanleystella-com/image/upload/c_lpad,w_1600,f_auto,q_auto/v1/TechnicalNames/SFC0_STSU257_C727.jpg?_i=AB",Stanley Gamechanger in French Navy,3,,,,,,,,,,,,,,,,,,
image,MP-0120,,,,,,,,,,,,,,,,,,,,,,,,,,,,c250,,,,,"https://res.cloudinary.com/www-stanleystella-com/image/upload/c_lpad,w_1600,f_auto,q_auto/v1/TechnicalNames/SFC0_STSU257_C250.jpg?_i=AB",Stanley Gamechanger in Heather Grey,4,,,,,,,,,,,,,,,,,,
image,MP-0120,,,,,,,,,,,,,,,,,,,,,,,,,,,,c054,,,,,"https://res.cloudinary.com/www-stanleystella-com/image/upload/c_lpad,w_1600,f_auto,q_auto/v1/TechnicalNames/SFC0_STSU257_C054.jpg?_i=AB",Stanley Gamechanger in Natural Raw,5,,,,,,,,,,,,,,,,,,
image,MP-0120,,,,,,,,,,,,,,,,,,,,,,,,,,,,c244,,,,,"https://res.cloudinary.com/www-stanleystella-com/image/upload/c_lpad,w_1600,f_auto,q_auto/v1/TechnicalNames/SFC0_STSU257_C244.jpg?_i=AB",Stanley Gamechanger in Burgundy,6,,,,,,,,,,,,,,,,,,
image,MP-0120,,,,,,,,,,,,,,,,,,,,,,,,,,,,c004,,,,,"https://res.cloudinary.com/www-stanleystella-com/image/upload/c_lpad,w_1600,f_auto,q_auto/v1/TechnicalNames/SFC0_STSU257_C004.jpg?_i=AB",Stanley Gamechanger in Red,7,,,,,,,,,,,,,,,,,,
image,MP-0120,,,,,,,,,,,,,,,,,,,,,,,,,,,,c088,,,,,"https://res.cloudinary.com/www-stanleystella-com/image/upload/c_lpad,w_1600,f_auto,q_auto/v1/TechnicalNames/SFC0_STSU257_C088.jpg?_i=AB",Stanley Gamechanger in Worker Blue,8,,,,,,,,,,,,,,,,,,
image,MP-0120,,,,,,,,,,,,,,,,,,,,,,,,,,,,c702,,,,,"https://res.cloudinary.com/www-stanleystella-com/image/upload/c_lpad,w_1600,f_auto,q_auto/v1/TechnicalNames/SFC0_STSU257_C702.jpg?_i=AB",Stanley Gamechanger in Stargazer,9,,,,,,,,,,,,,,,,,,
image,MP-0120,,,,,,,,,,,,,,,,,,,,,,,,,,,,c036,,,,,"https://res.cloudinary.com/www-stanleystella-com/image/upload/c_lpad,w_1600,f_auto,q_auto/v1/TechnicalNames/SFC0_STSU257_C036.jpg?_i=AB",Stanley Gamechanger in Glazed Green,10,,,,,,,,,,,,,,,,,,
image,MP-0120,,,,,,,,,,,,,,,,,,,,,,,,,,,,c253,,,,,"https://res.cloudinary.com/www-stanleystella-com/image/upload/c_lpad,w_1600,f_auto,q_auto/v1/TechnicalNames/SFC0_STSU257_C253.jpg?_i=AB",Stanley Gamechanger in Anthracite,11,,,,,,,,,,,,,,,,,,
decoration,MP-0120,,,,,,,,,,,,,,,,,,,,,,,,,,,,,,,,,,,,embroidery,front,160,160,6,Vector or DST,Default maximum for the category — confirm per product.,,,,,,,,,,,
decoration,MP-0120,,,,,,,,,,,,,,,,,,,,,,,,,,,,,,,,,,,,embroidery,back,200,200,6,Vector or DST,Default maximum for the category — confirm per product.,,,,,,,,,,,
decoration,MP-0120,,,,,,,,,,,,,,,,,,,,,,,,,,,,,,,,,,,,embroidery,left_chest,90,90,6,Vector or DST,Default maximum for the category — confirm per product.,,,,,,,,,,,
decoration,MP-0120,,,,,,,,,,,,,,,,,,,,,,,,,,,,,,,,,,,,embroidery,sleeve,70,70,6,Vector or DST,Default maximum for the category — confirm per product.,,,,,,,,,,,
decoration,MP-0120,,,,,,,,,,,,,,,,,,,,,,,,,,,,,,,,,,,,screen,front,300,400,4,Vector,Default maximum for the category — confirm per product.,,,,,,,,,,,
decoration,MP-0120,,,,,,,,,,,,,,,,,,,,,,,,,,,,,,,,,,,,screen,back,320,420,4,Vector,Default maximum for the category — confirm per product.,,,,,,,,,,,
decoration,MP-0120,,,,,,,,,,,,,,,,,,,,,,,,,,,,,,,,,,,,screen,left_chest,100,100,4,Vector,Default maximum for the category — confirm per product.,,,,,,,,,,,
decoration,MP-0120,,,,,,,,,,,,,,,,,,,,,,,,,,,,,,,,,,,,screen,sleeve,80,300,4,Vector,Default maximum for the category — confirm per product.,,,,,,,,,,,
decoration,MP-0120,,,,,,,,,,,,,,,,,,,,,,,,,,,,,,,,,,,,dtf,front,300,400,4,Vector,Default maximum for the category — confirm per product.,,,,,,,,,,,
decoration,MP-0120,,,,,,,,,,,,,,,,,,,,,,,,,,,,,,,,,,,,dtf,back,320,420,4,Vector,Default maximum for the category — confirm per product.,,,,,,,,,,,
decoration,MP-0120,,,,,,,,,,,,,,,,,,,,,,,,,,,,,,,,,,,,dtf,left_chest,100,100,4,Vector,Default maximum for the category — confirm per product.,,,,,,,,,,,
decoration,MP-0120,,,,,,,,,,,,,,,,,,,,,,,,,,,,,,,,,,,,dtf,sleeve,80,300,4,Vector,Default maximum for the category — confirm per product.,,,,,,,,,,,
decoration,MP-0120,,,,,,,,,,,,,,,,,,,,,,,,,,,,,,,,,,,,dtg,front,300,400,4,Vector,Default maximum for the category — confirm per product.,,,,,,,,,,,
decoration,MP-0120,,,,,,,,,,,,,,,,,,,,,,,,,,,,,,,,,,,,dtg,back,320,420,4,Vector,Default maximum for the category — confirm per product.,,,,,,,,,,,
decoration,MP-0120,,,,,,,,,,,,,,,,,,,,,,,,,,,,,,,,,,,,dtg,left_chest,100,100,4,Vector,Default maximum for the category — confirm per product.,,,,,,,,,,,
decoration,MP-0120,,,,,,,,,,,,,,,,,,,,,,,,,,,,,,,,,,,,dtg,sleeve,80,300,4,Vector,Default maximum for the category — confirm per product.,,,,,,,,,,,
product,MP-0121,stanley-thinker,Stanley Thinker,Sweatshirts,published,25,EUR,48.13,44.97,41.94,39.53,38.38,21.40,3,5,c002|c001|c727|c250|c054|c244|c004|c088|c702|c036|c253,XXS|XS|S|M|L|XL|XXL|3XL|4XL|5XL,embroidery|screen|dtf|dtg,front|back|left_chest|sleeve,yes,"Shell: Brushed, 50% Cotton - Organic Ring Spun Carded,50% Cotton - Recycled Ring Spun Carded, Fabric washed","Shell: Brushed, 50% Cotton - Organic Ring Spun Carded,50% Cotton - Recycled Ring Spun Carded, Fabric washed",350,,,,Stanley/Stella,STSU269,,,,,,,,,,,,,,,cost 21.40; worst-case decoration 5.86 at 100; market blank 18.62; ours 2.25x market,,,,,,,,,,,
variant,MP-0121,,,,published,,,,,,,,,,,,,,,,,,,,,,,,c002,MP0121-C002,0.00,,,,,,,,,,,,,,,,,,,,,,,
variant,MP-0121,,,,published,,,,,,,,,,,,,,,,,,,,,,,,c001,MP0121-C001,0.00,,,,,,,,,,,,,,,,,,,,,,,
variant,MP-0121,,,,published,,,,,,,,,,,,,,,,,,,,,,,,c727,MP0121-C727,0.00,,,,,,,,,,,,,,,,,,,,,,,
variant,MP-0121,,,,published,,,,,,,,,,,,,,,,,,,,,,,,c250,MP0121-C250,0.00,,,,,,,,,,,,,,,,,,,,,,,
variant,MP-0121,,,,published,,,,,,,,,,,,,,,,,,,,,,,,c054,MP0121-C054,0.00,,,,,,,,,,,,,,,,,,,,,,,
variant,MP-0121,,,,published,,,,,,,,,,,,,,,,,,,,,,,,c244,MP0121-C244,0.00,,,,,,,,,,,,,,,,,,,,,,,
variant,MP-0121,,,,published,,,,,,,,,,,,,,,,,,,,,,,,c004,MP0121-C004,0.00,,,,,,,,,,,,,,,,,,,,,,,
variant,MP-0121,,,,published,,,,,,,,,,,,,,,,,,,,,,,,c088,MP0121-C088,0.00,,,,,,,,,,,,,,,,,,,,,,,
variant,MP-0121,,,,published,,,,,,,,,,,,,,,,,,,,,,,,c702,MP0121-C702,0.00,,,,,,,,,,,,,,,,,,,,,,,
variant,MP-0121,,,,published,,,,,,,,,,,,,,,,,,,,,,,,c036,MP0121-C036,0.00,,,,,,,,,,,,,,,,,,,,,,,
variant,MP-0121,,,,published,,,,,,,,,,,,,,,,,,,,,,,,c253,MP0121-C253,0.00,,,,,,,,,,,,,,,,,,,,,,,
image,MP-0121,,,,,,,,,,,,,,,,,,,,,,,,,,,,,,,,,"https://res.cloudinary.com/www-stanleystella-com/image/upload/c_lpad,w_1600,f_auto,q_auto/v1/TechnicalNames/PFM0_STSU269_C002.jpg?_i=AB",Stanley Thinker in Black,1,,,,,,,,,,,,,,,,,,
image,MP-0121,,,,,,,,,,,,,,,,,,,,,,,,,,,,c001,,,,,"https://res.cloudinary.com/www-stanleystella-com/image/upload/c_lpad,w_1600,f_auto,q_auto/v1/TechnicalNames/PFM0_STSU269_C001.jpg?_i=AB",Stanley Thinker in White,2,,,,,,,,,,,,,,,,,,
image,MP-0121,,,,,,,,,,,,,,,,,,,,,,,,,,,,c727,,,,,"https://res.cloudinary.com/www-stanleystella-com/image/upload/c_lpad,w_1600,f_auto,q_auto/v1/TechnicalNames/PFM0_STSU269_C727.jpg?_i=AB",Stanley Thinker in French Navy,3,,,,,,,,,,,,,,,,,,
image,MP-0121,,,,,,,,,,,,,,,,,,,,,,,,,,,,c250,,,,,"https://res.cloudinary.com/www-stanleystella-com/image/upload/c_lpad,w_1600,f_auto,q_auto/v1/TechnicalNames/PFM0_STSU269_C250.jpg?_i=AB",Stanley Thinker in Heather Grey,4,,,,,,,,,,,,,,,,,,
image,MP-0121,,,,,,,,,,,,,,,,,,,,,,,,,,,,c054,,,,,"https://res.cloudinary.com/www-stanleystella-com/image/upload/c_lpad,w_1600,f_auto,q_auto/v1/TechnicalNames/PFM0_STSU269_C054.jpg?_i=AB",Stanley Thinker in Natural Raw,5,,,,,,,,,,,,,,,,,,
image,MP-0121,,,,,,,,,,,,,,,,,,,,,,,,,,,,c244,,,,,"https://res.cloudinary.com/www-stanleystella-com/image/upload/c_lpad,w_1600,f_auto,q_auto/v1/TechnicalNames/PFM0_STSU269_C244.jpg?_i=AB",Stanley Thinker in Burgundy,6,,,,,,,,,,,,,,,,,,
image,MP-0121,,,,,,,,,,,,,,,,,,,,,,,,,,,,c004,,,,,"https://res.cloudinary.com/www-stanleystella-com/image/upload/c_lpad,w_1600,f_auto,q_auto/v1/TechnicalNames/PFM0_STSU269_C004.jpg?_i=AB",Stanley Thinker in Red,7,,,,,,,,,,,,,,,,,,
image,MP-0121,,,,,,,,,,,,,,,,,,,,,,,,,,,,c088,,,,,"https://res.cloudinary.com/www-stanleystella-com/image/upload/c_lpad,w_1600,f_auto,q_auto/v1/TechnicalNames/PFM0_STSU269_C088.jpg?_i=AB",Stanley Thinker in Worker Blue,8,,,,,,,,,,,,,,,,,,
image,MP-0121,,,,,,,,,,,,,,,,,,,,,,,,,,,,c702,,,,,"https://res.cloudinary.com/www-stanleystella-com/image/upload/c_lpad,w_1600,f_auto,q_auto/v1/TechnicalNames/PFM0_STSU269_C702.jpg?_i=AB",Stanley Thinker in Stargazer,9,,,,,,,,,,,,,,,,,,
image,MP-0121,,,,,,,,,,,,,,,,,,,,,,,,,,,,c036,,,,,"https://res.cloudinary.com/www-stanleystella-com/image/upload/c_lpad,w_1600,f_auto,q_auto/v1/TechnicalNames/PFM0_STSU269_C036.jpg?_i=AB",Stanley Thinker in Glazed Green,10,,,,,,,,,,,,,,,,,,
image,MP-0121,,,,,,,,,,,,,,,,,,,,,,,,,,,,c253,,,,,"https://res.cloudinary.com/www-stanleystella-com/image/upload/c_lpad,w_1600,f_auto,q_auto/v1/TechnicalNames/SFC0_STSU269_C253.jpg?_i=AB",Stanley Thinker in Anthracite,11,,,,,,,,,,,,,,,,,,
decoration,MP-0121,,,,,,,,,,,,,,,,,,,,,,,,,,,,,,,,,,,,embroidery,front,160,160,6,Vector or DST,Default maximum for the category — confirm per product.,,,,,,,,,,,
decoration,MP-0121,,,,,,,,,,,,,,,,,,,,,,,,,,,,,,,,,,,,embroidery,back,200,200,6,Vector or DST,Default maximum for the category — confirm per product.,,,,,,,,,,,
decoration,MP-0121,,,,,,,,,,,,,,,,,,,,,,,,,,,,,,,,,,,,embroidery,left_chest,90,90,6,Vector or DST,Default maximum for the category — confirm per product.,,,,,,,,,,,
decoration,MP-0121,,,,,,,,,,,,,,,,,,,,,,,,,,,,,,,,,,,,embroidery,sleeve,70,70,6,Vector or DST,Default maximum for the category — confirm per product.,,,,,,,,,,,
decoration,MP-0121,,,,,,,,,,,,,,,,,,,,,,,,,,,,,,,,,,,,screen,front,300,400,4,Vector,Default maximum for the category — confirm per product.,,,,,,,,,,,
decoration,MP-0121,,,,,,,,,,,,,,,,,,,,,,,,,,,,,,,,,,,,screen,back,320,420,4,Vector,Default maximum for the category — confirm per product.,,,,,,,,,,,
decoration,MP-0121,,,,,,,,,,,,,,,,,,,,,,,,,,,,,,,,,,,,screen,left_chest,100,100,4,Vector,Default maximum for the category — confirm per product.,,,,,,,,,,,
decoration,MP-0121,,,,,,,,,,,,,,,,,,,,,,,,,,,,,,,,,,,,screen,sleeve,80,300,4,Vector,Default maximum for the category — confirm per product.,,,,,,,,,,,
decoration,MP-0121,,,,,,,,,,,,,,,,,,,,,,,,,,,,,,,,,,,,dtf,front,300,400,4,Vector,Default maximum for the category — confirm per product.,,,,,,,,,,,
decoration,MP-0121,,,,,,,,,,,,,,,,,,,,,,,,,,,,,,,,,,,,dtf,back,320,420,4,Vector,Default maximum for the category — confirm per product.,,,,,,,,,,,
decoration,MP-0121,,,,,,,,,,,,,,,,,,,,,,,,,,,,,,,,,,,,dtf,left_chest,100,100,4,Vector,Default maximum for the category — confirm per product.,,,,,,,,,,,
decoration,MP-0121,,,,,,,,,,,,,,,,,,,,,,,,,,,,,,,,,,,,dtf,sleeve,80,300,4,Vector,Default maximum for the category — confirm per product.,,,,,,,,,,,
decoration,MP-0121,,,,,,,,,,,,,,,,,,,,,,,,,,,,,,,,,,,,dtg,front,300,400,4,Vector,Default maximum for the category — confirm per product.,,,,,,,,,,,
decoration,MP-0121,,,,,,,,,,,,,,,,,,,,,,,,,,,,,,,,,,,,dtg,back,320,420,4,Vector,Default maximum for the category — confirm per product.,,,,,,,,,,,
decoration,MP-0121,,,,,,,,,,,,,,,,,,,,,,,,,,,,,,,,,,,,dtg,left_chest,100,100,4,Vector,Default maximum for the category — confirm per product.,,,,,,,,,,,
decoration,MP-0121,,,,,,,,,,,,,,,,,,,,,,,,,,,,,,,,,,,,dtg,sleeve,80,300,4,Vector,Default maximum for the category — confirm per product.,,,,,,,,,,,
product,MP-0122,stanley-trucker,Stanley Trucker,Sweatshirts,published,25,EUR,,,,,,,3,5,c054|c002|c223|c244|c727|c250,XS|S|M|L|XL|XXL,embroidery|screen|dtf|dtg,front|back|left_chest|sleeve,yes,"Shell: Brushed, 85% Cotton - Organic Ring Spun Combed,15% Polyester - Recycled, Fabric washed, Light sueded","Shell: Brushed, 85% Cotton - Organic Ring Spun Combed,15% Polyester - Recycled, Fabric washed, Light sueded",300,,,,Stanley/Stella,STSM611,,,,,,,,,,,,,,,No supplier cost on file — quote on inquiry.,,,,,,,,,,,
variant,MP-0122,,,,published,,,,,,,,,,,,,,,,,,,,,,,,c054,MP0122-C054,0.00,,,,,,,,,,,,,,,,,,,,,,,
variant,MP-0122,,,,published,,,,,,,,,,,,,,,,,,,,,,,,c002,MP0122-C002,0.00,,,,,,,,,,,,,,,,,,,,,,,
variant,MP-0122,,,,published,,,,,,,,,,,,,,,,,,,,,,,,c223,MP0122-C223,0.00,,,,,,,,,,,,,,,,,,,,,,,
variant,MP-0122,,,,published,,,,,,,,,,,,,,,,,,,,,,,,c244,MP0122-C244,0.00,,,,,,,,,,,,,,,,,,,,,,,
variant,MP-0122,,,,published,,,,,,,,,,,,,,,,,,,,,,,,c727,MP0122-C727,0.00,,,,,,,,,,,,,,,,,,,,,,,
variant,MP-0122,,,,published,,,,,,,,,,,,,,,,,,,,,,,,c250,MP0122-C250,0.00,,,,,,,,,,,,,,,,,,,,,,,
image,MP-0122,,,,,,,,,,,,,,,,,,,,,,,,,,,,,,,,,"https://res.cloudinary.com/www-stanleystella-com/image/upload/c_lpad,w_1600,f_auto,q_auto/v1/TechnicalNames/SFM0_STSM611_C250.jpg?_i=AB",Stanley Trucker in Heather Grey,1,,,,,,,,,,,,,,,,,,
decoration,MP-0122,,,,,,,,,,,,,,,,,,,,,,,,,,,,,,,,,,,,embroidery,front,160,160,6,Vector or DST,Default maximum for the category — confirm per product.,,,,,,,,,,,
decoration,MP-0122,,,,,,,,,,,,,,,,,,,,,,,,,,,,,,,,,,,,embroidery,back,200,200,6,Vector or DST,Default maximum for the category — confirm per product.,,,,,,,,,,,
decoration,MP-0122,,,,,,,,,,,,,,,,,,,,,,,,,,,,,,,,,,,,embroidery,left_chest,90,90,6,Vector or DST,Default maximum for the category — confirm per product.,,,,,,,,,,,
decoration,MP-0122,,,,,,,,,,,,,,,,,,,,,,,,,,,,,,,,,,,,embroidery,sleeve,70,70,6,Vector or DST,Default maximum for the category — confirm per product.,,,,,,,,,,,
decoration,MP-0122,,,,,,,,,,,,,,,,,,,,,,,,,,,,,,,,,,,,screen,front,300,400,4,Vector,Default maximum for the category — confirm per product.,,,,,,,,,,,
decoration,MP-0122,,,,,,,,,,,,,,,,,,,,,,,,,,,,,,,,,,,,screen,back,320,420,4,Vector,Default maximum for the category — confirm per product.,,,,,,,,,,,
decoration,MP-0122,,,,,,,,,,,,,,,,,,,,,,,,,,,,,,,,,,,,screen,left_chest,100,100,4,Vector,Default maximum for the category — confirm per product.,,,,,,,,,,,
decoration,MP-0122,,,,,,,,,,,,,,,,,,,,,,,,,,,,,,,,,,,,screen,sleeve,80,300,4,Vector,Default maximum for the category — confirm per product.,,,,,,,,,,,
decoration,MP-0122,,,,,,,,,,,,,,,,,,,,,,,,,,,,,,,,,,,,dtf,front,300,400,4,Vector,Default maximum for the category — confirm per product.,,,,,,,,,,,
decoration,MP-0122,,,,,,,,,,,,,,,,,,,,,,,,,,,,,,,,,,,,dtf,back,320,420,4,Vector,Default maximum for the category — confirm per product.,,,,,,,,,,,
decoration,MP-0122,,,,,,,,,,,,,,,,,,,,,,,,,,,,,,,,,,,,dtf,left_chest,100,100,4,Vector,Default maximum for the category — confirm per product.,,,,,,,,,,,
decoration,MP-0122,,,,,,,,,,,,,,,,,,,,,,,,,,,,,,,,,,,,dtf,sleeve,80,300,4,Vector,Default maximum for the category — confirm per product.,,,,,,,,,,,
decoration,MP-0122,,,,,,,,,,,,,,,,,,,,,,,,,,,,,,,,,,,,dtg,front,300,400,4,Vector,Default maximum for the category — confirm per product.,,,,,,,,,,,
decoration,MP-0122,,,,,,,,,,,,,,,,,,,,,,,,,,,,,,,,,,,,dtg,back,320,420,4,Vector,Default maximum for the category — confirm per product.,,,,,,,,,,,
decoration,MP-0122,,,,,,,,,,,,,,,,,,,,,,,,,,,,,,,,,,,,dtg,left_chest,100,100,4,Vector,Default maximum for the category — confirm per product.,,,,,,,,,,,
decoration,MP-0122,,,,,,,,,,,,,,,,,,,,,,,,,,,,,,,,,,,,dtg,sleeve,80,300,4,Vector,Default maximum for the category — confirm per product.,,,,,,,,,,,
product,MP-0123,stella-alma,Stella Alma,Sweatshirts,published,25,EUR,44.90,41.74,38.71,36.29,35.15,19.30,3,5,c002|c001|c727|c054|c101|c129|c244|c063|c359|c088|c728|c156|c136|c144|c735|c356|c155|c730|c135|c146|c147|c731|c253,XS|S|M|L|XL|XXL,embroidery|screen|dtf|dtg,front|back|left_chest|sleeve,yes,"Shell: Brushed, 100% Cotton - Organic Ring Spun Combed / Heather Haze : 80% Organic Cotton - 20% Recycled Cotton, Ring Spun Combed, Fabric washed","Shell: Brushed, 100% Cotton - Organic Ring Spun Combed / Heather Haze : 80% Organic Cotton - 20% Recycled Cotton, Ring Spun Combed, Fabric washed",300,,,,Stanley/Stella,STSW212,,,,,,,,,,,,,,,cost 19.30; worst-case decoration 5.86 at 100; market blank 19.80; ours 1.96x market,,,,,,,,,,,
variant,MP-0123,,,,published,,,,,,,,,,,,,,,,,,,,,,,,c002,MP0123-C002,0.00,,,,,,,,,,,,,,,,,,,,,,,
variant,MP-0123,,,,published,,,,,,,,,,,,,,,,,,,,,,,,c001,MP0123-C001,0.00,,,,,,,,,,,,,,,,,,,,,,,
variant,MP-0123,,,,published,,,,,,,,,,,,,,,,,,,,,,,,c727,MP0123-C727,0.00,,,,,,,,,,,,,,,,,,,,,,,
variant,MP-0123,,,,published,,,,,,,,,,,,,,,,,,,,,,,,c054,MP0123-C054,0.00,,,,,,,,,,,,,,,,,,,,,,,
variant,MP-0123,,,,published,,,,,,,,,,,,,,,,,,,,,,,,c101,MP0123-C101,0.00,,,,,,,,,,,,,,,,,,,,,,,
variant,MP-0123,,,,published,,,,,,,,,,,,,,,,,,,,,,,,c129,MP0123-C129,0.00,,,,,,,,,,,,,,,,,,,,,,,
variant,MP-0123,,,,published,,,,,,,,,,,,,,,,,,,,,,,,c244,MP0123-C244,0.00,,,,,,,,,,,,,,,,,,,,,,,
variant,MP-0123,,,,published,,,,,,,,,,,,,,,,,,,,,,,,c063,MP0123-C063,0.00,,,,,,,,,,,,,,,,,,,,,,,
variant,MP-0123,,,,published,,,,,,,,,,,,,,,,,,,,,,,,c359,MP0123-C359,0.00,,,,,,,,,,,,,,,,,,,,,,,
variant,MP-0123,,,,published,,,,,,,,,,,,,,,,,,,,,,,,c088,MP0123-C088,0.00,,,,,,,,,,,,,,,,,,,,,,,
variant,MP-0123,,,,published,,,,,,,,,,,,,,,,,,,,,,,,c728,MP0123-C728,0.00,,,,,,,,,,,,,,,,,,,,,,,
variant,MP-0123,,,,published,,,,,,,,,,,,,,,,,,,,,,,,c156,MP0123-C156,0.00,,,,,,,,,,,,,,,,,,,,,,,
variant,MP-0123,,,,published,,,,,,,,,,,,,,,,,,,,,,,,c136,MP0123-C136,0.00,,,,,,,,,,,,,,,,,,,,,,,
variant,MP-0123,,,,published,,,,,,,,,,,,,,,,,,,,,,,,c144,MP0123-C144,0.00,,,,,,,,,,,,,,,,,,,,,,,
variant,MP-0123,,,,published,,,,,,,,,,,,,,,,,,,,,,,,c735,MP0123-C735,0.00,,,,,,,,,,,,,,,,,,,,,,,
variant,MP-0123,,,,published,,,,,,,,,,,,,,,,,,,,,,,,c356,MP0123-C356,0.00,,,,,,,,,,,,,,,,,,,,,,,
variant,MP-0123,,,,published,,,,,,,,,,,,,,,,,,,,,,,,c155,MP0123-C155,0.00,,,,,,,,,,,,,,,,,,,,,,,
variant,MP-0123,,,,published,,,,,,,,,,,,,,,,,,,,,,,,c730,MP0123-C730,0.00,,,,,,,,,,,,,,,,,,,,,,,
variant,MP-0123,,,,published,,,,,,,,,,,,,,,,,,,,,,,,c135,MP0123-C135,0.00,,,,,,,,,,,,,,,,,,,,,,,
variant,MP-0123,,,,published,,,,,,,,,,,,,,,,,,,,,,,,c146,MP0123-C146,0.00,,,,,,,,,,,,,,,,,,,,,,,
variant,MP-0123,,,,published,,,,,,,,,,,,,,,,,,,,,,,,c147,MP0123-C147,0.00,,,,,,,,,,,,,,,,,,,,,,,
variant,MP-0123,,,,published,,,,,,,,,,,,,,,,,,,,,,,,c731,MP0123-C731,0.00,,,,,,,,,,,,,,,,,,,,,,,
variant,MP-0123,,,,published,,,,,,,,,,,,,,,,,,,,,,,,c253,MP0123-C253,0.00,,,,,,,,,,,,,,,,,,,,,,,
image,MP-0123,,,,,,,,,,,,,,,,,,,,,,,,,,,,,,,,,"https://res.cloudinary.com/www-stanleystella-com/image/upload/c_lpad,w_1600,f_auto,q_auto/v1/TechnicalNames/SBM5_STSW212_C002.jpg?_i=AB",Stella Alma in Black,1,,,,,,,,,,,,,,,,,,
image,MP-0123,,,,,,,,,,,,,,,,,,,,,,,,,,,,c001,,,,,"https://res.cloudinary.com/www-stanleystella-com/image/upload/c_lpad,w_1600,f_auto,q_auto/v1/TechnicalNames/SBM5_STSW212_C001.jpg?_i=AB",Stella Alma in White,2,,,,,,,,,,,,,,,,,,
image,MP-0123,,,,,,,,,,,,,,,,,,,,,,,,,,,,c727,,,,,"https://res.cloudinary.com/www-stanleystella-com/image/upload/c_lpad,w_1600,f_auto,q_auto/v1/TechnicalNames/SBM5_STSW212_C727.jpg?_i=AB",Stella Alma in French Navy,3,,,,,,,,,,,,,,,,,,
image,MP-0123,,,,,,,,,,,,,,,,,,,,,,,,,,,,c054,,,,,"https://res.cloudinary.com/www-stanleystella-com/image/upload/c_lpad,w_1600,f_auto,q_auto/v1/TechnicalNames/SBM5_STSW212_C054.jpg?_i=AB",Stella Alma in Natural Raw,4,,,,,,,,,,,,,,,,,,
image,MP-0123,,,,,,,,,,,,,,,,,,,,,,,,,,,,c101,,,,,"https://res.cloudinary.com/www-stanleystella-com/image/upload/c_lpad,w_1600,f_auto,q_auto/v1/TechnicalNames/SBM5_STSW212_C101.jpg?_i=AB",Stella Alma in Fraiche Peche,5,,,,,,,,,,,,,,,,,,
image,MP-0123,,,,,,,,,,,,,,,,,,,,,,,,,,,,c129,,,,,"https://res.cloudinary.com/www-stanleystella-com/image/upload/c_lpad,w_1600,f_auto,q_auto/v1/TechnicalNames/SBM5_STSW212_C129.jpg?_i=AB",Stella Alma in Bubble Pink,6,,,,,,,,,,,,,,,,,,
image,MP-0123,,,,,,,,,,,,,,,,,,,,,,,,,,,,c244,,,,,"https://res.cloudinary.com/www-stanleystella-com/image/upload/c_lpad,w_1600,f_auto,q_auto/v1/TechnicalNames/SBM5_STSW212_C244.jpg?_i=AB",Stella Alma in Burgundy,7,,,,,,,,,,,,,,,,,,
image,MP-0123,,,,,,,,,,,,,,,,,,,,,,,,,,,,c063,,,,,"https://res.cloudinary.com/www-stanleystella-com/image/upload/c_lpad,w_1600,f_auto,q_auto/v1/TechnicalNames/SBM5_STSW212_C063.jpg?_i=AB",Stella Alma in Lavender,8,,,,,,,,,,,,,,,,,,
image,MP-0123,,,,,,,,,,,,,,,,,,,,,,,,,,,,c359,,,,,"https://res.cloudinary.com/www-stanleystella-com/image/upload/c_lpad,w_1600,f_auto,q_auto/v1/TechnicalNames/PBM0_STSW212_C359.jpg?_i=AB",Stella Alma in Dusk,9,,,,,,,,,,,,,,,,,,
image,MP-0123,,,,,,,,,,,,,,,,,,,,,,,,,,,,c088,,,,,"https://res.cloudinary.com/www-stanleystella-com/image/upload/c_lpad,w_1600,f_auto,q_auto/v1/TechnicalNames/SBM5_STSW212_C088.jpg?_i=AB",Stella Alma in Worker Blue,10,,,,,,,,,,,,,,,,,,
image,MP-0123,,,,,,,,,,,,,,,,,,,,,,,,,,,,c728,,,,,"https://res.cloudinary.com/www-stanleystella-com/image/upload/c_lpad,w_1600,f_auto,q_auto/v1/TechnicalNames/SBM5_STSW212_C728.jpg?_i=AB",Stella Alma in Blue Ice,11,,,,,,,,,,,,,,,,,,
image,MP-0123,,,,,,,,,,,,,,,,,,,,,,,,,,,,c156,,,,,"https://res.cloudinary.com/www-stanleystella-com/image/upload/c_lpad,w_1600,f_auto,q_auto/v1/TechnicalNames/SFM5_STSW212_C156.jpg?_i=AB",Stella Alma in Blue Grey,12,,,,,,,,,,,,,,,,,,
image,MP-0123,,,,,,,,,,,,,,,,,,,,,,,,,,,,c136,,,,,"https://res.cloudinary.com/www-stanleystella-com/image/upload/c_lpad,w_1600,f_auto,q_auto/v1/TechnicalNames/PBM0_STSW212_C136.jpg?_i=AB",Stella Alma in Deep Teal,13,,,,,,,,,,,,,,,,,,
image,MP-0123,,,,,,,,,,,,,,,,,,,,,,,,,,,,c144,,,,,"https://res.cloudinary.com/www-stanleystella-com/image/upload/c_lpad,w_1600,f_auto,q_auto/v1/TechnicalNames/SBM5_STSW212_C144.jpg?_i=AB",Stella Alma in Green Bay,14,,,,,,,,,,,,,,,,,,
image,MP-0123,,,,,,,,,,,,,,,,,,,,,,,,,,,,c735,,,,,"https://res.cloudinary.com/www-stanleystella-com/image/upload/c_lpad,w_1600,f_auto,q_auto/v1/TechnicalNames/DFM0_STSW212_C735.jpg?_i=AB",Stella Alma in Misty Jade,15,,,,,,,,,,,,,,,,,,
image,MP-0123,,,,,,,,,,,,,,,,,,,,,,,,,,,,c356,,,,,"https://res.cloudinary.com/www-stanleystella-com/image/upload/c_lpad,w_1600,f_auto,q_auto/v1/TechnicalNames/PBM0_STSW212_C356.jpg?_i=AB",Stella Alma in Viva Yellow,16,,,,,,,,,,,,,,,,,,
image,MP-0123,,,,,,,,,,,,,,,,,,,,,,,,,,,,c155,,,,,"https://res.cloudinary.com/www-stanleystella-com/image/upload/c_lpad,w_1600,f_auto,q_auto/v1/TechnicalNames/SBM5_STSW212_C155.jpg?_i=AB",Stella Alma in Honey Paper,17,,,,,,,,,,,,,,,,,,
image,MP-0123,,,,,,,,,,,,,,,,,,,,,,,,,,,,c730,,,,,"https://res.cloudinary.com/www-stanleystella-com/image/upload/c_lpad,w_1600,f_auto,q_auto/v1/TechnicalNames/SBM5_STSW212_C730.jpg?_i=AB",Stella Alma in Heritage Brown,18,,,,,,,,,,,,,,,,,,
image,MP-0123,,,,,,,,,,,,,,,,,,,,,,,,,,,,c135,,,,,"https://res.cloudinary.com/www-stanleystella-com/image/upload/c_lpad,w_1600,f_auto,q_auto/v1/TechnicalNames/PBM0_STSW212_C135.jpg?_i=AB",Stella Alma in Mocha,19,,,,,,,,,,,,,,,,,,
image,MP-0123,,,,,,,,,,,,,,,,,,,,,,,,,,,,c146,,,,,"https://res.cloudinary.com/www-stanleystella-com/image/upload/c_lpad,w_1600,f_auto,q_auto/v1/TechnicalNames/SBM5_STSW212_C146.jpg?_i=AB",Stella Alma in Cool Heather Grey,20,,,,,,,,,,,,,,,,,,
image,MP-0123,,,,,,,,,,,,,,,,,,,,,,,,,,,,c147,,,,,"https://res.cloudinary.com/www-stanleystella-com/image/upload/c_lpad,w_1600,f_auto,q_auto/v1/TechnicalNames/SBM5_STSW212_C147.jpg?_i=AB",Stella Alma in Eco-Heather,21,,,,,,,,,,,,,,,,,,
image,MP-0123,,,,,,,,,,,,,,,,,,,,,,,,,,,,c731,,,,,"https://res.cloudinary.com/www-stanleystella-com/image/upload/c_lpad,w_1600,f_auto,q_auto/v1/TechnicalNames/SBM5_STSW212_C731.jpg?_i=AB",Stella Alma in Heather Haze,22,,,,,,,,,,,,,,,,,,
image,MP-0123,,,,,,,,,,,,,,,,,,,,,,,,,,,,c253,,,,,"https://res.cloudinary.com/www-stanleystella-com/image/upload/c_lpad,w_1600,f_auto,q_auto/v1/TechnicalNames/SBM5_STSW212_C253.jpg?_i=AB",Stella Alma in Anthracite,23,,,,,,,,,,,,,,,,,,
decoration,MP-0123,,,,,,,,,,,,,,,,,,,,,,,,,,,,,,,,,,,,embroidery,front,160,160,6,Vector or DST,Default maximum for the category — confirm per product.,,,,,,,,,,,
decoration,MP-0123,,,,,,,,,,,,,,,,,,,,,,,,,,,,,,,,,,,,embroidery,back,200,200,6,Vector or DST,Default maximum for the category — confirm per product.,,,,,,,,,,,
decoration,MP-0123,,,,,,,,,,,,,,,,,,,,,,,,,,,,,,,,,,,,embroidery,left_chest,90,90,6,Vector or DST,Default maximum for the category — confirm per product.,,,,,,,,,,,
decoration,MP-0123,,,,,,,,,,,,,,,,,,,,,,,,,,,,,,,,,,,,embroidery,sleeve,70,70,6,Vector or DST,Default maximum for the category — confirm per product.,,,,,,,,,,,
decoration,MP-0123,,,,,,,,,,,,,,,,,,,,,,,,,,,,,,,,,,,,screen,front,300,400,4,Vector,Default maximum for the category — confirm per product.,,,,,,,,,,,
decoration,MP-0123,,,,,,,,,,,,,,,,,,,,,,,,,,,,,,,,,,,,screen,back,320,420,4,Vector,Default maximum for the category — confirm per product.,,,,,,,,,,,
decoration,MP-0123,,,,,,,,,,,,,,,,,,,,,,,,,,,,,,,,,,,,screen,left_chest,100,100,4,Vector,Default maximum for the category — confirm per product.,,,,,,,,,,,
decoration,MP-0123,,,,,,,,,,,,,,,,,,,,,,,,,,,,,,,,,,,,screen,sleeve,80,300,4,Vector,Default maximum for the category — confirm per product.,,,,,,,,,,,
decoration,MP-0123,,,,,,,,,,,,,,,,,,,,,,,,,,,,,,,,,,,,dtf,front,300,400,4,Vector,Default maximum for the category — confirm per product.,,,,,,,,,,,
decoration,MP-0123,,,,,,,,,,,,,,,,,,,,,,,,,,,,,,,,,,,,dtf,back,320,420,4,Vector,Default maximum for the category — confirm per product.,,,,,,,,,,,
decoration,MP-0123,,,,,,,,,,,,,,,,,,,,,,,,,,,,,,,,,,,,dtf,left_chest,100,100,4,Vector,Default maximum for the category — confirm per product.,,,,,,,,,,,
decoration,MP-0123,,,,,,,,,,,,,,,,,,,,,,,,,,,,,,,,,,,,dtf,sleeve,80,300,4,Vector,Default maximum for the category — confirm per product.,,,,,,,,,,,
decoration,MP-0123,,,,,,,,,,,,,,,,,,,,,,,,,,,,,,,,,,,,dtg,front,300,400,4,Vector,Default maximum for the category — confirm per product.,,,,,,,,,,,
decoration,MP-0123,,,,,,,,,,,,,,,,,,,,,,,,,,,,,,,,,,,,dtg,back,320,420,4,Vector,Default maximum for the category — confirm per product.,,,,,,,,,,,
decoration,MP-0123,,,,,,,,,,,,,,,,,,,,,,,,,,,,,,,,,,,,dtg,left_chest,100,100,4,Vector,Default maximum for the category — confirm per product.,,,,,,,,,,,
decoration,MP-0123,,,,,,,,,,,,,,,,,,,,,,,,,,,,,,,,,,,,dtg,sleeve,80,300,4,Vector,Default maximum for the category — confirm per product.,,,,,,,,,,,
product,MP-0124,stella-alma-vintage,Stella Alma Vintage,Sweatshirts,published,25,EUR,,,,,,,3,5,c175|c732|c158|c140,XS|S|M|L|XL|XXL,embroidery|screen|dtf|dtg,front|back|left_chest|sleeve,yes,"Shell: Brushed, 100% Cotton - Organic Ring Spun Combed, Garment dyed","Shell: Brushed, 100% Cotton - Organic Ring Spun Combed, Garment dyed",320,,,,Stanley/Stella,STSW284,,,,,,,,,,,,,,,No supplier cost on file — quote on inquiry.,,,,,,,,,,,
variant,MP-0124,,,,published,,,,,,,,,,,,,,,,,,,,,,,,c175,MP0124-C175,0.00,,,,,,,,,,,,,,,,,,,,,,,
variant,MP-0124,,,,published,,,,,,,,,,,,,,,,,,,,,,,,c732,MP0124-C732,0.00,,,,,,,,,,,,,,,,,,,,,,,
variant,MP-0124,,,,published,,,,,,,,,,,,,,,,,,,,,,,,c158,MP0124-C158,0.00,,,,,,,,,,,,,,,,,,,,,,,
variant,MP-0124,,,,published,,,,,,,,,,,,,,,,,,,,,,,,c140,MP0124-C140,0.00,,,,,,,,,,,,,,,,,,,,,,,
image,MP-0124,,,,,,,,,,,,,,,,,,,,,,,,,,,,,,,,,"https://res.cloudinary.com/www-stanleystella-com/image/upload/c_lpad,w_1600,f_auto,q_auto/v1/TechnicalNames/SBM5_STSW284_C175.jpg?_i=AB",Stella Alma Vintage in G.Dyed Blush,1,,,,,,,,,,,,,,,,,,
image,MP-0124,,,,,,,,,,,,,,,,,,,,,,,,,,,,c732,,,,,"https://res.cloudinary.com/www-stanleystella-com/image/upload/c_lpad,w_1600,f_auto,q_auto/v1/TechnicalNames/SFM5_STSW284_C732.jpg?_i=AB",Stella Alma Vintage in G. Dyed Blue Stone,2,,,,,,,,,,,,,,,,,,
image,MP-0124,,,,,,,,,,,,,,,,,,,,,,,,,,,,c158,,,,,"https://res.cloudinary.com/www-stanleystella-com/image/upload/c_lpad,w_1600,f_auto,q_auto/v1/TechnicalNames/SBM5_STSW284_C158.jpg?_i=AB",Stella Alma Vintage in G. Dyed Blue Grey,3,,,,,,,,,,,,,,,,,,
image,MP-0124,,,,,,,,,,,,,,,,,,,,,,,,,,,,c140,,,,,"https://res.cloudinary.com/www-stanleystella-com/image/upload/c_lpad,w_1600,f_auto,q_auto/v1/TechnicalNames/SBM5_STSW284_C140.jpg?_i=AB",Stella Alma Vintage in G. Dyed Black Rock,4,,,,,,,,,,,,,,,,,,
decoration,MP-0124,,,,,,,,,,,,,,,,,,,,,,,,,,,,,,,,,,,,embroidery,front,160,160,6,Vector or DST,Default maximum for the category — confirm per product.,,,,,,,,,,,
decoration,MP-0124,,,,,,,,,,,,,,,,,,,,,,,,,,,,,,,,,,,,embroidery,back,200,200,6,Vector or DST,Default maximum for the category — confirm per product.,,,,,,,,,,,
decoration,MP-0124,,,,,,,,,,,,,,,,,,,,,,,,,,,,,,,,,,,,embroidery,left_chest,90,90,6,Vector or DST,Default maximum for the category — confirm per product.,,,,,,,,,,,
decoration,MP-0124,,,,,,,,,,,,,,,,,,,,,,,,,,,,,,,,,,,,embroidery,sleeve,70,70,6,Vector or DST,Default maximum for the category — confirm per product.,,,,,,,,,,,
decoration,MP-0124,,,,,,,,,,,,,,,,,,,,,,,,,,,,,,,,,,,,screen,front,300,400,4,Vector,Default maximum for the category — confirm per product.,,,,,,,,,,,
decoration,MP-0124,,,,,,,,,,,,,,,,,,,,,,,,,,,,,,,,,,,,screen,back,320,420,4,Vector,Default maximum for the category — confirm per product.,,,,,,,,,,,
decoration,MP-0124,,,,,,,,,,,,,,,,,,,,,,,,,,,,,,,,,,,,screen,left_chest,100,100,4,Vector,Default maximum for the category — confirm per product.,,,,,,,,,,,
decoration,MP-0124,,,,,,,,,,,,,,,,,,,,,,,,,,,,,,,,,,,,screen,sleeve,80,300,4,Vector,Default maximum for the category — confirm per product.,,,,,,,,,,,
decoration,MP-0124,,,,,,,,,,,,,,,,,,,,,,,,,,,,,,,,,,,,dtf,front,300,400,4,Vector,Default maximum for the category — confirm per product.,,,,,,,,,,,
decoration,MP-0124,,,,,,,,,,,,,,,,,,,,,,,,,,,,,,,,,,,,dtf,back,320,420,4,Vector,Default maximum for the category — confirm per product.,,,,,,,,,,,
decoration,MP-0124,,,,,,,,,,,,,,,,,,,,,,,,,,,,,,,,,,,,dtf,left_chest,100,100,4,Vector,Default maximum for the category — confirm per product.,,,,,,,,,,,
decoration,MP-0124,,,,,,,,,,,,,,,,,,,,,,,,,,,,,,,,,,,,dtf,sleeve,80,300,4,Vector,Default maximum for the category — confirm per product.,,,,,,,,,,,
decoration,MP-0124,,,,,,,,,,,,,,,,,,,,,,,,,,,,,,,,,,,,dtg,front,300,400,4,Vector,Default maximum for the category — confirm per product.,,,,,,,,,,,
decoration,MP-0124,,,,,,,,,,,,,,,,,,,,,,,,,,,,,,,,,,,,dtg,back,320,420,4,Vector,Default maximum for the category — confirm per product.,,,,,,,,,,,
decoration,MP-0124,,,,,,,,,,,,,,,,,,,,,,,,,,,,,,,,,,,,dtg,left_chest,100,100,4,Vector,Default maximum for the category — confirm per product.,,,,,,,,,,,
decoration,MP-0124,,,,,,,,,,,,,,,,,,,,,,,,,,,,,,,,,,,,dtg,sleeve,80,300,4,Vector,Default maximum for the category — confirm per product.,,,,,,,,,,,
product,MP-0125,stella-bower,Stella Bower,Sweatshirts,published,25,EUR,,,,,,,3,5,c054|c002|c715|c250|c682,XS|S|M|L|XL,embroidery|screen|dtf|dtg,front|back|left_chest|sleeve,yes,"Shell: Brushed, 85% Cotton - Organic Ring Spun Combed,15% Polyester - Recycled, Fabric washed, Light sueded","Shell: Brushed, 85% Cotton - Organic Ring Spun Combed,15% Polyester - Recycled, Fabric washed, Light sueded",300,,,,Stanley/Stella,STSW132,,,,,,,,,,,,,,,No supplier cost on file — quote on inquiry.,,,,,,,,,,,
variant,MP-0125,,,,published,,,,,,,,,,,,,,,,,,,,,,,,c054,MP0125-C054,0.00,,,,,,,,,,,,,,,,,,,,,,,
variant,MP-0125,,,,published,,,,,,,,,,,,,,,,,,,,,,,,c002,MP0125-C002,0.00,,,,,,,,,,,,,,,,,,,,,,,
variant,MP-0125,,,,published,,,,,,,,,,,,,,,,,,,,,,,,c715,MP0125-C715,0.00,,,,,,,,,,,,,,,,,,,,,,,
variant,MP-0125,,,,published,,,,,,,,,,,,,,,,,,,,,,,,c250,MP0125-C250,0.00,,,,,,,,,,,,,,,,,,,,,,,
variant,MP-0125,,,,published,,,,,,,,,,,,,,,,,,,,,,,,c682,MP0125-C682,0.00,,,,,,,,,,,,,,,,,,,,,,,
image,MP-0125,,,,,,,,,,,,,,,,,,,,,,,,,,,,,,,,,"https://res.cloudinary.com/www-stanleystella-com/image/upload/c_lpad,w_1600,f_auto,q_auto/v1/TechnicalNames/SFM5_STSW132_C002.jpg?_i=AB",Stella Bower in Black,1,,,,,,,,,,,,,,,,,,
decoration,MP-0125,,,,,,,,,,,,,,,,,,,,,,,,,,,,,,,,,,,,embroidery,front,160,160,6,Vector or DST,Default maximum for the category — confirm per product.,,,,,,,,,,,
decoration,MP-0125,,,,,,,,,,,,,,,,,,,,,,,,,,,,,,,,,,,,embroidery,back,200,200,6,Vector or DST,Default maximum for the category — confirm per product.,,,,,,,,,,,
decoration,MP-0125,,,,,,,,,,,,,,,,,,,,,,,,,,,,,,,,,,,,embroidery,left_chest,90,90,6,Vector or DST,Default maximum for the category — confirm per product.,,,,,,,,,,,
decoration,MP-0125,,,,,,,,,,,,,,,,,,,,,,,,,,,,,,,,,,,,embroidery,sleeve,70,70,6,Vector or DST,Default maximum for the category — confirm per product.,,,,,,,,,,,
decoration,MP-0125,,,,,,,,,,,,,,,,,,,,,,,,,,,,,,,,,,,,screen,front,300,400,4,Vector,Default maximum for the category — confirm per product.,,,,,,,,,,,
decoration,MP-0125,,,,,,,,,,,,,,,,,,,,,,,,,,,,,,,,,,,,screen,back,320,420,4,Vector,Default maximum for the category — confirm per product.,,,,,,,,,,,
decoration,MP-0125,,,,,,,,,,,,,,,,,,,,,,,,,,,,,,,,,,,,screen,left_chest,100,100,4,Vector,Default maximum for the category — confirm per product.,,,,,,,,,,,
decoration,MP-0125,,,,,,,,,,,,,,,,,,,,,,,,,,,,,,,,,,,,screen,sleeve,80,300,4,Vector,Default maximum for the category — confirm per product.,,,,,,,,,,,
decoration,MP-0125,,,,,,,,,,,,,,,,,,,,,,,,,,,,,,,,,,,,dtf,front,300,400,4,Vector,Default maximum for the category — confirm per product.,,,,,,,,,,,
decoration,MP-0125,,,,,,,,,,,,,,,,,,,,,,,,,,,,,,,,,,,,dtf,back,320,420,4,Vector,Default maximum for the category — confirm per product.,,,,,,,,,,,
decoration,MP-0125,,,,,,,,,,,,,,,,,,,,,,,,,,,,,,,,,,,,dtf,left_chest,100,100,4,Vector,Default maximum for the category — confirm per product.,,,,,,,,,,,
decoration,MP-0125,,,,,,,,,,,,,,,,,,,,,,,,,,,,,,,,,,,,dtf,sleeve,80,300,4,Vector,Default maximum for the category — confirm per product.,,,,,,,,,,,
decoration,MP-0125,,,,,,,,,,,,,,,,,,,,,,,,,,,,,,,,,,,,dtg,front,300,400,4,Vector,Default maximum for the category — confirm per product.,,,,,,,,,,,
decoration,MP-0125,,,,,,,,,,,,,,,,,,,,,,,,,,,,,,,,,,,,dtg,back,320,420,4,Vector,Default maximum for the category — confirm per product.,,,,,,,,,,,
decoration,MP-0125,,,,,,,,,,,,,,,,,,,,,,,,,,,,,,,,,,,,dtg,left_chest,100,100,4,Vector,Default maximum for the category — confirm per product.,,,,,,,,,,,
decoration,MP-0125,,,,,,,,,,,,,,,,,,,,,,,,,,,,,,,,,,,,dtg,sleeve,80,300,4,Vector,Default maximum for the category — confirm per product.,,,,,,,,,,,
product,MP-0126,stella-clara,Stella Clara,Sweatshirts,published,25,EUR,43.36,40.20,37.17,34.76,33.61,18.30,3,5,c002|c727|c054|c005|c360|c004|c063|c359|c149|c702|c730|c146|c147|c253,XS|S|M|L|XL|XXL,embroidery|screen|dtf|dtg,front|back|left_chest|sleeve,yes,"Shell: French Terry, 100% Cotton - Organic Ring Spun Combed, Fabric washed","Shell: French Terry, 100% Cotton - Organic Ring Spun Combed, Fabric washed",300,,,,Stanley/Stella,STSW217,,,,,,,,,,,,,,,cost 18.30; worst-case decoration 5.86 at 100; market blank 18.76; ours 1.98x market,,,,,,,,,,,
variant,MP-0126,,,,published,,,,,,,,,,,,,,,,,,,,,,,,c002,MP0126-C002,0.00,,,,,,,,,,,,,,,,,,,,,,,
variant,MP-0126,,,,published,,,,,,,,,,,,,,,,,,,,,,,,c727,MP0126-C727,0.00,,,,,,,,,,,,,,,,,,,,,,,
variant,MP-0126,,,,published,,,,,,,,,,,,,,,,,,,,,,,,c054,MP0126-C054,0.00,,,,,,,,,,,,,,,,,,,,,,,
variant,MP-0126,,,,published,,,,,,,,,,,,,,,,,,,,,,,,c005,MP0126-C005,0.00,,,,,,,,,,,,,,,,,,,,,,,
variant,MP-0126,,,,published,,,,,,,,,,,,,,,,,,,,,,,,c360,MP0126-C360,0.00,,,,,,,,,,,,,,,,,,,,,,,
variant,MP-0126,,,,published,,,,,,,,,,,,,,,,,,,,,,,,c004,MP0126-C004,0.00,,,,,,,,,,,,,,,,,,,,,,,
variant,MP-0126,,,,published,,,,,,,,,,,,,,,,,,,,,,,,c063,MP0126-C063,0.00,,,,,,,,,,,,,,,,,,,,,,,
variant,MP-0126,,,,published,,,,,,,,,,,,,,,,,,,,,,,,c359,MP0126-C359,0.00,,,,,,,,,,,,,,,,,,,,,,,
variant,MP-0126,,,,published,,,,,,,,,,,,,,,,,,,,,,,,c149,MP0126-C149,0.00,,,,,,,,,,,,,,,,,,,,,,,
variant,MP-0126,,,,published,,,,,,,,,,,,,,,,,,,,,,,,c702,MP0126-C702,0.00,,,,,,,,,,,,,,,,,,,,,,,
variant,MP-0126,,,,published,,,,,,,,,,,,,,,,,,,,,,,,c730,MP0126-C730,0.00,,,,,,,,,,,,,,,,,,,,,,,
variant,MP-0126,,,,published,,,,,,,,,,,,,,,,,,,,,,,,c146,MP0126-C146,0.00,,,,,,,,,,,,,,,,,,,,,,,
variant,MP-0126,,,,published,,,,,,,,,,,,,,,,,,,,,,,,c147,MP0126-C147,0.00,,,,,,,,,,,,,,,,,,,,,,,
variant,MP-0126,,,,published,,,,,,,,,,,,,,,,,,,,,,,,c253,MP0126-C253,0.00,,,,,,,,,,,,,,,,,,,,,,,
image,MP-0126,,,,,,,,,,,,,,,,,,,,,,,,,,,,,,,,,"https://res.cloudinary.com/www-stanleystella-com/image/upload/c_lpad,w_1600,f_auto,q_auto/v1/TechnicalNames/SBM5_STSW217_C002.jpg?_i=AB",Stella Clara in Black,1,,,,,,,,,,,,,,,,,,
image,MP-0126,,,,,,,,,,,,,,,,,,,,,,,,,,,,c727,,,,,"https://res.cloudinary.com/www-stanleystella-com/image/upload/c_lpad,w_1600,f_auto,q_auto/v1/TechnicalNames/SBM5_STSW217_C727.jpg?_i=AB",Stella Clara in French Navy,2,,,,,,,,,,,,,,,,,,
image,MP-0126,,,,,,,,,,,,,,,,,,,,,,,,,,,,c054,,,,,"https://res.cloudinary.com/www-stanleystella-com/image/upload/c_lpad,w_1600,f_auto,q_auto/v1/TechnicalNames/SBM5_STSW217_C054.jpg?_i=AB",Stella Clara in Natural Raw,3,,,,,,,,,,,,,,,,,,
image,MP-0126,,,,,,,,,,,,,,,,,,,,,,,,,,,,c005,,,,,"https://res.cloudinary.com/www-stanleystella-com/image/upload/c_lpad,w_1600,f_auto,q_auto/v1/TechnicalNames/PBM0_STSW217_C005.jpg?_i=AB",Stella Clara in Cotton Pink,4,,,,,,,,,,,,,,,,,,
image,MP-0126,,,,,,,,,,,,,,,,,,,,,,,,,,,,c360,,,,,"https://res.cloudinary.com/www-stanleystella-com/image/upload/c_lpad,w_1600,f_auto,q_auto/v1/TechnicalNames/PBM0_STSW217_C360.jpg?_i=AB",Stella Clara in Pink Joy,5,,,,,,,,,,,,,,,,,,
image,MP-0126,,,,,,,,,,,,,,,,,,,,,,,,,,,,c004,,,,,"https://res.cloudinary.com/www-stanleystella-com/image/upload/c_lpad,w_1600,f_auto,q_auto/v1/TechnicalNames/SBM5_STSW217_C004.jpg?_i=AB",Stella Clara in Red,6,,,,,,,,,,,,,,,,,,
image,MP-0126,,,,,,,,,,,,,,,,,,,,,,,,,,,,c063,,,,,"https://res.cloudinary.com/www-stanleystella-com/image/upload/c_lpad,w_1600,f_auto,q_auto/v1/TechnicalNames/SBM5_STSW217_C063.jpg?_i=AB",Stella Clara in Lavender,7,,,,,,,,,,,,,,,,,,
image,MP-0126,,,,,,,,,,,,,,,,,,,,,,,,,,,,c359,,,,,"https://res.cloudinary.com/www-stanleystella-com/image/upload/c_lpad,w_1600,f_auto,q_auto/v1/TechnicalNames/PBM0_STSW217_C359.jpg?_i=AB",Stella Clara in Dusk,8,,,,,,,,,,,,,,,,,,
image,MP-0126,,,,,,,,,,,,,,,,,,,,,,,,,,,,c149,,,,,"https://res.cloudinary.com/www-stanleystella-com/image/upload/c_lpad,w_1600,f_auto,q_auto/v1/TechnicalNames/SBM5_STSW217_C149.jpg?_i=AB",Stella Clara in Blue soul,9,,,,,,,,,,,,,,,,,,
image,MP-0126,,,,,,,,,,,,,,,,,,,,,,,,,,,,c702,,,,,"https://res.cloudinary.com/www-stanleystella-com/image/upload/c_lpad,w_1600,f_auto,q_auto/v1/TechnicalNames/SBM5_STSW217_C702.jpg?_i=AB",Stella Clara in Stargazer,10,,,,,,,,,,,,,,,,,,
image,MP-0126,,,,,,,,,,,,,,,,,,,,,,,,,,,,c730,,,,,"https://res.cloudinary.com/www-stanleystella-com/image/upload/c_lpad,w_1600,f_auto,q_auto/v1/TechnicalNames/SBM5_STSW217_C730.jpg?_i=AB",Stella Clara in Heritage Brown,11,,,,,,,,,,,,,,,,,,
image,MP-0126,,,,,,,,,,,,,,,,,,,,,,,,,,,,c146,,,,,"https://res.cloudinary.com/www-stanleystella-com/image/upload/c_lpad,w_1600,f_auto,q_auto/v1/TechnicalNames/SBM5_STSW217_C146.jpg?_i=AB",Stella Clara in Cool Heather Grey,12,,,,,,,,,,,,,,,,,,
image,MP-0126,,,,,,,,,,,,,,,,,,,,,,,,,,,,c147,,,,,"https://res.cloudinary.com/www-stanleystella-com/image/upload/c_lpad,w_1600,f_auto,q_auto/v1/TechnicalNames/DFM0_STSW217_C147.jpg?_i=AB",Stella Clara in Eco-Heather,13,,,,,,,,,,,,,,,,,,
image,MP-0126,,,,,,,,,,,,,,,,,,,,,,,,,,,,c253,,,,,"https://res.cloudinary.com/www-stanleystella-com/image/upload/c_lpad,w_1600,f_auto,q_auto/v1/TechnicalNames/SBM5_STSW217_C253.jpg?_i=AB",Stella Clara in Anthracite,14,,,,,,,,,,,,,,,,,,
decoration,MP-0126,,,,,,,,,,,,,,,,,,,,,,,,,,,,,,,,,,,,embroidery,front,160,160,6,Vector or DST,Default maximum for the category — confirm per product.,,,,,,,,,,,
decoration,MP-0126,,,,,,,,,,,,,,,,,,,,,,,,,,,,,,,,,,,,embroidery,back,200,200,6,Vector or DST,Default maximum for the category — confirm per product.,,,,,,,,,,,
decoration,MP-0126,,,,,,,,,,,,,,,,,,,,,,,,,,,,,,,,,,,,embroidery,left_chest,90,90,6,Vector or DST,Default maximum for the category — confirm per product.,,,,,,,,,,,
decoration,MP-0126,,,,,,,,,,,,,,,,,,,,,,,,,,,,,,,,,,,,embroidery,sleeve,70,70,6,Vector or DST,Default maximum for the category — confirm per product.,,,,,,,,,,,
decoration,MP-0126,,,,,,,,,,,,,,,,,,,,,,,,,,,,,,,,,,,,screen,front,300,400,4,Vector,Default maximum for the category — confirm per product.,,,,,,,,,,,
decoration,MP-0126,,,,,,,,,,,,,,,,,,,,,,,,,,,,,,,,,,,,screen,back,320,420,4,Vector,Default maximum for the category — confirm per product.,,,,,,,,,,,
decoration,MP-0126,,,,,,,,,,,,,,,,,,,,,,,,,,,,,,,,,,,,screen,left_chest,100,100,4,Vector,Default maximum for the category — confirm per product.,,,,,,,,,,,
decoration,MP-0126,,,,,,,,,,,,,,,,,,,,,,,,,,,,,,,,,,,,screen,sleeve,80,300,4,Vector,Default maximum for the category — confirm per product.,,,,,,,,,,,
decoration,MP-0126,,,,,,,,,,,,,,,,,,,,,,,,,,,,,,,,,,,,dtf,front,300,400,4,Vector,Default maximum for the category — confirm per product.,,,,,,,,,,,
decoration,MP-0126,,,,,,,,,,,,,,,,,,,,,,,,,,,,,,,,,,,,dtf,back,320,420,4,Vector,Default maximum for the category — confirm per product.,,,,,,,,,,,
decoration,MP-0126,,,,,,,,,,,,,,,,,,,,,,,,,,,,,,,,,,,,dtf,left_chest,100,100,4,Vector,Default maximum for the category — confirm per product.,,,,,,,,,,,
decoration,MP-0126,,,,,,,,,,,,,,,,,,,,,,,,,,,,,,,,,,,,dtf,sleeve,80,300,4,Vector,Default maximum for the category — confirm per product.,,,,,,,,,,,
decoration,MP-0126,,,,,,,,,,,,,,,,,,,,,,,,,,,,,,,,,,,,dtg,front,300,400,4,Vector,Default maximum for the category — confirm per product.,,,,,,,,,,,
decoration,MP-0126,,,,,,,,,,,,,,,,,,,,,,,,,,,,,,,,,,,,dtg,back,320,420,4,Vector,Default maximum for the category — confirm per product.,,,,,,,,,,,
decoration,MP-0126,,,,,,,,,,,,,,,,,,,,,,,,,,,,,,,,,,,,dtg,left_chest,100,100,4,Vector,Default maximum for the category — confirm per product.,,,,,,,,,,,
decoration,MP-0126,,,,,,,,,,,,,,,,,,,,,,,,,,,,,,,,,,,,dtg,sleeve,80,300,4,Vector,Default maximum for the category — confirm per product.,,,,,,,,,,,
product,MP-0127,stella-cropster,Stella Cropster,Sweatshirts,published,25,EUR,,,,,,,3,5,c001|c002|c078|c057|c727|c068|c250,XS|S|M|L|XL|XXL,embroidery|screen|dtf|dtg,front|back|left_chest|sleeve,yes,"Shell: French Terry, 85% Cotton - Organic Ring Spun Combed,15% Polyester - Recycled, Fabric washed, Light sueded","Shell: French Terry, 85% Cotton - Organic Ring Spun Combed,15% Polyester - Recycled, Fabric washed, Light sueded",300,,,,Stanley/Stella,STSW873,,,,,,,,,,,,,,,No supplier cost on file — quote on inquiry.,,,,,,,,,,,
variant,MP-0127,,,,published,,,,,,,,,,,,,,,,,,,,,,,,c001,MP0127-C001,0.00,,,,,,,,,,,,,,,,,,,,,,,
variant,MP-0127,,,,published,,,,,,,,,,,,,,,,,,,,,,,,c002,MP0127-C002,0.00,,,,,,,,,,,,,,,,,,,,,,,
variant,MP-0127,,,,published,,,,,,,,,,,,,,,,,,,,,,,,c078,MP0127-C078,0.00,,,,,,,,,,,,,,,,,,,,,,,
variant,MP-0127,,,,published,,,,,,,,,,,,,,,,,,,,,,,,c057,MP0127-C057,0.00,,,,,,,,,,,,,,,,,,,,,,,
variant,MP-0127,,,,published,,,,,,,,,,,,,,,,,,,,,,,,c727,MP0127-C727,0.00,,,,,,,,,,,,,,,,,,,,,,,
variant,MP-0127,,,,published,,,,,,,,,,,,,,,,,,,,,,,,c068,MP0127-C068,0.00,,,,,,,,,,,,,,,,,,,,,,,
variant,MP-0127,,,,published,,,,,,,,,,,,,,,,,,,,,,,,c250,MP0127-C250,0.00,,,,,,,,,,,,,,,,,,,,,,,
image,MP-0127,,,,,,,,,,,,,,,,,,,,,,,,,,,,,,,,,"https://res.cloudinary.com/www-stanleystella-com/image/upload/c_lpad,w_1600,f_auto,q_auto/v1/TechnicalNames/SFM5_STSW873_C078.jpg?_i=AB",Stella Cropster in Butter,1,,,,,,,,,,,,,,,,,,
decoration,MP-0127,,,,,,,,,,,,,,,,,,,,,,,,,,,,,,,,,,,,embroidery,front,160,160,6,Vector or DST,Default maximum for the category — confirm per product.,,,,,,,,,,,
decoration,MP-0127,,,,,,,,,,,,,,,,,,,,,,,,,,,,,,,,,,,,embroidery,back,200,200,6,Vector or DST,Default maximum for the category — confirm per product.,,,,,,,,,,,
decoration,MP-0127,,,,,,,,,,,,,,,,,,,,,,,,,,,,,,,,,,,,embroidery,left_chest,90,90,6,Vector or DST,Default maximum for the category — confirm per product.,,,,,,,,,,,
decoration,MP-0127,,,,,,,,,,,,,,,,,,,,,,,,,,,,,,,,,,,,embroidery,sleeve,70,70,6,Vector or DST,Default maximum for the category — confirm per product.,,,,,,,,,,,
decoration,MP-0127,,,,,,,,,,,,,,,,,,,,,,,,,,,,,,,,,,,,screen,front,300,400,4,Vector,Default maximum for the category — confirm per product.,,,,,,,,,,,
decoration,MP-0127,,,,,,,,,,,,,,,,,,,,,,,,,,,,,,,,,,,,screen,back,320,420,4,Vector,Default maximum for the category — confirm per product.,,,,,,,,,,,
decoration,MP-0127,,,,,,,,,,,,,,,,,,,,,,,,,,,,,,,,,,,,screen,left_chest,100,100,4,Vector,Default maximum for the category — confirm per product.,,,,,,,,,,,
decoration,MP-0127,,,,,,,,,,,,,,,,,,,,,,,,,,,,,,,,,,,,screen,sleeve,80,300,4,Vector,Default maximum for the category — confirm per product.,,,,,,,,,,,
decoration,MP-0127,,,,,,,,,,,,,,,,,,,,,,,,,,,,,,,,,,,,dtf,front,300,400,4,Vector,Default maximum for the category — confirm per product.,,,,,,,,,,,
decoration,MP-0127,,,,,,,,,,,,,,,,,,,,,,,,,,,,,,,,,,,,dtf,back,320,420,4,Vector,Default maximum for the category — confirm per product.,,,,,,,,,,,
decoration,MP-0127,,,,,,,,,,,,,,,,,,,,,,,,,,,,,,,,,,,,dtf,left_chest,100,100,4,Vector,Default maximum for the category — confirm per product.,,,,,,,,,,,
decoration,MP-0127,,,,,,,,,,,,,,,,,,,,,,,,,,,,,,,,,,,,dtf,sleeve,80,300,4,Vector,Default maximum for the category — confirm per product.,,,,,,,,,,,
decoration,MP-0127,,,,,,,,,,,,,,,,,,,,,,,,,,,,,,,,,,,,dtg,front,300,400,4,Vector,Default maximum for the category — confirm per product.,,,,,,,,,,,
decoration,MP-0127,,,,,,,,,,,,,,,,,,,,,,,,,,,,,,,,,,,,dtg,back,320,420,4,Vector,Default maximum for the category — confirm per product.,,,,,,,,,,,
decoration,MP-0127,,,,,,,,,,,,,,,,,,,,,,,,,,,,,,,,,,,,dtg,left_chest,100,100,4,Vector,Default maximum for the category — confirm per product.,,,,,,,,,,,
decoration,MP-0127,,,,,,,,,,,,,,,,,,,,,,,,,,,,,,,,,,,,dtg,sleeve,80,300,4,Vector,Default maximum for the category — confirm per product.,,,,,,,,,,,
product,MP-0128,stella-dazzler,Stella Dazzler,Sweatshirts,published,25,EUR,,,,,,,3,5,c504|c054|c002|c078|c039|c063|c244|c036|c057|c727|c038|c250|c680|c682,XS|S|M|L|XL|XXL,embroidery|screen|dtf|dtg,front|back|left_chest|sleeve,yes,"Shell: French Terry, 85% Cotton - Organic Ring Spun Combed,15% Polyester - Recycled, Fabric washed, Light sueded","Shell: French Terry, 85% Cotton - Organic Ring Spun Combed,15% Polyester - Recycled, Fabric washed, Light sueded",300,,,,Stanley/Stella,STSW125,,,,,,,,,,,,,,,No supplier cost on file — quote on inquiry.,,,,,,,,,,,
variant,MP-0128,,,,published,,,,,,,,,,,,,,,,,,,,,,,,c504,MP0128-C504,0.00,,,,,,,,,,,,,,,,,,,,,,,
variant,MP-0128,,,,published,,,,,,,,,,,,,,,,,,,,,,,,c054,MP0128-C054,0.00,,,,,,,,,,,,,,,,,,,,,,,
variant,MP-0128,,,,published,,,,,,,,,,,,,,,,,,,,,,,,c002,MP0128-C002,0.00,,,,,,,,,,,,,,,,,,,,,,,
variant,MP-0128,,,,published,,,,,,,,,,,,,,,,,,,,,,,,c078,MP0128-C078,0.00,,,,,,,,,,,,,,,,,,,,,,,
variant,MP-0128,,,,published,,,,,,,,,,,,,,,,,,,,,,,,c039,MP0128-C039,0.00,,,,,,,,,,,,,,,,,,,,,,,
variant,MP-0128,,,,published,,,,,,,,,,,,,,,,,,,,,,,,c063,MP0128-C063,0.00,,,,,,,,,,,,,,,,,,,,,,,
variant,MP-0128,,,,published,,,,,,,,,,,,,,,,,,,,,,,,c244,MP0128-C244,0.00,,,,,,,,,,,,,,,,,,,,,,,
variant,MP-0128,,,,published,,,,,,,,,,,,,,,,,,,,,,,,c036,MP0128-C036,0.00,,,,,,,,,,,,,,,,,,,,,,,
variant,MP-0128,,,,published,,,,,,,,,,,,,,,,,,,,,,,,c057,MP0128-C057,0.00,,,,,,,,,,,,,,,,,,,,,,,
variant,MP-0128,,,,published,,,,,,,,,,,,,,,,,,,,,,,,c727,MP0128-C727,0.00,,,,,,,,,,,,,,,,,,,,,,,
variant,MP-0128,,,,published,,,,,,,,,,,,,,,,,,,,,,,,c038,MP0128-C038,0.00,,,,,,,,,,,,,,,,,,,,,,,
variant,MP-0128,,,,published,,,,,,,,,,,,,,,,,,,,,,,,c250,MP0128-C250,0.00,,,,,,,,,,,,,,,,,,,,,,,
variant,MP-0128,,,,published,,,,,,,,,,,,,,,,,,,,,,,,c680,MP0128-C680,0.00,,,,,,,,,,,,,,,,,,,,,,,
variant,MP-0128,,,,published,,,,,,,,,,,,,,,,,,,,,,,,c682,MP0128-C682,0.00,,,,,,,,,,,,,,,,,,,,,,,
image,MP-0128,,,,,,,,,,,,,,,,,,,,,,,,,,,,,,,,,"https://res.cloudinary.com/www-stanleystella-com/image/upload/c_lpad,w_1600,f_auto,q_auto/v1/TechnicalNames/SFM5_STSW125_C682.jpg?_i=AB",Stella Dazzler in Cream Heather Pink,1,,,,,,,,,,,,,,,,,,
decoration,MP-0128,,,,,,,,,,,,,,,,,,,,,,,,,,,,,,,,,,,,embroidery,front,160,160,6,Vector or DST,Default maximum for the category — confirm per product.,,,,,,,,,,,
decoration,MP-0128,,,,,,,,,,,,,,,,,,,,,,,,,,,,,,,,,,,,embroidery,back,200,200,6,Vector or DST,Default maximum for the category — confirm per product.,,,,,,,,,,,
decoration,MP-0128,,,,,,,,,,,,,,,,,,,,,,,,,,,,,,,,,,,,embroidery,left_chest,90,90,6,Vector or DST,Default maximum for the category — confirm per product.,,,,,,,,,,,
decoration,MP-0128,,,,,,,,,,,,,,,,,,,,,,,,,,,,,,,,,,,,embroidery,sleeve,70,70,6,Vector or DST,Default maximum for the category — confirm per product.,,,,,,,,,,,
decoration,MP-0128,,,,,,,,,,,,,,,,,,,,,,,,,,,,,,,,,,,,screen,front,300,400,4,Vector,Default maximum for the category — confirm per product.,,,,,,,,,,,
decoration,MP-0128,,,,,,,,,,,,,,,,,,,,,,,,,,,,,,,,,,,,screen,back,320,420,4,Vector,Default maximum for the category — confirm per product.,,,,,,,,,,,
decoration,MP-0128,,,,,,,,,,,,,,,,,,,,,,,,,,,,,,,,,,,,screen,left_chest,100,100,4,Vector,Default maximum for the category — confirm per product.,,,,,,,,,,,
decoration,MP-0128,,,,,,,,,,,,,,,,,,,,,,,,,,,,,,,,,,,,screen,sleeve,80,300,4,Vector,Default maximum for the category — confirm per product.,,,,,,,,,,,
decoration,MP-0128,,,,,,,,,,,,,,,,,,,,,,,,,,,,,,,,,,,,dtf,front,300,400,4,Vector,Default maximum for the category — confirm per product.,,,,,,,,,,,
decoration,MP-0128,,,,,,,,,,,,,,,,,,,,,,,,,,,,,,,,,,,,dtf,back,320,420,4,Vector,Default maximum for the category — confirm per product.,,,,,,,,,,,
decoration,MP-0128,,,,,,,,,,,,,,,,,,,,,,,,,,,,,,,,,,,,dtf,left_chest,100,100,4,Vector,Default maximum for the category — confirm per product.,,,,,,,,,,,
decoration,MP-0128,,,,,,,,,,,,,,,,,,,,,,,,,,,,,,,,,,,,dtf,sleeve,80,300,4,Vector,Default maximum for the category — confirm per product.,,,,,,,,,,,
decoration,MP-0128,,,,,,,,,,,,,,,,,,,,,,,,,,,,,,,,,,,,dtg,front,300,400,4,Vector,Default maximum for the category — confirm per product.,,,,,,,,,,,
decoration,MP-0128,,,,,,,,,,,,,,,,,,,,,,,,,,,,,,,,,,,,dtg,back,320,420,4,Vector,Default maximum for the category — confirm per product.,,,,,,,,,,,
decoration,MP-0128,,,,,,,,,,,,,,,,,,,,,,,,,,,,,,,,,,,,dtg,left_chest,100,100,4,Vector,Default maximum for the category — confirm per product.,,,,,,,,,,,
decoration,MP-0128,,,,,,,,,,,,,,,,,,,,,,,,,,,,,,,,,,,,dtg,sleeve,80,300,4,Vector,Default maximum for the category — confirm per product.,,,,,,,,,,,
product,MP-0129,stella-gamechanger,Stella Gamechanger,Sweatshirts,published,25,EUR,51.44,48.28,45.25,42.83,41.69,23.55,3,5,c002|c001|c727|c250|c054|c005|c244|c004|c088|c702|c036|c253,XS|S|M|L|XL|XXL|3XL,embroidery|screen|dtf|dtg,front|back|left_chest|sleeve,yes,"Shell: Brushed, 50% Cotton - Organic Ring Spun Carded,50% Cotton - Recycled Ring Spun Carded, Fabric washed","Shell: Brushed, 50% Cotton - Organic Ring Spun Carded,50% Cotton - Recycled Ring Spun Carded, Fabric washed",350,,,,Stanley/Stella,STSW268,,,,,,,,,,,,,,,cost 23.55; worst-case decoration 5.86 at 100; market blank 27.59; ours 1.64x market,,,,,,,,,,,
variant,MP-0129,,,,published,,,,,,,,,,,,,,,,,,,,,,,,c002,MP0129-C002,0.00,,,,,,,,,,,,,,,,,,,,,,,
variant,MP-0129,,,,published,,,,,,,,,,,,,,,,,,,,,,,,c001,MP0129-C001,0.00,,,,,,,,,,,,,,,,,,,,,,,
variant,MP-0129,,,,published,,,,,,,,,,,,,,,,,,,,,,,,c727,MP0129-C727,0.00,,,,,,,,,,,,,,,,,,,,,,,
variant,MP-0129,,,,published,,,,,,,,,,,,,,,,,,,,,,,,c250,MP0129-C250,0.00,,,,,,,,,,,,,,,,,,,,,,,
variant,MP-0129,,,,published,,,,,,,,,,,,,,,,,,,,,,,,c054,MP0129-C054,0.00,,,,,,,,,,,,,,,,,,,,,,,
variant,MP-0129,,,,published,,,,,,,,,,,,,,,,,,,,,,,,c005,MP0129-C005,0.00,,,,,,,,,,,,,,,,,,,,,,,
variant,MP-0129,,,,published,,,,,,,,,,,,,,,,,,,,,,,,c244,MP0129-C244,0.00,,,,,,,,,,,,,,,,,,,,,,,
variant,MP-0129,,,,published,,,,,,,,,,,,,,,,,,,,,,,,c004,MP0129-C004,0.00,,,,,,,,,,,,,,,,,,,,,,,
variant,MP-0129,,,,published,,,,,,,,,,,,,,,,,,,,,,,,c088,MP0129-C088,0.00,,,,,,,,,,,,,,,,,,,,,,,
variant,MP-0129,,,,published,,,,,,,,,,,,,,,,,,,,,,,,c702,MP0129-C702,0.00,,,,,,,,,,,,,,,,,,,,,,,
variant,MP-0129,,,,published,,,,,,,,,,,,,,,,,,,,,,,,c036,MP0129-C036,0.00,,,,,,,,,,,,,,,,,,,,,,,
variant,MP-0129,,,,published,,,,,,,,,,,,,,,,,,,,,,,,c253,MP0129-C253,0.00,,,,,,,,,,,,,,,,,,,,,,,
image,MP-0129,,,,,,,,,,,,,,,,,,,,,,,,,,,,,,,,,"https://res.cloudinary.com/www-stanleystella-com/image/upload/c_lpad,w_1600,f_auto,q_auto/v1/TechnicalNames/SFC5_STSW268_C002.jpg?_i=AB",Stella Gamechanger in Black,1,,,,,,,,,,,,,,,,,,
image,MP-0129,,,,,,,,,,,,,,,,,,,,,,,,,,,,c001,,,,,"https://res.cloudinary.com/www-stanleystella-com/image/upload/c_lpad,w_1600,f_auto,q_auto/v1/TechnicalNames/SFC5_STSW268_C001.jpg?_i=AB",Stella Gamechanger in White,2,,,,,,,,,,,,,,,,,,
image,MP-0129,,,,,,,,,,,,,,,,,,,,,,,,,,,,c727,,,,,"https://res.cloudinary.com/www-stanleystella-com/image/upload/c_lpad,w_1600,f_auto,q_auto/v1/TechnicalNames/SFC9_STSW268_C727.jpg?_i=AB",Stella Gamechanger in French Navy,3,,,,,,,,,,,,,,,,,,
image,MP-0129,,,,,,,,,,,,,,,,,,,,,,,,,,,,c250,,,,,"https://res.cloudinary.com/www-stanleystella-com/image/upload/c_lpad,w_1600,f_auto,q_auto/v1/TechnicalNames/SFM5_STSW268_C250.jpg?_i=AB",Stella Gamechanger in Heather Grey,4,,,,,,,,,,,,,,,,,,
image,MP-0129,,,,,,,,,,,,,,,,,,,,,,,,,,,,c054,,,,,"https://res.cloudinary.com/www-stanleystella-com/image/upload/c_lpad,w_1600,f_auto,q_auto/v1/TechnicalNames/SFC5_STSW268_C054.jpg?_i=AB",Stella Gamechanger in Natural Raw,5,,,,,,,,,,,,,,,,,,
image,MP-0129,,,,,,,,,,,,,,,,,,,,,,,,,,,,c005,,,,,"https://res.cloudinary.com/www-stanleystella-com/image/upload/c_lpad,w_1600,f_auto,q_auto/v1/TechnicalNames/SBM5_STSW268_C005.jpg?_i=AB",Stella Gamechanger in Cotton Pink,6,,,,,,,,,,,,,,,,,,
image,MP-0129,,,,,,,,,,,,,,,,,,,,,,,,,,,,c244,,,,,"https://res.cloudinary.com/www-stanleystella-com/image/upload/c_lpad,w_1600,f_auto,q_auto/v1/TechnicalNames/SFC5_STSW268_C244.jpg?_i=AB",Stella Gamechanger in Burgundy,7,,,,,,,,,,,,,,,,,,
image,MP-0129,,,,,,,,,,,,,,,,,,,,,,,,,,,,c004,,,,,"https://res.cloudinary.com/www-stanleystella-com/image/upload/c_lpad,w_1600,f_auto,q_auto/v1/TechnicalNames/SFC5_STSW268_C004.jpg?_i=AB",Stella Gamechanger in Red,8,,,,,,,,,,,,,,,,,,
image,MP-0129,,,,,,,,,,,,,,,,,,,,,,,,,,,,c088,,,,,"https://res.cloudinary.com/www-stanleystella-com/image/upload/c_lpad,w_1600,f_auto,q_auto/v1/TechnicalNames/SFC5_STSW268_C088.jpg?_i=AB",Stella Gamechanger in Worker Blue,9,,,,,,,,,,,,,,,,,,
image,MP-0129,,,,,,,,,,,,,,,,,,,,,,,,,,,,c702,,,,,"https://res.cloudinary.com/www-stanleystella-com/image/upload/c_lpad,w_1600,f_auto,q_auto/v1/TechnicalNames/SFC5_STSW268_C702.jpg?_i=AB",Stella Gamechanger in Stargazer,10,,,,,,,,,,,,,,,,,,
image,MP-0129,,,,,,,,,,,,,,,,,,,,,,,,,,,,c036,,,,,"https://res.cloudinary.com/www-stanleystella-com/image/upload/c_lpad,w_1600,f_auto,q_auto/v1/TechnicalNames/SFC5_STSW268_C036.jpg?_i=AB",Stella Gamechanger in Glazed Green,11,,,,,,,,,,,,,,,,,,
image,MP-0129,,,,,,,,,,,,,,,,,,,,,,,,,,,,c253,,,,,"https://res.cloudinary.com/www-stanleystella-com/image/upload/c_lpad,w_1600,f_auto,q_auto/v1/TechnicalNames/SFC5_STSW268_C253.jpg?_i=AB",Stella Gamechanger in Anthracite,12,,,,,,,,,,,,,,,,,,
decoration,MP-0129,,,,,,,,,,,,,,,,,,,,,,,,,,,,,,,,,,,,embroidery,front,160,160,6,Vector or DST,Default maximum for the category — confirm per product.,,,,,,,,,,,
decoration,MP-0129,,,,,,,,,,,,,,,,,,,,,,,,,,,,,,,,,,,,embroidery,back,200,200,6,Vector or DST,Default maximum for the category — confirm per product.,,,,,,,,,,,
decoration,MP-0129,,,,,,,,,,,,,,,,,,,,,,,,,,,,,,,,,,,,embroidery,left_chest,90,90,6,Vector or DST,Default maximum for the category — confirm per product.,,,,,,,,,,,
decoration,MP-0129,,,,,,,,,,,,,,,,,,,,,,,,,,,,,,,,,,,,embroidery,sleeve,70,70,6,Vector or DST,Default maximum for the category — confirm per product.,,,,,,,,,,,
decoration,MP-0129,,,,,,,,,,,,,,,,,,,,,,,,,,,,,,,,,,,,screen,front,300,400,4,Vector,Default maximum for the category — confirm per product.,,,,,,,,,,,
decoration,MP-0129,,,,,,,,,,,,,,,,,,,,,,,,,,,,,,,,,,,,screen,back,320,420,4,Vector,Default maximum for the category — confirm per product.,,,,,,,,,,,
decoration,MP-0129,,,,,,,,,,,,,,,,,,,,,,,,,,,,,,,,,,,,screen,left_chest,100,100,4,Vector,Default maximum for the category — confirm per product.,,,,,,,,,,,
decoration,MP-0129,,,,,,,,,,,,,,,,,,,,,,,,,,,,,,,,,,,,screen,sleeve,80,300,4,Vector,Default maximum for the category — confirm per product.,,,,,,,,,,,
decoration,MP-0129,,,,,,,,,,,,,,,,,,,,,,,,,,,,,,,,,,,,dtf,front,300,400,4,Vector,Default maximum for the category — confirm per product.,,,,,,,,,,,
decoration,MP-0129,,,,,,,,,,,,,,,,,,,,,,,,,,,,,,,,,,,,dtf,back,320,420,4,Vector,Default maximum for the category — confirm per product.,,,,,,,,,,,
decoration,MP-0129,,,,,,,,,,,,,,,,,,,,,,,,,,,,,,,,,,,,dtf,left_chest,100,100,4,Vector,Default maximum for the category — confirm per product.,,,,,,,,,,,
decoration,MP-0129,,,,,,,,,,,,,,,,,,,,,,,,,,,,,,,,,,,,dtf,sleeve,80,300,4,Vector,Default maximum for the category — confirm per product.,,,,,,,,,,,
decoration,MP-0129,,,,,,,,,,,,,,,,,,,,,,,,,,,,,,,,,,,,dtg,front,300,400,4,Vector,Default maximum for the category — confirm per product.,,,,,,,,,,,
decoration,MP-0129,,,,,,,,,,,,,,,,,,,,,,,,,,,,,,,,,,,,dtg,back,320,420,4,Vector,Default maximum for the category — confirm per product.,,,,,,,,,,,
decoration,MP-0129,,,,,,,,,,,,,,,,,,,,,,,,,,,,,,,,,,,,dtg,left_chest,100,100,4,Vector,Default maximum for the category — confirm per product.,,,,,,,,,,,
decoration,MP-0129,,,,,,,,,,,,,,,,,,,,,,,,,,,,,,,,,,,,dtg,sleeve,80,300,4,Vector,Default maximum for the category — confirm per product.,,,,,,,,,,,
product,MP-0130,stella-ida,Stella Ida,Sweatshirts,published,25,EUR,52.52,49.36,46.33,43.91,42.76,24.25,3,5,c002|c001|c727|c054|c129|c728|c146,XS|S|M|L|XL|XXL,embroidery|screen|dtf|dtg,front|back|left_chest|sleeve,yes,"Shell: Brushed, 100% Cotton - Organic Ring Spun Combed, Fabric washed","Shell: Brushed, 100% Cotton - Organic Ring Spun Combed, Fabric washed",300,,,,Stanley/Stella,STSW214,,,,,,,,,,,,,,,cost 24.25; worst-case decoration 5.86 at 100; market blank 27.90; ours 1.66x market,,,,,,,,,,,
variant,MP-0130,,,,published,,,,,,,,,,,,,,,,,,,,,,,,c002,MP0130-C002,0.00,,,,,,,,,,,,,,,,,,,,,,,
variant,MP-0130,,,,published,,,,,,,,,,,,,,,,,,,,,,,,c001,MP0130-C001,0.00,,,,,,,,,,,,,,,,,,,,,,,
variant,MP-0130,,,,published,,,,,,,,,,,,,,,,,,,,,,,,c727,MP0130-C727,0.00,,,,,,,,,,,,,,,,,,,,,,,
variant,MP-0130,,,,published,,,,,,,,,,,,,,,,,,,,,,,,c054,MP0130-C054,0.00,,,,,,,,,,,,,,,,,,,,,,,
variant,MP-0130,,,,published,,,,,,,,,,,,,,,,,,,,,,,,c129,MP0130-C129,0.00,,,,,,,,,,,,,,,,,,,,,,,
variant,MP-0130,,,,published,,,,,,,,,,,,,,,,,,,,,,,,c728,MP0130-C728,0.00,,,,,,,,,,,,,,,,,,,,,,,
variant,MP-0130,,,,published,,,,,,,,,,,,,,,,,,,,,,,,c146,MP0130-C146,0.00,,,,,,,,,,,,,,,,,,,,,,,
image,MP-0130,,,,,,,,,,,,,,,,,,,,,,,,,,,,,,,,,"https://res.cloudinary.com/www-stanleystella-com/image/upload/c_lpad,w_1600,f_auto,q_auto/v1/TechnicalNames/SBM5_STSW214_C002.jpg?_i=AB",Stella Ida in Black,1,,,,,,,,,,,,,,,,,,
image,MP-0130,,,,,,,,,,,,,,,,,,,,,,,,,,,,c001,,,,,"https://res.cloudinary.com/www-stanleystella-com/image/upload/c_lpad,w_1600,f_auto,q_auto/v1/TechnicalNames/SBM5_STSW214_C001.jpg?_i=AB",Stella Ida in White,2,,,,,,,,,,,,,,,,,,
image,MP-0130,,,,,,,,,,,,,,,,,,,,,,,,,,,,c727,,,,,"https://res.cloudinary.com/www-stanleystella-com/image/upload/c_lpad,w_1600,f_auto,q_auto/v1/TechnicalNames/SBM5_STSW214_C727.jpg?_i=AB",Stella Ida in French Navy,3,,,,,,,,,,,,,,,,,,
image,MP-0130,,,,,,,,,,,,,,,,,,,,,,,,,,,,c054,,,,,"https://res.cloudinary.com/www-stanleystella-com/image/upload/c_lpad,w_1600,f_auto,q_auto/v1/TechnicalNames/SBM5_STSW214_C054.jpg?_i=AB",Stella Ida in Natural Raw,4,,,,,,,,,,,,,,,,,,
image,MP-0130,,,,,,,,,,,,,,,,,,,,,,,,,,,,c129,,,,,"https://res.cloudinary.com/www-stanleystella-com/image/upload/c_lpad,w_1600,f_auto,q_auto/v1/TechnicalNames/SBM5_STSW214_C129.jpg?_i=AB",Stella Ida in Bubble Pink,5,,,,,,,,,,,,,,,,,,
image,MP-0130,,,,,,,,,,,,,,,,,,,,,,,,,,,,c728,,,,,"https://res.cloudinary.com/www-stanleystella-com/image/upload/c_lpad,w_1600,f_auto,q_auto/v1/TechnicalNames/SBM5_STSW214_C728.jpg?_i=AB",Stella Ida in Blue Ice,6,,,,,,,,,,,,,,,,,,
image,MP-0130,,,,,,,,,,,,,,,,,,,,,,,,,,,,c146,,,,,"https://res.cloudinary.com/www-stanleystella-com/image/upload/c_lpad,w_1600,f_auto,q_auto/v1/TechnicalNames/SFM5_STSW214_C146.jpg?_i=AB",Stella Ida in Cool Heather Grey,7,,,,,,,,,,,,,,,,,,
decoration,MP-0130,,,,,,,,,,,,,,,,,,,,,,,,,,,,,,,,,,,,embroidery,front,160,160,6,Vector or DST,Default maximum for the category — confirm per product.,,,,,,,,,,,
decoration,MP-0130,,,,,,,,,,,,,,,,,,,,,,,,,,,,,,,,,,,,embroidery,back,200,200,6,Vector or DST,Default maximum for the category — confirm per product.,,,,,,,,,,,
decoration,MP-0130,,,,,,,,,,,,,,,,,,,,,,,,,,,,,,,,,,,,embroidery,left_chest,90,90,6,Vector or DST,Default maximum for the category — confirm per product.,,,,,,,,,,,
decoration,MP-0130,,,,,,,,,,,,,,,,,,,,,,,,,,,,,,,,,,,,embroidery,sleeve,70,70,6,Vector or DST,Default maximum for the category — confirm per product.,,,,,,,,,,,
decoration,MP-0130,,,,,,,,,,,,,,,,,,,,,,,,,,,,,,,,,,,,screen,front,300,400,4,Vector,Default maximum for the category — confirm per product.,,,,,,,,,,,
decoration,MP-0130,,,,,,,,,,,,,,,,,,,,,,,,,,,,,,,,,,,,screen,back,320,420,4,Vector,Default maximum for the category — confirm per product.,,,,,,,,,,,
decoration,MP-0130,,,,,,,,,,,,,,,,,,,,,,,,,,,,,,,,,,,,screen,left_chest,100,100,4,Vector,Default maximum for the category — confirm per product.,,,,,,,,,,,
decoration,MP-0130,,,,,,,,,,,,,,,,,,,,,,,,,,,,,,,,,,,,screen,sleeve,80,300,4,Vector,Default maximum for the category — confirm per product.,,,,,,,,,,,
decoration,MP-0130,,,,,,,,,,,,,,,,,,,,,,,,,,,,,,,,,,,,dtf,front,300,400,4,Vector,Default maximum for the category — confirm per product.,,,,,,,,,,,
decoration,MP-0130,,,,,,,,,,,,,,,,,,,,,,,,,,,,,,,,,,,,dtf,back,320,420,4,Vector,Default maximum for the category — confirm per product.,,,,,,,,,,,
decoration,MP-0130,,,,,,,,,,,,,,,,,,,,,,,,,,,,,,,,,,,,dtf,left_chest,100,100,4,Vector,Default maximum for the category — confirm per product.,,,,,,,,,,,
decoration,MP-0130,,,,,,,,,,,,,,,,,,,,,,,,,,,,,,,,,,,,dtf,sleeve,80,300,4,Vector,Default maximum for the category — confirm per product.,,,,,,,,,,,
decoration,MP-0130,,,,,,,,,,,,,,,,,,,,,,,,,,,,,,,,,,,,dtg,front,300,400,4,Vector,Default maximum for the category — confirm per product.,,,,,,,,,,,
decoration,MP-0130,,,,,,,,,,,,,,,,,,,,,,,,,,,,,,,,,,,,dtg,back,320,420,4,Vector,Default maximum for the category — confirm per product.,,,,,,,,,,,
decoration,MP-0130,,,,,,,,,,,,,,,,,,,,,,,,,,,,,,,,,,,,dtg,left_chest,100,100,4,Vector,Default maximum for the category — confirm per product.,,,,,,,,,,,
decoration,MP-0130,,,,,,,,,,,,,,,,,,,,,,,,,,,,,,,,,,,,dtg,sleeve,80,300,4,Vector,Default maximum for the category — confirm per product.,,,,,,,,,,,
product,MP-0131,stella-lianna,Stella Lianna,Sweatshirts,published,25,EUR,49.59,46.43,43.40,40.99,39.84,22.35,3,5,c002|c727|c250|c151|c361,XS|S|M|L|XL|XXL,embroidery|screen|dtf|dtg,front|back|left_chest|sleeve,yes,"Shell: Brushed, 35% Modal,65% Cotton - Organic Ring Spun Combed, Fabric washed","Shell: Brushed, 35% Modal,65% Cotton - Organic Ring Spun Combed, Fabric washed",320,,,,Stanley/Stella,STSW262,,,,,,,,,,,,,,,cost 22.35; worst-case decoration 5.86 at 100; market blank 25.23; ours 1.72x market,,,,,,,,,,,
variant,MP-0131,,,,published,,,,,,,,,,,,,,,,,,,,,,,,c002,MP0131-C002,0.00,,,,,,,,,,,,,,,,,,,,,,,
variant,MP-0131,,,,published,,,,,,,,,,,,,,,,,,,,,,,,c727,MP0131-C727,0.00,,,,,,,,,,,,,,,,,,,,,,,
variant,MP-0131,,,,published,,,,,,,,,,,,,,,,,,,,,,,,c250,MP0131-C250,0.00,,,,,,,,,,,,,,,,,,,,,,,
variant,MP-0131,,,,published,,,,,,,,,,,,,,,,,,,,,,,,c151,MP0131-C151,0.00,,,,,,,,,,,,,,,,,,,,,,,
variant,MP-0131,,,,published,,,,,,,,,,,,,,,,,,,,,,,,c361,MP0131-C361,0.00,,,,,,,,,,,,,,,,,,,,,,,
image,MP-0131,,,,,,,,,,,,,,,,,,,,,,,,,,,,,,,,,"https://res.cloudinary.com/www-stanleystella-com/image/upload/c_lpad,w_1600,f_auto,q_auto/v1/TechnicalNames/SFM8_STSW262_C002.jpg?_i=AB",Stella Lianna in Black,1,,,,,,,,,,,,,,,,,,
image,MP-0131,,,,,,,,,,,,,,,,,,,,,,,,,,,,c727,,,,,"https://res.cloudinary.com/www-stanleystella-com/image/upload/c_lpad,w_1600,f_auto,q_auto/v1/TechnicalNames/SFM8_STSW262_C727.jpg?_i=AB",Stella Lianna in French Navy,2,,,,,,,,,,,,,,,,,,
image,MP-0131,,,,,,,,,,,,,,,,,,,,,,,,,,,,c250,,,,,"https://res.cloudinary.com/www-stanleystella-com/image/upload/c_lpad,w_1600,f_auto,q_auto/v1/TechnicalNames/SBM5_STSW262_C250.jpg?_i=AB",Stella Lianna in Heather Grey,3,,,,,,,,,,,,,,,,,,
image,MP-0131,,,,,,,,,,,,,,,,,,,,,,,,,,,,c151,,,,,"https://res.cloudinary.com/www-stanleystella-com/image/upload/c_lpad,w_1600,f_auto,q_auto/v1/TechnicalNames/SFM5_STSW262_C151.jpg?_i=AB",Stella Lianna in Deep Plum,4,,,,,,,,,,,,,,,,,,
image,MP-0131,,,,,,,,,,,,,,,,,,,,,,,,,,,,c361,,,,,"https://res.cloudinary.com/www-stanleystella-com/image/upload/c_lpad,w_1600,f_auto,q_auto/v1/TechnicalNames/PBM0_STSW262_C361.jpg?_i=AB",Stella Lianna in Cream,5,,,,,,,,,,,,,,,,,,
decoration,MP-0131,,,,,,,,,,,,,,,,,,,,,,,,,,,,,,,,,,,,embroidery,front,160,160,6,Vector or DST,Default maximum for the category — confirm per product.,,,,,,,,,,,
decoration,MP-0131,,,,,,,,,,,,,,,,,,,,,,,,,,,,,,,,,,,,embroidery,back,200,200,6,Vector or DST,Default maximum for the category — confirm per product.,,,,,,,,,,,
decoration,MP-0131,,,,,,,,,,,,,,,,,,,,,,,,,,,,,,,,,,,,embroidery,left_chest,90,90,6,Vector or DST,Default maximum for the category — confirm per product.,,,,,,,,,,,
decoration,MP-0131,,,,,,,,,,,,,,,,,,,,,,,,,,,,,,,,,,,,embroidery,sleeve,70,70,6,Vector or DST,Default maximum for the category — confirm per product.,,,,,,,,,,,
decoration,MP-0131,,,,,,,,,,,,,,,,,,,,,,,,,,,,,,,,,,,,screen,front,300,400,4,Vector,Default maximum for the category — confirm per product.,,,,,,,,,,,
decoration,MP-0131,,,,,,,,,,,,,,,,,,,,,,,,,,,,,,,,,,,,screen,back,320,420,4,Vector,Default maximum for the category — confirm per product.,,,,,,,,,,,
decoration,MP-0131,,,,,,,,,,,,,,,,,,,,,,,,,,,,,,,,,,,,screen,left_chest,100,100,4,Vector,Default maximum for the category — confirm per product.,,,,,,,,,,,
decoration,MP-0131,,,,,,,,,,,,,,,,,,,,,,,,,,,,,,,,,,,,screen,sleeve,80,300,4,Vector,Default maximum for the category — confirm per product.,,,,,,,,,,,
decoration,MP-0131,,,,,,,,,,,,,,,,,,,,,,,,,,,,,,,,,,,,dtf,front,300,400,4,Vector,Default maximum for the category — confirm per product.,,,,,,,,,,,
decoration,MP-0131,,,,,,,,,,,,,,,,,,,,,,,,,,,,,,,,,,,,dtf,back,320,420,4,Vector,Default maximum for the category — confirm per product.,,,,,,,,,,,
decoration,MP-0131,,,,,,,,,,,,,,,,,,,,,,,,,,,,,,,,,,,,dtf,left_chest,100,100,4,Vector,Default maximum for the category — confirm per product.,,,,,,,,,,,
decoration,MP-0131,,,,,,,,,,,,,,,,,,,,,,,,,,,,,,,,,,,,dtf,sleeve,80,300,4,Vector,Default maximum for the category — confirm per product.,,,,,,,,,,,
decoration,MP-0131,,,,,,,,,,,,,,,,,,,,,,,,,,,,,,,,,,,,dtg,front,300,400,4,Vector,Default maximum for the category — confirm per product.,,,,,,,,,,,
decoration,MP-0131,,,,,,,,,,,,,,,,,,,,,,,,,,,,,,,,,,,,dtg,back,320,420,4,Vector,Default maximum for the category — confirm per product.,,,,,,,,,,,
decoration,MP-0131,,,,,,,,,,,,,,,,,,,,,,,,,,,,,,,,,,,,dtg,left_chest,100,100,4,Vector,Default maximum for the category — confirm per product.,,,,,,,,,,,
decoration,MP-0131,,,,,,,,,,,,,,,,,,,,,,,,,,,,,,,,,,,,dtg,sleeve,80,300,4,Vector,Default maximum for the category — confirm per product.,,,,,,,,,,,
product,MP-0132,stella-nora,Stella Nora,Sweatshirts,published,25,EUR,53.75,50.59,47.56,45.14,43.99,25.05,3,5,c002|c001|c727|c054|c101|c129|c244|c063|c359|c088|c728|c156|c136|c144|c735|c356|c155|c730|c135|c146|c147|c731|c253,XS|S|M|L|XL|XXL,embroidery|screen|dtf|dtg,front|back|left_chest|sleeve,yes,"Shell: Brushed, 100% Cotton - Organic Ring Spun Combed / Heather Haze : 80% Organic Cotton - 20% Recycled Cotton, Ring Spun Combed, Fabric washed","Shell: Brushed, 100% Cotton - Organic Ring Spun Combed / Heather Haze : 80% Organic Cotton - 20% Recycled Cotton, Ring Spun Combed, Fabric washed",300,,,,Stanley/Stella,STSW213,,,,,,,,,,,,,,,cost 25.05; worst-case decoration 5.86 at 100; market blank 25.21; ours 1.89x market,,,,,,,,,,,
variant,MP-0132,,,,published,,,,,,,,,,,,,,,,,,,,,,,,c002,MP0132-C002,0.00,,,,,,,,,,,,,,,,,,,,,,,
variant,MP-0132,,,,published,,,,,,,,,,,,,,,,,,,,,,,,c001,MP0132-C001,0.00,,,,,,,,,,,,,,,,,,,,,,,
variant,MP-0132,,,,published,,,,,,,,,,,,,,,,,,,,,,,,c727,MP0132-C727,0.00,,,,,,,,,,,,,,,,,,,,,,,
variant,MP-0132,,,,published,,,,,,,,,,,,,,,,,,,,,,,,c054,MP0132-C054,0.00,,,,,,,,,,,,,,,,,,,,,,,
variant,MP-0132,,,,published,,,,,,,,,,,,,,,,,,,,,,,,c101,MP0132-C101,0.00,,,,,,,,,,,,,,,,,,,,,,,
variant,MP-0132,,,,published,,,,,,,,,,,,,,,,,,,,,,,,c129,MP0132-C129,0.00,,,,,,,,,,,,,,,,,,,,,,,
variant,MP-0132,,,,published,,,,,,,,,,,,,,,,,,,,,,,,c244,MP0132-C244,0.00,,,,,,,,,,,,,,,,,,,,,,,
variant,MP-0132,,,,published,,,,,,,,,,,,,,,,,,,,,,,,c063,MP0132-C063,0.00,,,,,,,,,,,,,,,,,,,,,,,
variant,MP-0132,,,,published,,,,,,,,,,,,,,,,,,,,,,,,c359,MP0132-C359,0.00,,,,,,,,,,,,,,,,,,,,,,,
variant,MP-0132,,,,published,,,,,,,,,,,,,,,,,,,,,,,,c088,MP0132-C088,0.00,,,,,,,,,,,,,,,,,,,,,,,
variant,MP-0132,,,,published,,,,,,,,,,,,,,,,,,,,,,,,c728,MP0132-C728,0.00,,,,,,,,,,,,,,,,,,,,,,,
variant,MP-0132,,,,published,,,,,,,,,,,,,,,,,,,,,,,,c156,MP0132-C156,0.00,,,,,,,,,,,,,,,,,,,,,,,
variant,MP-0132,,,,published,,,,,,,,,,,,,,,,,,,,,,,,c136,MP0132-C136,0.00,,,,,,,,,,,,,,,,,,,,,,,
variant,MP-0132,,,,published,,,,,,,,,,,,,,,,,,,,,,,,c144,MP0132-C144,0.00,,,,,,,,,,,,,,,,,,,,,,,
variant,MP-0132,,,,published,,,,,,,,,,,,,,,,,,,,,,,,c735,MP0132-C735,0.00,,,,,,,,,,,,,,,,,,,,,,,
variant,MP-0132,,,,published,,,,,,,,,,,,,,,,,,,,,,,,c356,MP0132-C356,0.00,,,,,,,,,,,,,,,,,,,,,,,
variant,MP-0132,,,,published,,,,,,,,,,,,,,,,,,,,,,,,c155,MP0132-C155,0.00,,,,,,,,,,,,,,,,,,,,,,,
variant,MP-0132,,,,published,,,,,,,,,,,,,,,,,,,,,,,,c730,MP0132-C730,0.00,,,,,,,,,,,,,,,,,,,,,,,
variant,MP-0132,,,,published,,,,,,,,,,,,,,,,,,,,,,,,c135,MP0132-C135,0.00,,,,,,,,,,,,,,,,,,,,,,,
variant,MP-0132,,,,published,,,,,,,,,,,,,,,,,,,,,,,,c146,MP0132-C146,0.00,,,,,,,,,,,,,,,,,,,,,,,
variant,MP-0132,,,,published,,,,,,,,,,,,,,,,,,,,,,,,c147,MP0132-C147,0.00,,,,,,,,,,,,,,,,,,,,,,,
variant,MP-0132,,,,published,,,,,,,,,,,,,,,,,,,,,,,,c731,MP0132-C731,0.00,,,,,,,,,,,,,,,,,,,,,,,
variant,MP-0132,,,,published,,,,,,,,,,,,,,,,,,,,,,,,c253,MP0132-C253,0.00,,,,,,,,,,,,,,,,,,,,,,,
image,MP-0132,,,,,,,,,,,,,,,,,,,,,,,,,,,,,,,,,"https://res.cloudinary.com/www-stanleystella-com/image/upload/c_lpad,w_1600,f_auto,q_auto/v1/TechnicalNames/SBM5_STSW213_C002.jpg?_i=AB",Stella Nora in Black,1,,,,,,,,,,,,,,,,,,
image,MP-0132,,,,,,,,,,,,,,,,,,,,,,,,,,,,c001,,,,,"https://res.cloudinary.com/www-stanleystella-com/image/upload/c_lpad,w_1600,f_auto,q_auto/v1/TechnicalNames/SBM5_STSW213_C001.jpg?_i=AB",Stella Nora in White,2,,,,,,,,,,,,,,,,,,
image,MP-0132,,,,,,,,,,,,,,,,,,,,,,,,,,,,c727,,,,,"https://res.cloudinary.com/www-stanleystella-com/image/upload/c_lpad,w_1600,f_auto,q_auto/v1/TechnicalNames/SBM5_STSW213_C727.jpg?_i=AB",Stella Nora in French Navy,3,,,,,,,,,,,,,,,,,,
image,MP-0132,,,,,,,,,,,,,,,,,,,,,,,,,,,,c054,,,,,"https://res.cloudinary.com/www-stanleystella-com/image/upload/c_lpad,w_1600,f_auto,q_auto/v1/TechnicalNames/SBM5_STSW213_C054.jpg?_i=AB",Stella Nora in Natural Raw,4,,,,,,,,,,,,,,,,,,
image,MP-0132,,,,,,,,,,,,,,,,,,,,,,,,,,,,c101,,,,,"https://res.cloudinary.com/www-stanleystella-com/image/upload/c_lpad,w_1600,f_auto,q_auto/v1/TechnicalNames/SBM5_STSW213_C101.jpg?_i=AB",Stella Nora in Fraiche Peche,5,,,,,,,,,,,,,,,,,,
image,MP-0132,,,,,,,,,,,,,,,,,,,,,,,,,,,,c129,,,,,"https://res.cloudinary.com/www-stanleystella-com/image/upload/c_lpad,w_1600,f_auto,q_auto/v1/TechnicalNames/SBM5_STSW213_C129.jpg?_i=AB",Stella Nora in Bubble Pink,6,,,,,,,,,,,,,,,,,,
image,MP-0132,,,,,,,,,,,,,,,,,,,,,,,,,,,,c244,,,,,"https://res.cloudinary.com/www-stanleystella-com/image/upload/c_lpad,w_1600,f_auto,q_auto/v1/TechnicalNames/SBM5_STSW213_C244.jpg?_i=AB",Stella Nora in Burgundy,7,,,,,,,,,,,,,,,,,,
image,MP-0132,,,,,,,,,,,,,,,,,,,,,,,,,,,,c063,,,,,"https://res.cloudinary.com/www-stanleystella-com/image/upload/c_lpad,w_1600,f_auto,q_auto/v1/TechnicalNames/SBM5_STSW213_C063.jpg?_i=AB",Stella Nora in Lavender,8,,,,,,,,,,,,,,,,,,
image,MP-0132,,,,,,,,,,,,,,,,,,,,,,,,,,,,c359,,,,,"https://res.cloudinary.com/www-stanleystella-com/image/upload/c_lpad,w_1600,f_auto,q_auto/v1/TechnicalNames/PBM0_STSW213_C359.jpg?_i=AB",Stella Nora in Dusk,9,,,,,,,,,,,,,,,,,,
image,MP-0132,,,,,,,,,,,,,,,,,,,,,,,,,,,,c088,,,,,"https://res.cloudinary.com/www-stanleystella-com/image/upload/c_lpad,w_1600,f_auto,q_auto/v1/TechnicalNames/SBM5_STSW213_C088.jpg?_i=AB",Stella Nora in Worker Blue,10,,,,,,,,,,,,,,,,,,
image,MP-0132,,,,,,,,,,,,,,,,,,,,,,,,,,,,c728,,,,,"https://res.cloudinary.com/www-stanleystella-com/image/upload/c_lpad,w_1600,f_auto,q_auto/v1/TechnicalNames/DFM0_STSW213_C728.jpg?_i=AB",Stella Nora in Blue Ice,11,,,,,,,,,,,,,,,,,,
image,MP-0132,,,,,,,,,,,,,,,,,,,,,,,,,,,,c156,,,,,"https://res.cloudinary.com/www-stanleystella-com/image/upload/c_lpad,w_1600,f_auto,q_auto/v1/TechnicalNames/SBM5_STSW213_C156.jpg?_i=AB",Stella Nora in Blue Grey,12,,,,,,,,,,,,,,,,,,
image,MP-0132,,,,,,,,,,,,,,,,,,,,,,,,,,,,c136,,,,,"https://res.cloudinary.com/www-stanleystella-com/image/upload/c_lpad,w_1600,f_auto,q_auto/v1/TechnicalNames/DFM0_STSW213_C136.jpg?_i=AB",Stella Nora in Deep Teal,13,,,,,,,,,,,,,,,,,,
image,MP-0132,,,,,,,,,,,,,,,,,,,,,,,,,,,,c144,,,,,"https://res.cloudinary.com/www-stanleystella-com/image/upload/c_lpad,w_1600,f_auto,q_auto/v1/TechnicalNames/SBM5_STSW213_C144.jpg?_i=AB",Stella Nora in Green Bay,14,,,,,,,,,,,,,,,,,,
image,MP-0132,,,,,,,,,,,,,,,,,,,,,,,,,,,,c735,,,,,"https://res.cloudinary.com/www-stanleystella-com/image/upload/c_lpad,w_1600,f_auto,q_auto/v1/TechnicalNames/SBM5_STSW213_C735.jpg?_i=AB",Stella Nora in Misty Jade,15,,,,,,,,,,,,,,,,,,
image,MP-0132,,,,,,,,,,,,,,,,,,,,,,,,,,,,c356,,,,,"https://res.cloudinary.com/www-stanleystella-com/image/upload/c_lpad,w_1600,f_auto,q_auto/v1/TechnicalNames/PBM0_STSW213_C356.jpg?_i=AB",Stella Nora in Viva Yellow,16,,,,,,,,,,,,,,,,,,
image,MP-0132,,,,,,,,,,,,,,,,,,,,,,,,,,,,c155,,,,,"https://res.cloudinary.com/www-stanleystella-com/image/upload/c_lpad,w_1600,f_auto,q_auto/v1/TechnicalNames/SFM6_STSW213_C155.jpg?_i=AB",Stella Nora in Honey Paper,17,,,,,,,,,,,,,,,,,,
image,MP-0132,,,,,,,,,,,,,,,,,,,,,,,,,,,,c730,,,,,"https://res.cloudinary.com/www-stanleystella-com/image/upload/c_lpad,w_1600,f_auto,q_auto/v1/TechnicalNames/SBM5_STSW213_C730.jpg?_i=AB",Stella Nora in Heritage Brown,18,,,,,,,,,,,,,,,,,,
image,MP-0132,,,,,,,,,,,,,,,,,,,,,,,,,,,,c135,,,,,"https://res.cloudinary.com/www-stanleystella-com/image/upload/c_lpad,w_1600,f_auto,q_auto/v1/TechnicalNames/PBM0_STSW213_C135.jpg?_i=AB",Stella Nora in Mocha,19,,,,,,,,,,,,,,,,,,
image,MP-0132,,,,,,,,,,,,,,,,,,,,,,,,,,,,c146,,,,,"https://res.cloudinary.com/www-stanleystella-com/image/upload/c_lpad,w_1600,f_auto,q_auto/v1/TechnicalNames/SBM5_STSW213_C146.jpg?_i=AB",Stella Nora in Cool Heather Grey,20,,,,,,,,,,,,,,,,,,
image,MP-0132,,,,,,,,,,,,,,,,,,,,,,,,,,,,c147,,,,,"https://res.cloudinary.com/www-stanleystella-com/image/upload/c_lpad,w_1600,f_auto,q_auto/v1/TechnicalNames/SBM5_STSW213_C147.jpg?_i=AB",Stella Nora in Eco-Heather,21,,,,,,,,,,,,,,,,,,
image,MP-0132,,,,,,,,,,,,,,,,,,,,,,,,,,,,c731,,,,,"https://res.cloudinary.com/www-stanleystella-com/image/upload/c_lpad,w_1600,f_auto,q_auto/v1/TechnicalNames/SBM5_STSW213_C731.jpg?_i=AB",Stella Nora in Heather Haze,22,,,,,,,,,,,,,,,,,,
image,MP-0132,,,,,,,,,,,,,,,,,,,,,,,,,,,,c253,,,,,"https://res.cloudinary.com/www-stanleystella-com/image/upload/c_lpad,w_1600,f_auto,q_auto/v1/TechnicalNames/SBM5_STSW213_C253.jpg?_i=AB",Stella Nora in Anthracite,23,,,,,,,,,,,,,,,,,,
decoration,MP-0132,,,,,,,,,,,,,,,,,,,,,,,,,,,,,,,,,,,,embroidery,front,160,160,6,Vector or DST,Default maximum for the category — confirm per product.,,,,,,,,,,,
decoration,MP-0132,,,,,,,,,,,,,,,,,,,,,,,,,,,,,,,,,,,,embroidery,back,200,200,6,Vector or DST,Default maximum for the category — confirm per product.,,,,,,,,,,,
decoration,MP-0132,,,,,,,,,,,,,,,,,,,,,,,,,,,,,,,,,,,,embroidery,left_chest,90,90,6,Vector or DST,Default maximum for the category — confirm per product.,,,,,,,,,,,
decoration,MP-0132,,,,,,,,,,,,,,,,,,,,,,,,,,,,,,,,,,,,embroidery,sleeve,70,70,6,Vector or DST,Default maximum for the category — confirm per product.,,,,,,,,,,,
decoration,MP-0132,,,,,,,,,,,,,,,,,,,,,,,,,,,,,,,,,,,,screen,front,300,400,4,Vector,Default maximum for the category — confirm per product.,,,,,,,,,,,
decoration,MP-0132,,,,,,,,,,,,,,,,,,,,,,,,,,,,,,,,,,,,screen,back,320,420,4,Vector,Default maximum for the category — confirm per product.,,,,,,,,,,,
decoration,MP-0132,,,,,,,,,,,,,,,,,,,,,,,,,,,,,,,,,,,,screen,left_chest,100,100,4,Vector,Default maximum for the category — confirm per product.,,,,,,,,,,,
decoration,MP-0132,,,,,,,,,,,,,,,,,,,,,,,,,,,,,,,,,,,,screen,sleeve,80,300,4,Vector,Default maximum for the category — confirm per product.,,,,,,,,,,,
decoration,MP-0132,,,,,,,,,,,,,,,,,,,,,,,,,,,,,,,,,,,,dtf,front,300,400,4,Vector,Default maximum for the category — confirm per product.,,,,,,,,,,,
decoration,MP-0132,,,,,,,,,,,,,,,,,,,,,,,,,,,,,,,,,,,,dtf,back,320,420,4,Vector,Default maximum for the category — confirm per product.,,,,,,,,,,,
decoration,MP-0132,,,,,,,,,,,,,,,,,,,,,,,,,,,,,,,,,,,,dtf,left_chest,100,100,4,Vector,Default maximum for the category — confirm per product.,,,,,,,,,,,
decoration,MP-0132,,,,,,,,,,,,,,,,,,,,,,,,,,,,,,,,,,,,dtf,sleeve,80,300,4,Vector,Default maximum for the category — confirm per product.,,,,,,,,,,,
decoration,MP-0132,,,,,,,,,,,,,,,,,,,,,,,,,,,,,,,,,,,,dtg,front,300,400,4,Vector,Default maximum for the category — confirm per product.,,,,,,,,,,,
decoration,MP-0132,,,,,,,,,,,,,,,,,,,,,,,,,,,,,,,,,,,,dtg,back,320,420,4,Vector,Default maximum for the category — confirm per product.,,,,,,,,,,,
decoration,MP-0132,,,,,,,,,,,,,,,,,,,,,,,,,,,,,,,,,,,,dtg,left_chest,100,100,4,Vector,Default maximum for the category — confirm per product.,,,,,,,,,,,
decoration,MP-0132,,,,,,,,,,,,,,,,,,,,,,,,,,,,,,,,,,,,dtg,sleeve,80,300,4,Vector,Default maximum for the category — confirm per product.,,,,,,,,,,,
product,MP-0133,stella-nora-vintage,Stella Nora Vintage,Sweatshirts,published,25,EUR,,,,,,,3,5,c175|c732|c158|c140,XS|S|M|L|XL|XXL,embroidery|screen|dtf|dtg,front|back|left_chest|sleeve,yes,"Shell: Brushed, 100% Cotton - Organic Ring Spun Combed, Garment washed","Shell: Brushed, 100% Cotton - Organic Ring Spun Combed, Garment washed",320,,,,Stanley/Stella,STSW285,,,,,,,,,,,,,,,No supplier cost on file — quote on inquiry.,,,,,,,,,,,
variant,MP-0133,,,,published,,,,,,,,,,,,,,,,,,,,,,,,c175,MP0133-C175,0.00,,,,,,,,,,,,,,,,,,,,,,,
variant,MP-0133,,,,published,,,,,,,,,,,,,,,,,,,,,,,,c732,MP0133-C732,0.00,,,,,,,,,,,,,,,,,,,,,,,
variant,MP-0133,,,,published,,,,,,,,,,,,,,,,,,,,,,,,c158,MP0133-C158,0.00,,,,,,,,,,,,,,,,,,,,,,,
variant,MP-0133,,,,published,,,,,,,,,,,,,,,,,,,,,,,,c140,MP0133-C140,0.00,,,,,,,,,,,,,,,,,,,,,,,
image,MP-0133,,,,,,,,,,,,,,,,,,,,,,,,,,,,,,,,,"https://res.cloudinary.com/www-stanleystella-com/image/upload/c_lpad,w_1600,f_auto,q_auto/v1/TechnicalNames/SBM5_STSW285_C175.jpg?_i=AB",Stella Nora Vintage in G.Dyed Blush,1,,,,,,,,,,,,,,,,,,
image,MP-0133,,,,,,,,,,,,,,,,,,,,,,,,,,,,c732,,,,,"https://res.cloudinary.com/www-stanleystella-com/image/upload/c_lpad,w_1600,f_auto,q_auto/v1/TechnicalNames/SBM5_STSW285_C732.jpg?_i=AB",Stella Nora Vintage in G. Dyed Blue Stone,2,,,,,,,,,,,,,,,,,,
image,MP-0133,,,,,,,,,,,,,,,,,,,,,,,,,,,,c158,,,,,"https://res.cloudinary.com/www-stanleystella-com/image/upload/c_lpad,w_1600,f_auto,q_auto/v1/TechnicalNames/SBM5_STSW285_C158.jpg?_i=AB",Stella Nora Vintage in G. Dyed Blue Grey,3,,,,,,,,,,,,,,,,,,
image,MP-0133,,,,,,,,,,,,,,,,,,,,,,,,,,,,c140,,,,,"https://res.cloudinary.com/www-stanleystella-com/image/upload/c_lpad,w_1600,f_auto,q_auto/v1/TechnicalNames/SFM5_STSW285_C140.jpg?_i=AB",Stella Nora Vintage in G. Dyed Black Rock,4,,,,,,,,,,,,,,,,,,
decoration,MP-0133,,,,,,,,,,,,,,,,,,,,,,,,,,,,,,,,,,,,embroidery,front,160,160,6,Vector or DST,Default maximum for the category — confirm per product.,,,,,,,,,,,
decoration,MP-0133,,,,,,,,,,,,,,,,,,,,,,,,,,,,,,,,,,,,embroidery,back,200,200,6,Vector or DST,Default maximum for the category — confirm per product.,,,,,,,,,,,
decoration,MP-0133,,,,,,,,,,,,,,,,,,,,,,,,,,,,,,,,,,,,embroidery,left_chest,90,90,6,Vector or DST,Default maximum for the category — confirm per product.,,,,,,,,,,,
decoration,MP-0133,,,,,,,,,,,,,,,,,,,,,,,,,,,,,,,,,,,,embroidery,sleeve,70,70,6,Vector or DST,Default maximum for the category — confirm per product.,,,,,,,,,,,
decoration,MP-0133,,,,,,,,,,,,,,,,,,,,,,,,,,,,,,,,,,,,screen,front,300,400,4,Vector,Default maximum for the category — confirm per product.,,,,,,,,,,,
decoration,MP-0133,,,,,,,,,,,,,,,,,,,,,,,,,,,,,,,,,,,,screen,back,320,420,4,Vector,Default maximum for the category — confirm per product.,,,,,,,,,,,
decoration,MP-0133,,,,,,,,,,,,,,,,,,,,,,,,,,,,,,,,,,,,screen,left_chest,100,100,4,Vector,Default maximum for the category — confirm per product.,,,,,,,,,,,
decoration,MP-0133,,,,,,,,,,,,,,,,,,,,,,,,,,,,,,,,,,,,screen,sleeve,80,300,4,Vector,Default maximum for the category — confirm per product.,,,,,,,,,,,
decoration,MP-0133,,,,,,,,,,,,,,,,,,,,,,,,,,,,,,,,,,,,dtf,front,300,400,4,Vector,Default maximum for the category — confirm per product.,,,,,,,,,,,
decoration,MP-0133,,,,,,,,,,,,,,,,,,,,,,,,,,,,,,,,,,,,dtf,back,320,420,4,Vector,Default maximum for the category — confirm per product.,,,,,,,,,,,
decoration,MP-0133,,,,,,,,,,,,,,,,,,,,,,,,,,,,,,,,,,,,dtf,left_chest,100,100,4,Vector,Default maximum for the category — confirm per product.,,,,,,,,,,,
decoration,MP-0133,,,,,,,,,,,,,,,,,,,,,,,,,,,,,,,,,,,,dtf,sleeve,80,300,4,Vector,Default maximum for the category — confirm per product.,,,,,,,,,,,
decoration,MP-0133,,,,,,,,,,,,,,,,,,,,,,,,,,,,,,,,,,,,dtg,front,300,400,4,Vector,Default maximum for the category — confirm per product.,,,,,,,,,,,
decoration,MP-0133,,,,,,,,,,,,,,,,,,,,,,,,,,,,,,,,,,,,dtg,back,320,420,4,Vector,Default maximum for the category — confirm per product.,,,,,,,,,,,
decoration,MP-0133,,,,,,,,,,,,,,,,,,,,,,,,,,,,,,,,,,,,dtg,left_chest,100,100,4,Vector,Default maximum for the category — confirm per product.,,,,,,,,,,,
decoration,MP-0133,,,,,,,,,,,,,,,,,,,,,,,,,,,,,,,,,,,,dtg,sleeve,80,300,4,Vector,Default maximum for the category — confirm per product.,,,,,,,,,,,
product,MP-0134,stella-paloma,Stella Paloma,Sweatshirts,published,25,EUR,50.98,47.82,44.79,42.37,41.23,23.25,3,5,c002|c727|c005|c244|c149|c223|c730|c018|c146|c253,S|M|L,embroidery|screen|dtf|dtg,front|back|left_chest|sleeve,yes,"Shell: Brushed, 100% Cotton - Organic Ring Spun Combed, Fabric washed","Shell: Brushed, 100% Cotton - Organic Ring Spun Combed, Fabric washed",300,,,,Stanley/Stella,STSW218,,,,,,,,,,,,,,,cost 23.25; worst-case decoration 5.86 at 100; market blank 27.16; ours 1.65x market,,,,,,,,,,,
variant,MP-0134,,,,published,,,,,,,,,,,,,,,,,,,,,,,,c002,MP0134-C002,0.00,,,,,,,,,,,,,,,,,,,,,,,
variant,MP-0134,,,,published,,,,,,,,,,,,,,,,,,,,,,,,c727,MP0134-C727,0.00,,,,,,,,,,,,,,,,,,,,,,,
variant,MP-0134,,,,published,,,,,,,,,,,,,,,,,,,,,,,,c005,MP0134-C005,0.00,,,,,,,,,,,,,,,,,,,,,,,
variant,MP-0134,,,,published,,,,,,,,,,,,,,,,,,,,,,,,c244,MP0134-C244,0.00,,,,,,,,,,,,,,,,,,,,,,,
variant,MP-0134,,,,published,,,,,,,,,,,,,,,,,,,,,,,,c149,MP0134-C149,0.00,,,,,,,,,,,,,,,,,,,,,,,
variant,MP-0134,,,,published,,,,,,,,,,,,,,,,,,,,,,,,c223,MP0134-C223,0.00,,,,,,,,,,,,,,,,,,,,,,,
variant,MP-0134,,,,published,,,,,,,,,,,,,,,,,,,,,,,,c730,MP0134-C730,0.00,,,,,,,,,,,,,,,,,,,,,,,
variant,MP-0134,,,,published,,,,,,,,,,,,,,,,,,,,,,,,c018,MP0134-C018,0.00,,,,,,,,,,,,,,,,,,,,,,,
variant,MP-0134,,,,published,,,,,,,,,,,,,,,,,,,,,,,,c146,MP0134-C146,0.00,,,,,,,,,,,,,,,,,,,,,,,
variant,MP-0134,,,,published,,,,,,,,,,,,,,,,,,,,,,,,c253,MP0134-C253,0.00,,,,,,,,,,,,,,,,,,,,,,,
image,MP-0134,,,,,,,,,,,,,,,,,,,,,,,,,,,,,,,,,"https://res.cloudinary.com/www-stanleystella-com/image/upload/c_lpad,w_1600,f_auto,q_auto/v1/TechnicalNames/SFM5_STSW218_C002.jpg?_i=AB",Stella Paloma in Black,1,,,,,,,,,,,,,,,,,,
image,MP-0134,,,,,,,,,,,,,,,,,,,,,,,,,,,,c727,,,,,"https://res.cloudinary.com/www-stanleystella-com/image/upload/c_lpad,w_1600,f_auto,q_auto/v1/TechnicalNames/SBM5_STSW218_C727.jpg?_i=AB",Stella Paloma in French Navy,2,,,,,,,,,,,,,,,,,,
image,MP-0134,,,,,,,,,,,,,,,,,,,,,,,,,,,,c005,,,,,"https://res.cloudinary.com/www-stanleystella-com/image/upload/c_lpad,w_1600,f_auto,q_auto/v1/TechnicalNames/PBM0_STSW218_C005.jpg?_i=AB",Stella Paloma in Cotton Pink,3,,,,,,,,,,,,,,,,,,
image,MP-0134,,,,,,,,,,,,,,,,,,,,,,,,,,,,c244,,,,,"https://res.cloudinary.com/www-stanleystella-com/image/upload/c_lpad,w_1600,f_auto,q_auto/v1/TechnicalNames/SBM5_STSW218_C244.jpg?_i=AB",Stella Paloma in Burgundy,4,,,,,,,,,,,,,,,,,,
image,MP-0134,,,,,,,,,,,,,,,,,,,,,,,,,,,,c149,,,,,"https://res.cloudinary.com/www-stanleystella-com/image/upload/c_lpad,w_1600,f_auto,q_auto/v1/TechnicalNames/SBM5_STSW218_C149.jpg?_i=AB",Stella Paloma in Blue soul,5,,,,,,,,,,,,,,,,,,
image,MP-0134,,,,,,,,,,,,,,,,,,,,,,,,,,,,c223,,,,,"https://res.cloudinary.com/www-stanleystella-com/image/upload/c_lpad,w_1600,f_auto,q_auto/v1/TechnicalNames/SBM5_STSW218_C223.jpg?_i=AB",Stella Paloma in Khaki,6,,,,,,,,,,,,,,,,,,
image,MP-0134,,,,,,,,,,,,,,,,,,,,,,,,,,,,c730,,,,,"https://res.cloudinary.com/www-stanleystella-com/image/upload/c_lpad,w_1600,f_auto,q_auto/v1/TechnicalNames/SBM5_STSW218_C730.jpg?_i=AB",Stella Paloma in Heritage Brown,7,,,,,,,,,,,,,,,,,,
image,MP-0134,,,,,,,,,,,,,,,,,,,,,,,,,,,,c018,,,,,"https://res.cloudinary.com/www-stanleystella-com/image/upload/c_lpad,w_1600,f_auto,q_auto/v1/TechnicalNames/DFM0_STSW218_C018.jpg?_i=AB",Stella Paloma in Off White,8,,,,,,,,,,,,,,,,,,
image,MP-0134,,,,,,,,,,,,,,,,,,,,,,,,,,,,c146,,,,,"https://res.cloudinary.com/www-stanleystella-com/image/upload/c_lpad,w_1600,f_auto,q_auto/v1/TechnicalNames/SBM5_STSW218_C146.jpg?_i=AB",Stella Paloma in Cool Heather Grey,9,,,,,,,,,,,,,,,,,,
image,MP-0134,,,,,,,,,,,,,,,,,,,,,,,,,,,,c253,,,,,"https://res.cloudinary.com/www-stanleystella-com/image/upload/c_lpad,w_1600,f_auto,q_auto/v1/TechnicalNames/SBM5_STSW218_C253.jpg?_i=AB",Stella Paloma in Anthracite,10,,,,,,,,,,,,,,,,,,
decoration,MP-0134,,,,,,,,,,,,,,,,,,,,,,,,,,,,,,,,,,,,embroidery,front,160,160,6,Vector or DST,Default maximum for the category — confirm per product.,,,,,,,,,,,
decoration,MP-0134,,,,,,,,,,,,,,,,,,,,,,,,,,,,,,,,,,,,embroidery,back,200,200,6,Vector or DST,Default maximum for the category — confirm per product.,,,,,,,,,,,
decoration,MP-0134,,,,,,,,,,,,,,,,,,,,,,,,,,,,,,,,,,,,embroidery,left_chest,90,90,6,Vector or DST,Default maximum for the category — confirm per product.,,,,,,,,,,,
decoration,MP-0134,,,,,,,,,,,,,,,,,,,,,,,,,,,,,,,,,,,,embroidery,sleeve,70,70,6,Vector or DST,Default maximum for the category — confirm per product.,,,,,,,,,,,
decoration,MP-0134,,,,,,,,,,,,,,,,,,,,,,,,,,,,,,,,,,,,screen,front,300,400,4,Vector,Default maximum for the category — confirm per product.,,,,,,,,,,,
decoration,MP-0134,,,,,,,,,,,,,,,,,,,,,,,,,,,,,,,,,,,,screen,back,320,420,4,Vector,Default maximum for the category — confirm per product.,,,,,,,,,,,
decoration,MP-0134,,,,,,,,,,,,,,,,,,,,,,,,,,,,,,,,,,,,screen,left_chest,100,100,4,Vector,Default maximum for the category — confirm per product.,,,,,,,,,,,
decoration,MP-0134,,,,,,,,,,,,,,,,,,,,,,,,,,,,,,,,,,,,screen,sleeve,80,300,4,Vector,Default maximum for the category — confirm per product.,,,,,,,,,,,
decoration,MP-0134,,,,,,,,,,,,,,,,,,,,,,,,,,,,,,,,,,,,dtf,front,300,400,4,Vector,Default maximum for the category — confirm per product.,,,,,,,,,,,
decoration,MP-0134,,,,,,,,,,,,,,,,,,,,,,,,,,,,,,,,,,,,dtf,back,320,420,4,Vector,Default maximum for the category — confirm per product.,,,,,,,,,,,
decoration,MP-0134,,,,,,,,,,,,,,,,,,,,,,,,,,,,,,,,,,,,dtf,left_chest,100,100,4,Vector,Default maximum for the category — confirm per product.,,,,,,,,,,,
decoration,MP-0134,,,,,,,,,,,,,,,,,,,,,,,,,,,,,,,,,,,,dtf,sleeve,80,300,4,Vector,Default maximum for the category — confirm per product.,,,,,,,,,,,
decoration,MP-0134,,,,,,,,,,,,,,,,,,,,,,,,,,,,,,,,,,,,dtg,front,300,400,4,Vector,Default maximum for the category — confirm per product.,,,,,,,,,,,
decoration,MP-0134,,,,,,,,,,,,,,,,,,,,,,,,,,,,,,,,,,,,dtg,back,320,420,4,Vector,Default maximum for the category — confirm per product.,,,,,,,,,,,
decoration,MP-0134,,,,,,,,,,,,,,,,,,,,,,,,,,,,,,,,,,,,dtg,left_chest,100,100,4,Vector,Default maximum for the category — confirm per product.,,,,,,,,,,,
decoration,MP-0134,,,,,,,,,,,,,,,,,,,,,,,,,,,,,,,,,,,,dtg,sleeve,80,300,4,Vector,Default maximum for the category — confirm per product.,,,,,,,,,,,
product,MP-0135,stella-streeter,Stella Streeter,Sweatshirts,published,25,EUR,,,,,,,3,5,c002|c063|c727|c062|c650,XS|S|M|L|XL|XXL,embroidery|screen|dtf|dtg,front|back|left_chest|sleeve,yes,"Shell: Brushed, 85% Cotton - Organic Ring Spun Combed,15% Polyester - Recycled, Fabric washed, Light sueded","Shell: Brushed, 85% Cotton - Organic Ring Spun Combed,15% Polyester - Recycled, Fabric washed, Light sueded",300,,,,Stanley/Stella,STDW143,,,,,,,,,,,,,,,No supplier cost on file — quote on inquiry.,,,,,,,,,,,
variant,MP-0135,,,,published,,,,,,,,,,,,,,,,,,,,,,,,c002,MP0135-C002,0.00,,,,,,,,,,,,,,,,,,,,,,,
variant,MP-0135,,,,published,,,,,,,,,,,,,,,,,,,,,,,,c063,MP0135-C063,0.00,,,,,,,,,,,,,,,,,,,,,,,
variant,MP-0135,,,,published,,,,,,,,,,,,,,,,,,,,,,,,c727,MP0135-C727,0.00,,,,,,,,,,,,,,,,,,,,,,,
variant,MP-0135,,,,published,,,,,,,,,,,,,,,,,,,,,,,,c062,MP0135-C062,0.00,,,,,,,,,,,,,,,,,,,,,,,
variant,MP-0135,,,,published,,,,,,,,,,,,,,,,,,,,,,,,c650,MP0135-C650,0.00,,,,,,,,,,,,,,,,,,,,,,,
image,MP-0135,,,,,,,,,,,,,,,,,,,,,,,,,,,,,,,,,"https://res.cloudinary.com/www-stanleystella-com/image/upload/c_lpad,w_1600,f_auto,q_auto/v1/TechnicalNames/SFM5_STDW143_C063.jpg?_i=AB",Stella Streeter in Lavender,1,,,,,,,,,,,,,,,,,,
decoration,MP-0135,,,,,,,,,,,,,,,,,,,,,,,,,,,,,,,,,,,,embroidery,front,160,160,6,Vector or DST,Default maximum for the category — confirm per product.,,,,,,,,,,,
decoration,MP-0135,,,,,,,,,,,,,,,,,,,,,,,,,,,,,,,,,,,,embroidery,back,200,200,6,Vector or DST,Default maximum for the category — confirm per product.,,,,,,,,,,,
decoration,MP-0135,,,,,,,,,,,,,,,,,,,,,,,,,,,,,,,,,,,,embroidery,left_chest,90,90,6,Vector or DST,Default maximum for the category — confirm per product.,,,,,,,,,,,
decoration,MP-0135,,,,,,,,,,,,,,,,,,,,,,,,,,,,,,,,,,,,embroidery,sleeve,70,70,6,Vector or DST,Default maximum for the category — confirm per product.,,,,,,,,,,,
decoration,MP-0135,,,,,,,,,,,,,,,,,,,,,,,,,,,,,,,,,,,,screen,front,300,400,4,Vector,Default maximum for the category — confirm per product.,,,,,,,,,,,
decoration,MP-0135,,,,,,,,,,,,,,,,,,,,,,,,,,,,,,,,,,,,screen,back,320,420,4,Vector,Default maximum for the category — confirm per product.,,,,,,,,,,,
decoration,MP-0135,,,,,,,,,,,,,,,,,,,,,,,,,,,,,,,,,,,,screen,left_chest,100,100,4,Vector,Default maximum for the category — confirm per product.,,,,,,,,,,,
decoration,MP-0135,,,,,,,,,,,,,,,,,,,,,,,,,,,,,,,,,,,,screen,sleeve,80,300,4,Vector,Default maximum for the category — confirm per product.,,,,,,,,,,,
decoration,MP-0135,,,,,,,,,,,,,,,,,,,,,,,,,,,,,,,,,,,,dtf,front,300,400,4,Vector,Default maximum for the category — confirm per product.,,,,,,,,,,,
decoration,MP-0135,,,,,,,,,,,,,,,,,,,,,,,,,,,,,,,,,,,,dtf,back,320,420,4,Vector,Default maximum for the category — confirm per product.,,,,,,,,,,,
decoration,MP-0135,,,,,,,,,,,,,,,,,,,,,,,,,,,,,,,,,,,,dtf,left_chest,100,100,4,Vector,Default maximum for the category — confirm per product.,,,,,,,,,,,
decoration,MP-0135,,,,,,,,,,,,,,,,,,,,,,,,,,,,,,,,,,,,dtf,sleeve,80,300,4,Vector,Default maximum for the category — confirm per product.,,,,,,,,,,,
decoration,MP-0135,,,,,,,,,,,,,,,,,,,,,,,,,,,,,,,,,,,,dtg,front,300,400,4,Vector,Default maximum for the category — confirm per product.,,,,,,,,,,,
decoration,MP-0135,,,,,,,,,,,,,,,,,,,,,,,,,,,,,,,,,,,,dtg,back,320,420,4,Vector,Default maximum for the category — confirm per product.,,,,,,,,,,,
decoration,MP-0135,,,,,,,,,,,,,,,,,,,,,,,,,,,,,,,,,,,,dtg,left_chest,100,100,4,Vector,Default maximum for the category — confirm per product.,,,,,,,,,,,
decoration,MP-0135,,,,,,,,,,,,,,,,,,,,,,,,,,,,,,,,,,,,dtg,sleeve,80,300,4,Vector,Default maximum for the category — confirm per product.,,,,,,,,,,,
product,MP-0136,stella-thinker,Stella Thinker,Sweatshirts,published,25,EUR,43.21,40.05,37.02,34.60,33.46,18.20,3,5,c002|c001|c727|c250|c054|c005|c244|c004|c088|c702|c036|c253,XS|S|M|L|XL|XXL|3XL,embroidery|screen|dtf|dtg,front|back|left_chest|sleeve,yes,"Shell: Brushed, 50% Cotton - Recycled Ring Spun Carded,50% Cotton - Organic Ring Spun Carded, Fabric washed","Shell: Brushed, 50% Cotton - Recycled Ring Spun Carded,50% Cotton - Organic Ring Spun Carded, Fabric washed",350,,,,Stanley/Stella,STSW254,,,,,,,,,,,,,,,cost 18.20; worst-case decoration 5.86 at 100; market blank 21.24; ours 1.74x market,,,,,,,,,,,
variant,MP-0136,,,,published,,,,,,,,,,,,,,,,,,,,,,,,c002,MP0136-C002,0.00,,,,,,,,,,,,,,,,,,,,,,,
variant,MP-0136,,,,published,,,,,,,,,,,,,,,,,,,,,,,,c001,MP0136-C001,0.00,,,,,,,,,,,,,,,,,,,,,,,
variant,MP-0136,,,,published,,,,,,,,,,,,,,,,,,,,,,,,c727,MP0136-C727,0.00,,,,,,,,,,,,,,,,,,,,,,,
variant,MP-0136,,,,published,,,,,,,,,,,,,,,,,,,,,,,,c250,MP0136-C250,0.00,,,,,,,,,,,,,,,,,,,,,,,
variant,MP-0136,,,,published,,,,,,,,,,,,,,,,,,,,,,,,c054,MP0136-C054,0.00,,,,,,,,,,,,,,,,,,,,,,,
variant,MP-0136,,,,published,,,,,,,,,,,,,,,,,,,,,,,,c005,MP0136-C005,0.00,,,,,,,,,,,,,,,,,,,,,,,
variant,MP-0136,,,,published,,,,,,,,,,,,,,,,,,,,,,,,c244,MP0136-C244,0.00,,,,,,,,,,,,,,,,,,,,,,,
variant,MP-0136,,,,published,,,,,,,,,,,,,,,,,,,,,,,,c004,MP0136-C004,0.00,,,,,,,,,,,,,,,,,,,,,,,
variant,MP-0136,,,,published,,,,,,,,,,,,,,,,,,,,,,,,c088,MP0136-C088,0.00,,,,,,,,,,,,,,,,,,,,,,,
variant,MP-0136,,,,published,,,,,,,,,,,,,,,,,,,,,,,,c702,MP0136-C702,0.00,,,,,,,,,,,,,,,,,,,,,,,
variant,MP-0136,,,,published,,,,,,,,,,,,,,,,,,,,,,,,c036,MP0136-C036,0.00,,,,,,,,,,,,,,,,,,,,,,,
variant,MP-0136,,,,published,,,,,,,,,,,,,,,,,,,,,,,,c253,MP0136-C253,0.00,,,,,,,,,,,,,,,,,,,,,,,
image,MP-0136,,,,,,,,,,,,,,,,,,,,,,,,,,,,,,,,,"https://res.cloudinary.com/www-stanleystella-com/image/upload/c_lpad,w_1600,f_auto,q_auto/v1/TechnicalNames/SFC5_STSW254_C002.jpg?_i=AB",Stella Thinker in Black,1,,,,,,,,,,,,,,,,,,
image,MP-0136,,,,,,,,,,,,,,,,,,,,,,,,,,,,c001,,,,,"https://res.cloudinary.com/www-stanleystella-com/image/upload/c_lpad,w_1600,f_auto,q_auto/v1/TechnicalNames/SFC5_STSW254_C001.jpg?_i=AB",Stella Thinker in White,2,,,,,,,,,,,,,,,,,,
image,MP-0136,,,,,,,,,,,,,,,,,,,,,,,,,,,,c727,,,,,"https://res.cloudinary.com/www-stanleystella-com/image/upload/c_lpad,w_1600,f_auto,q_auto/v1/TechnicalNames/SFC5_STSW254_C727.jpg?_i=AB",Stella Thinker in French Navy,3,,,,,,,,,,,,,,,,,,
image,MP-0136,,,,,,,,,,,,,,,,,,,,,,,,,,,,c250,,,,,"https://res.cloudinary.com/www-stanleystella-com/image/upload/c_lpad,w_1600,f_auto,q_auto/v1/TechnicalNames/SFC5_STSW254_C250.jpg?_i=AB",Stella Thinker in Heather Grey,4,,,,,,,,,,,,,,,,,,
image,MP-0136,,,,,,,,,,,,,,,,,,,,,,,,,,,,c054,,,,,"https://res.cloudinary.com/www-stanleystella-com/image/upload/c_lpad,w_1600,f_auto,q_auto/v1/TechnicalNames/SFM5_STSW254_C054.jpg?_i=AB",Stella Thinker in Natural Raw,5,,,,,,,,,,,,,,,,,,
image,MP-0136,,,,,,,,,,,,,,,,,,,,,,,,,,,,c005,,,,,"https://res.cloudinary.com/www-stanleystella-com/image/upload/c_lpad,w_1600,f_auto,q_auto/v1/TechnicalNames/SBM5_STSW254_C005.jpg?_i=AB",Stella Thinker in Cotton Pink,6,,,,,,,,,,,,,,,,,,
image,MP-0136,,,,,,,,,,,,,,,,,,,,,,,,,,,,c244,,,,,"https://res.cloudinary.com/www-stanleystella-com/image/upload/c_lpad,w_1600,f_auto,q_auto/v1/TechnicalNames/SFC5_STSW254_C244.jpg?_i=AB",Stella Thinker in Burgundy,7,,,,,,,,,,,,,,,,,,
image,MP-0136,,,,,,,,,,,,,,,,,,,,,,,,,,,,c004,,,,,"https://res.cloudinary.com/www-stanleystella-com/image/upload/c_lpad,w_1600,f_auto,q_auto/v1/TechnicalNames/SFC5_STSW254_C004.jpg?_i=AB",Stella Thinker in Red,8,,,,,,,,,,,,,,,,,,
image,MP-0136,,,,,,,,,,,,,,,,,,,,,,,,,,,,c088,,,,,"https://res.cloudinary.com/www-stanleystella-com/image/upload/c_lpad,w_1600,f_auto,q_auto/v1/TechnicalNames/SFC5_STSW254_C088.jpg?_i=AB",Stella Thinker in Worker Blue,9,,,,,,,,,,,,,,,,,,
image,MP-0136,,,,,,,,,,,,,,,,,,,,,,,,,,,,c702,,,,,"https://res.cloudinary.com/www-stanleystella-com/image/upload/c_lpad,w_1600,f_auto,q_auto/v1/TechnicalNames/SFC5_STSW254_C702.jpg?_i=AB",Stella Thinker in Stargazer,10,,,,,,,,,,,,,,,,,,
image,MP-0136,,,,,,,,,,,,,,,,,,,,,,,,,,,,c036,,,,,"https://res.cloudinary.com/www-stanleystella-com/image/upload/c_lpad,w_1600,f_auto,q_auto/v1/TechnicalNames/SFC5_STSW254_C036.jpg?_i=AB",Stella Thinker in Glazed Green,11,,,,,,,,,,,,,,,,,,
image,MP-0136,,,,,,,,,,,,,,,,,,,,,,,,,,,,c253,,,,,"https://res.cloudinary.com/www-stanleystella-com/image/upload/c_lpad,w_1600,f_auto,q_auto/v1/TechnicalNames/SFC5_STSW254_C253.jpg?_i=AB",Stella Thinker in Anthracite,12,,,,,,,,,,,,,,,,,,
decoration,MP-0136,,,,,,,,,,,,,,,,,,,,,,,,,,,,,,,,,,,,embroidery,front,160,160,6,Vector or DST,Default maximum for the category — confirm per product.,,,,,,,,,,,
decoration,MP-0136,,,,,,,,,,,,,,,,,,,,,,,,,,,,,,,,,,,,embroidery,back,200,200,6,Vector or DST,Default maximum for the category — confirm per product.,,,,,,,,,,,
decoration,MP-0136,,,,,,,,,,,,,,,,,,,,,,,,,,,,,,,,,,,,embroidery,left_chest,90,90,6,Vector or DST,Default maximum for the category — confirm per product.,,,,,,,,,,,
decoration,MP-0136,,,,,,,,,,,,,,,,,,,,,,,,,,,,,,,,,,,,embroidery,sleeve,70,70,6,Vector or DST,Default maximum for the category — confirm per product.,,,,,,,,,,,
decoration,MP-0136,,,,,,,,,,,,,,,,,,,,,,,,,,,,,,,,,,,,screen,front,300,400,4,Vector,Default maximum for the category — confirm per product.,,,,,,,,,,,
decoration,MP-0136,,,,,,,,,,,,,,,,,,,,,,,,,,,,,,,,,,,,screen,back,320,420,4,Vector,Default maximum for the category — confirm per product.,,,,,,,,,,,
decoration,MP-0136,,,,,,,,,,,,,,,,,,,,,,,,,,,,,,,,,,,,screen,left_chest,100,100,4,Vector,Default maximum for the category — confirm per product.,,,,,,,,,,,
decoration,MP-0136,,,,,,,,,,,,,,,,,,,,,,,,,,,,,,,,,,,,screen,sleeve,80,300,4,Vector,Default maximum for the category — confirm per product.,,,,,,,,,,,
decoration,MP-0136,,,,,,,,,,,,,,,,,,,,,,,,,,,,,,,,,,,,dtf,front,300,400,4,Vector,Default maximum for the category — confirm per product.,,,,,,,,,,,
decoration,MP-0136,,,,,,,,,,,,,,,,,,,,,,,,,,,,,,,,,,,,dtf,back,320,420,4,Vector,Default maximum for the category — confirm per product.,,,,,,,,,,,
decoration,MP-0136,,,,,,,,,,,,,,,,,,,,,,,,,,,,,,,,,,,,dtf,left_chest,100,100,4,Vector,Default maximum for the category — confirm per product.,,,,,,,,,,,
decoration,MP-0136,,,,,,,,,,,,,,,,,,,,,,,,,,,,,,,,,,,,dtf,sleeve,80,300,4,Vector,Default maximum for the category — confirm per product.,,,,,,,,,,,
decoration,MP-0136,,,,,,,,,,,,,,,,,,,,,,,,,,,,,,,,,,,,dtg,front,300,400,4,Vector,Default maximum for the category — confirm per product.,,,,,,,,,,,
decoration,MP-0136,,,,,,,,,,,,,,,,,,,,,,,,,,,,,,,,,,,,dtg,back,320,420,4,Vector,Default maximum for the category — confirm per product.,,,,,,,,,,,
decoration,MP-0136,,,,,,,,,,,,,,,,,,,,,,,,,,,,,,,,,,,,dtg,left_chest,100,100,4,Vector,Default maximum for the category — confirm per product.,,,,,,,,,,,
decoration,MP-0136,,,,,,,,,,,,,,,,,,,,,,,,,,,,,,,,,,,,dtg,sleeve,80,300,4,Vector,Default maximum for the category — confirm per product.,,,,,,,,,,,
product,MP-0137,striker,Striker,Sweatshirts,published,25,EUR,69.52,66.36,63.33,60.91,59.76,35.30,3,5,c002|c727|c054|c730|c146|c731,XXS|XS|S|M|L|XL|XXL|3XL,embroidery|screen|dtf|dtg,front|back|left_chest|sleeve,yes,"Shell: Brushed, 100% Cotton - Organic Ring Spun Combed / Heather Haze : 80% Organic Cotton - 20% Recycled Cotton, Ring Spun Combed, Fabric washed","Shell: Brushed, 100% Cotton - Organic Ring Spun Combed / Heather Haze : 80% Organic Cotton - 20% Recycled Cotton, Ring Spun Combed, Fabric washed",400,,,,Stanley/Stella,STSU202,,,,,,,,,,,,,,,cost 35.30; worst-case decoration 5.86 at 100; market blank 40.52; ours 1.56x market,,,,,,,,,,,
variant,MP-0137,,,,published,,,,,,,,,,,,,,,,,,,,,,,,c002,MP0137-C002,0.00,,,,,,,,,,,,,,,,,,,,,,,
variant,MP-0137,,,,published,,,,,,,,,,,,,,,,,,,,,,,,c727,MP0137-C727,0.00,,,,,,,,,,,,,,,,,,,,,,,
variant,MP-0137,,,,published,,,,,,,,,,,,,,,,,,,,,,,,c054,MP0137-C054,0.00,,,,,,,,,,,,,,,,,,,,,,,
variant,MP-0137,,,,published,,,,,,,,,,,,,,,,,,,,,,,,c730,MP0137-C730,0.00,,,,,,,,,,,,,,,,,,,,,,,
variant,MP-0137,,,,published,,,,,,,,,,,,,,,,,,,,,,,,c146,MP0137-C146,0.00,,,,,,,,,,,,,,,,,,,,,,,
variant,MP-0137,,,,published,,,,,,,,,,,,,,,,,,,,,,,,c731,MP0137-C731,0.00,,,,,,,,,,,,,,,,,,,,,,,
image,MP-0137,,,,,,,,,,,,,,,,,,,,,,,,,,,,,,,,,"https://res.cloudinary.com/www-stanleystella-com/image/upload/c_lpad,w_1600,f_auto,q_auto/v1/TechnicalNames/SFM5_STSU202_C002.jpg?_i=AB",Striker in Black,1,,,,,,,,,,,,,,,,,,
image,MP-0137,,,,,,,,,,,,,,,,,,,,,,,,,,,,c727,,,,,"https://res.cloudinary.com/www-stanleystella-com/image/upload/c_lpad,w_1600,f_auto,q_auto/v1/TechnicalNames/SBM0_STSU202_C727.jpg?_i=AB",Striker in French Navy,2,,,,,,,,,,,,,,,,,,
image,MP-0137,,,,,,,,,,,,,,,,,,,,,,,,,,,,c054,,,,,"https://res.cloudinary.com/www-stanleystella-com/image/upload/c_lpad,w_1600,f_auto,q_auto/v1/TechnicalNames/SBM0_STSU202_C054.jpg?_i=AB",Striker in Natural Raw,3,,,,,,,,,,,,,,,,,,
image,MP-0137,,,,,,,,,,,,,,,,,,,,,,,,,,,,c730,,,,,"https://res.cloudinary.com/www-stanleystella-com/image/upload/c_lpad,w_1600,f_auto,q_auto/v1/TechnicalNames/SBM0_STSU202_C730.jpg?_i=AB",Striker in Heritage Brown,4,,,,,,,,,,,,,,,,,,
image,MP-0137,,,,,,,,,,,,,,,,,,,,,,,,,,,,c146,,,,,"https://res.cloudinary.com/www-stanleystella-com/image/upload/c_lpad,w_1600,f_auto,q_auto/v1/TechnicalNames/SBM0_STSU202_C146.jpg?_i=AB",Striker in Cool Heather Grey,5,,,,,,,,,,,,,,,,,,
image,MP-0137,,,,,,,,,,,,,,,,,,,,,,,,,,,,c731,,,,,"https://res.cloudinary.com/www-stanleystella-com/image/upload/c_lpad,w_1600,f_auto,q_auto/v1/TechnicalNames/DFM0_STSU202_C731.jpg?_i=AB",Striker in Heather Haze,6,,,,,,,,,,,,,,,,,,
decoration,MP-0137,,,,,,,,,,,,,,,,,,,,,,,,,,,,,,,,,,,,embroidery,front,160,160,6,Vector or DST,Default maximum for the category — confirm per product.,,,,,,,,,,,
decoration,MP-0137,,,,,,,,,,,,,,,,,,,,,,,,,,,,,,,,,,,,embroidery,back,200,200,6,Vector or DST,Default maximum for the category — confirm per product.,,,,,,,,,,,
decoration,MP-0137,,,,,,,,,,,,,,,,,,,,,,,,,,,,,,,,,,,,embroidery,left_chest,90,90,6,Vector or DST,Default maximum for the category — confirm per product.,,,,,,,,,,,
decoration,MP-0137,,,,,,,,,,,,,,,,,,,,,,,,,,,,,,,,,,,,embroidery,sleeve,70,70,6,Vector or DST,Default maximum for the category — confirm per product.,,,,,,,,,,,
decoration,MP-0137,,,,,,,,,,,,,,,,,,,,,,,,,,,,,,,,,,,,screen,front,300,400,4,Vector,Default maximum for the category — confirm per product.,,,,,,,,,,,
decoration,MP-0137,,,,,,,,,,,,,,,,,,,,,,,,,,,,,,,,,,,,screen,back,320,420,4,Vector,Default maximum for the category — confirm per product.,,,,,,,,,,,
decoration,MP-0137,,,,,,,,,,,,,,,,,,,,,,,,,,,,,,,,,,,,screen,left_chest,100,100,4,Vector,Default maximum for the category — confirm per product.,,,,,,,,,,,
decoration,MP-0137,,,,,,,,,,,,,,,,,,,,,,,,,,,,,,,,,,,,screen,sleeve,80,300,4,Vector,Default maximum for the category — confirm per product.,,,,,,,,,,,
decoration,MP-0137,,,,,,,,,,,,,,,,,,,,,,,,,,,,,,,,,,,,dtf,front,300,400,4,Vector,Default maximum for the category — confirm per product.,,,,,,,,,,,
decoration,MP-0137,,,,,,,,,,,,,,,,,,,,,,,,,,,,,,,,,,,,dtf,back,320,420,4,Vector,Default maximum for the category — confirm per product.,,,,,,,,,,,
decoration,MP-0137,,,,,,,,,,,,,,,,,,,,,,,,,,,,,,,,,,,,dtf,left_chest,100,100,4,Vector,Default maximum for the category — confirm per product.,,,,,,,,,,,
decoration,MP-0137,,,,,,,,,,,,,,,,,,,,,,,,,,,,,,,,,,,,dtf,sleeve,80,300,4,Vector,Default maximum for the category — confirm per product.,,,,,,,,,,,
decoration,MP-0137,,,,,,,,,,,,,,,,,,,,,,,,,,,,,,,,,,,,dtg,front,300,400,4,Vector,Default maximum for the category — confirm per product.,,,,,,,,,,,
decoration,MP-0137,,,,,,,,,,,,,,,,,,,,,,,,,,,,,,,,,,,,dtg,back,320,420,4,Vector,Default maximum for the category — confirm per product.,,,,,,,,,,,
decoration,MP-0137,,,,,,,,,,,,,,,,,,,,,,,,,,,,,,,,,,,,dtg,left_chest,100,100,4,Vector,Default maximum for the category — confirm per product.,,,,,,,,,,,
decoration,MP-0137,,,,,,,,,,,,,,,,,,,,,,,,,,,,,,,,,,,,dtg,sleeve,80,300,4,Vector,Default maximum for the category — confirm per product.,,,,,,,,,,,
product,MP-0138,trailer-2-0,Trailer 2.0,Sweatshirts,published,25,EUR,56.44,53.28,50.25,47.83,46.69,26.80,3,5,c002|c001|c727|c250|c244|c224|c028|c253,XXS|XS|S|M|L|XL|XXL|3XL|4XL|5XL,embroidery|screen|dtf|dtg,front|back|left_chest|sleeve,yes,"Shell: Brushed, 85% Cotton - Organic Ring Spun Combed,15% Polyester - Recycled, Fabric washed","Shell: Brushed, 85% Cotton - Organic Ring Spun Combed,15% Polyester - Recycled, Fabric washed",280,,,,Stanley/Stella,STSU253,,,,,,,,,,,,,,,cost 26.80; worst-case decoration 5.86 at 100; market blank 26.36; ours 1.91x market,,,,,,,,,,,
variant,MP-0138,,,,published,,,,,,,,,,,,,,,,,,,,,,,,c002,MP0138-C002,0.00,,,,,,,,,,,,,,,,,,,,,,,
variant,MP-0138,,,,published,,,,,,,,,,,,,,,,,,,,,,,,c001,MP0138-C001,0.00,,,,,,,,,,,,,,,,,,,,,,,
variant,MP-0138,,,,published,,,,,,,,,,,,,,,,,,,,,,,,c727,MP0138-C727,0.00,,,,,,,,,,,,,,,,,,,,,,,
variant,MP-0138,,,,published,,,,,,,,,,,,,,,,,,,,,,,,c250,MP0138-C250,0.00,,,,,,,,,,,,,,,,,,,,,,,
variant,MP-0138,,,,published,,,,,,,,,,,,,,,,,,,,,,,,c244,MP0138-C244,0.00,,,,,,,,,,,,,,,,,,,,,,,
variant,MP-0138,,,,published,,,,,,,,,,,,,,,,,,,,,,,,c224,MP0138-C224,0.00,,,,,,,,,,,,,,,,,,,,,,,
variant,MP-0138,,,,published,,,,,,,,,,,,,,,,,,,,,,,,c028,MP0138-C028,0.00,,,,,,,,,,,,,,,,,,,,,,,
variant,MP-0138,,,,published,,,,,,,,,,,,,,,,,,,,,,,,c253,MP0138-C253,0.00,,,,,,,,,,,,,,,,,,,,,,,
image,MP-0138,,,,,,,,,,,,,,,,,,,,,,,,,,,,,,,,,"https://res.cloudinary.com/www-stanleystella-com/image/upload/c_lpad,w_1600,f_auto,q_auto/v1/TechnicalNames/SBC0_STSU253_C002.jpg?_i=AB",Trailer 2.0 in Black,1,,,,,,,,,,,,,,,,,,
image,MP-0138,,,,,,,,,,,,,,,,,,,,,,,,,,,,c001,,,,,"https://res.cloudinary.com/www-stanleystella-com/image/upload/c_lpad,w_1600,f_auto,q_auto/v1/TechnicalNames/SBC0_STSU253_C001.jpg?_i=AB",Trailer 2.0 in White,2,,,,,,,,,,,,,,,,,,
image,MP-0138,,,,,,,,,,,,,,,,,,,,,,,,,,,,c727,,,,,"https://res.cloudinary.com/www-stanleystella-com/image/upload/c_lpad,w_1600,f_auto,q_auto/v1/TechnicalNames/SBC0_STSU253_C727.jpg?_i=AB",Trailer 2.0 in French Navy,3,,,,,,,,,,,,,,,,,,
image,MP-0138,,,,,,,,,,,,,,,,,,,,,,,,,,,,c250,,,,,"https://res.cloudinary.com/www-stanleystella-com/image/upload/c_lpad,w_1600,f_auto,q_auto/v1/TechnicalNames/SBC0_STSU253_C250.jpg?_i=AB",Trailer 2.0 in Heather Grey,4,,,,,,,,,,,,,,,,,,
image,MP-0138,,,,,,,,,,,,,,,,,,,,,,,,,,,,c244,,,,,"https://res.cloudinary.com/www-stanleystella-com/image/upload/c_lpad,w_1600,f_auto,q_auto/v1/TechnicalNames/SFC2_STSU253_C244.jpg?_i=AB",Trailer 2.0 in Burgundy,5,,,,,,,,,,,,,,,,,,
image,MP-0138,,,,,,,,,,,,,,,,,,,,,,,,,,,,c224,,,,,"https://res.cloudinary.com/www-stanleystella-com/image/upload/c_lpad,w_1600,f_auto,q_auto/v1/TechnicalNames/SBC0_STSU253_C224.jpg?_i=AB",Trailer 2.0 in Bottle Green,6,,,,,,,,,,,,,,,,,,
image,MP-0138,,,,,,,,,,,,,,,,,,,,,,,,,,,,c028,,,,,"https://res.cloudinary.com/www-stanleystella-com/image/upload/c_lpad,w_1600,f_auto,q_auto/v1/TechnicalNames/DFM0_STSU253_C028.jpg?_i=AB",Trailer 2.0 in Desert Dust,7,,,,,,,,,,,,,,,,,,
image,MP-0138,,,,,,,,,,,,,,,,,,,,,,,,,,,,c253,,,,,"https://res.cloudinary.com/www-stanleystella-com/image/upload/c_lpad,w_1600,f_auto,q_auto/v1/TechnicalNames/SBC0_STSU253_C253.jpg?_i=AB",Trailer 2.0 in Anthracite,8,,,,,,,,,,,,,,,,,,
decoration,MP-0138,,,,,,,,,,,,,,,,,,,,,,,,,,,,,,,,,,,,embroidery,front,160,160,6,Vector or DST,Default maximum for the category — confirm per product.,,,,,,,,,,,
decoration,MP-0138,,,,,,,,,,,,,,,,,,,,,,,,,,,,,,,,,,,,embroidery,back,200,200,6,Vector or DST,Default maximum for the category — confirm per product.,,,,,,,,,,,
decoration,MP-0138,,,,,,,,,,,,,,,,,,,,,,,,,,,,,,,,,,,,embroidery,left_chest,90,90,6,Vector or DST,Default maximum for the category — confirm per product.,,,,,,,,,,,
decoration,MP-0138,,,,,,,,,,,,,,,,,,,,,,,,,,,,,,,,,,,,embroidery,sleeve,70,70,6,Vector or DST,Default maximum for the category — confirm per product.,,,,,,,,,,,
decoration,MP-0138,,,,,,,,,,,,,,,,,,,,,,,,,,,,,,,,,,,,screen,front,300,400,4,Vector,Default maximum for the category — confirm per product.,,,,,,,,,,,
decoration,MP-0138,,,,,,,,,,,,,,,,,,,,,,,,,,,,,,,,,,,,screen,back,320,420,4,Vector,Default maximum for the category — confirm per product.,,,,,,,,,,,
decoration,MP-0138,,,,,,,,,,,,,,,,,,,,,,,,,,,,,,,,,,,,screen,left_chest,100,100,4,Vector,Default maximum for the category — confirm per product.,,,,,,,,,,,
decoration,MP-0138,,,,,,,,,,,,,,,,,,,,,,,,,,,,,,,,,,,,screen,sleeve,80,300,4,Vector,Default maximum for the category — confirm per product.,,,,,,,,,,,
decoration,MP-0138,,,,,,,,,,,,,,,,,,,,,,,,,,,,,,,,,,,,dtf,front,300,400,4,Vector,Default maximum for the category — confirm per product.,,,,,,,,,,,
decoration,MP-0138,,,,,,,,,,,,,,,,,,,,,,,,,,,,,,,,,,,,dtf,back,320,420,4,Vector,Default maximum for the category — confirm per product.,,,,,,,,,,,
decoration,MP-0138,,,,,,,,,,,,,,,,,,,,,,,,,,,,,,,,,,,,dtf,left_chest,100,100,4,Vector,Default maximum for the category — confirm per product.,,,,,,,,,,,
decoration,MP-0138,,,,,,,,,,,,,,,,,,,,,,,,,,,,,,,,,,,,dtf,sleeve,80,300,4,Vector,Default maximum for the category — confirm per product.,,,,,,,,,,,
decoration,MP-0138,,,,,,,,,,,,,,,,,,,,,,,,,,,,,,,,,,,,dtg,front,300,400,4,Vector,Default maximum for the category — confirm per product.,,,,,,,,,,,
decoration,MP-0138,,,,,,,,,,,,,,,,,,,,,,,,,,,,,,,,,,,,dtg,back,320,420,4,Vector,Default maximum for the category — confirm per product.,,,,,,,,,,,
decoration,MP-0138,,,,,,,,,,,,,,,,,,,,,,,,,,,,,,,,,,,,dtg,left_chest,100,100,4,Vector,Default maximum for the category — confirm per product.,,,,,,,,,,,
decoration,MP-0138,,,,,,,,,,,,,,,,,,,,,,,,,,,,,,,,,,,,dtg,sleeve,80,300,4,Vector,Default maximum for the category — confirm per product.,,,,,,,,,,,
product,MP-0139,trucker-2-0,Trucker 2.0,Sweatshirts,published,25,EUR,55.90,52.74,49.71,47.29,46.15,26.45,3,5,c002|c001|c727|c250|c244|c224|c028|c253,XXS|XS|S|M|L|XL|XXL|3XL|4XL|5XL,embroidery|screen|dtf|dtg,front|back|left_chest|sleeve,yes,"Shell: Brushed, 85% Cotton - Organic Ring Spun Combed,15% Polyester - Recycled, Fabric washed","Shell: Brushed, 85% Cotton - Organic Ring Spun Combed,15% Polyester - Recycled, Fabric washed",280,,,,Stanley/Stella,STSU204,,,,,,,,,,,,,,,cost 26.45; worst-case decoration 5.86 at 100; market blank 25.80; ours 1.93x market,,,,,,,,,,,
variant,MP-0139,,,,published,,,,,,,,,,,,,,,,,,,,,,,,c002,MP0139-C002,0.00,,,,,,,,,,,,,,,,,,,,,,,
variant,MP-0139,,,,published,,,,,,,,,,,,,,,,,,,,,,,,c001,MP0139-C001,0.00,,,,,,,,,,,,,,,,,,,,,,,
variant,MP-0139,,,,published,,,,,,,,,,,,,,,,,,,,,,,,c727,MP0139-C727,0.00,,,,,,,,,,,,,,,,,,,,,,,
variant,MP-0139,,,,published,,,,,,,,,,,,,,,,,,,,,,,,c250,MP0139-C250,0.00,,,,,,,,,,,,,,,,,,,,,,,
variant,MP-0139,,,,published,,,,,,,,,,,,,,,,,,,,,,,,c244,MP0139-C244,0.00,,,,,,,,,,,,,,,,,,,,,,,
variant,MP-0139,,,,published,,,,,,,,,,,,,,,,,,,,,,,,c224,MP0139-C224,0.00,,,,,,,,,,,,,,,,,,,,,,,
variant,MP-0139,,,,published,,,,,,,,,,,,,,,,,,,,,,,,c028,MP0139-C028,0.00,,,,,,,,,,,,,,,,,,,,,,,
variant,MP-0139,,,,published,,,,,,,,,,,,,,,,,,,,,,,,c253,MP0139-C253,0.00,,,,,,,,,,,,,,,,,,,,,,,
image,MP-0139,,,,,,,,,,,,,,,,,,,,,,,,,,,,,,,,,"https://res.cloudinary.com/www-stanleystella-com/image/upload/c_lpad,w_1600,f_auto,q_auto/v1/TechnicalNames/SFC5_STSU204_C002.jpg?_i=AB",Trucker 2.0 in Black,1,,,,,,,,,,,,,,,,,,
image,MP-0139,,,,,,,,,,,,,,,,,,,,,,,,,,,,c001,,,,,"https://res.cloudinary.com/www-stanleystella-com/image/upload/c_lpad,w_1600,f_auto,q_auto/v1/TechnicalNames/SFC6_STSU204_C001.jpg?_i=AB",Trucker 2.0 in White,2,,,,,,,,,,,,,,,,,,
image,MP-0139,,,,,,,,,,,,,,,,,,,,,,,,,,,,c727,,,,,"https://res.cloudinary.com/www-stanleystella-com/image/upload/c_lpad,w_1600,f_auto,q_auto/v1/TechnicalNames/SFC5_STSU204_C727.jpg?_i=AB",Trucker 2.0 in French Navy,3,,,,,,,,,,,,,,,,,,
image,MP-0139,,,,,,,,,,,,,,,,,,,,,,,,,,,,c250,,,,,"https://res.cloudinary.com/www-stanleystella-com/image/upload/c_lpad,w_1600,f_auto,q_auto/v1/TechnicalNames/SFC1_STSU204_C250.jpg?_i=AB",Trucker 2.0 in Heather Grey,4,,,,,,,,,,,,,,,,,,
image,MP-0139,,,,,,,,,,,,,,,,,,,,,,,,,,,,c244,,,,,"https://res.cloudinary.com/www-stanleystella-com/image/upload/c_lpad,w_1600,f_auto,q_auto/v1/TechnicalNames/SFC5_STSU204_C244.jpg?_i=AB",Trucker 2.0 in Burgundy,5,,,,,,,,,,,,,,,,,,
image,MP-0139,,,,,,,,,,,,,,,,,,,,,,,,,,,,c224,,,,,"https://res.cloudinary.com/www-stanleystella-com/image/upload/c_lpad,w_1600,f_auto,q_auto/v1/TechnicalNames/SBM0_STSU204_C224.jpg?_i=AB",Trucker 2.0 in Bottle Green,6,,,,,,,,,,,,,,,,,,
image,MP-0139,,,,,,,,,,,,,,,,,,,,,,,,,,,,c028,,,,,"https://res.cloudinary.com/www-stanleystella-com/image/upload/c_lpad,w_1600,f_auto,q_auto/v1/TechnicalNames/DFM0_STSU204_C028.jpg?_i=AB",Trucker 2.0 in Desert Dust,7,,,,,,,,,,,,,,,,,,
image,MP-0139,,,,,,,,,,,,,,,,,,,,,,,,,,,,c253,,,,,"https://res.cloudinary.com/www-stanleystella-com/image/upload/c_lpad,w_1600,f_auto,q_auto/v1/TechnicalNames/SFC5_STSU204_C253.jpg?_i=AB",Trucker 2.0 in Anthracite,8,,,,,,,,,,,,,,,,,,
decoration,MP-0139,,,,,,,,,,,,,,,,,,,,,,,,,,,,,,,,,,,,embroidery,front,160,160,6,Vector or DST,Default maximum for the category — confirm per product.,,,,,,,,,,,
decoration,MP-0139,,,,,,,,,,,,,,,,,,,,,,,,,,,,,,,,,,,,embroidery,back,200,200,6,Vector or DST,Default maximum for the category — confirm per product.,,,,,,,,,,,
decoration,MP-0139,,,,,,,,,,,,,,,,,,,,,,,,,,,,,,,,,,,,embroidery,left_chest,90,90,6,Vector or DST,Default maximum for the category — confirm per product.,,,,,,,,,,,
decoration,MP-0139,,,,,,,,,,,,,,,,,,,,,,,,,,,,,,,,,,,,embroidery,sleeve,70,70,6,Vector or DST,Default maximum for the category — confirm per product.,,,,,,,,,,,
decoration,MP-0139,,,,,,,,,,,,,,,,,,,,,,,,,,,,,,,,,,,,screen,front,300,400,4,Vector,Default maximum for the category — confirm per product.,,,,,,,,,,,
decoration,MP-0139,,,,,,,,,,,,,,,,,,,,,,,,,,,,,,,,,,,,screen,back,320,420,4,Vector,Default maximum for the category — confirm per product.,,,,,,,,,,,
decoration,MP-0139,,,,,,,,,,,,,,,,,,,,,,,,,,,,,,,,,,,,screen,left_chest,100,100,4,Vector,Default maximum for the category — confirm per product.,,,,,,,,,,,
decoration,MP-0139,,,,,,,,,,,,,,,,,,,,,,,,,,,,,,,,,,,,screen,sleeve,80,300,4,Vector,Default maximum for the category — confirm per product.,,,,,,,,,,,
decoration,MP-0139,,,,,,,,,,,,,,,,,,,,,,,,,,,,,,,,,,,,dtf,front,300,400,4,Vector,Default maximum for the category — confirm per product.,,,,,,,,,,,
decoration,MP-0139,,,,,,,,,,,,,,,,,,,,,,,,,,,,,,,,,,,,dtf,back,320,420,4,Vector,Default maximum for the category — confirm per product.,,,,,,,,,,,
decoration,MP-0139,,,,,,,,,,,,,,,,,,,,,,,,,,,,,,,,,,,,dtf,left_chest,100,100,4,Vector,Default maximum for the category — confirm per product.,,,,,,,,,,,
decoration,MP-0139,,,,,,,,,,,,,,,,,,,,,,,,,,,,,,,,,,,,dtf,sleeve,80,300,4,Vector,Default maximum for the category — confirm per product.,,,,,,,,,,,
decoration,MP-0139,,,,,,,,,,,,,,,,,,,,,,,,,,,,,,,,,,,,dtg,front,300,400,4,Vector,Default maximum for the category — confirm per product.,,,,,,,,,,,
decoration,MP-0139,,,,,,,,,,,,,,,,,,,,,,,,,,,,,,,,,,,,dtg,back,320,420,4,Vector,Default maximum for the category — confirm per product.,,,,,,,,,,,
decoration,MP-0139,,,,,,,,,,,,,,,,,,,,,,,,,,,,,,,,,,,,dtg,left_chest,100,100,4,Vector,Default maximum for the category — confirm per product.,,,,,,,,,,,
decoration,MP-0139,,,,,,,,,,,,,,,,,,,,,,,,,,,,,,,,,,,,dtg,sleeve,80,300,4,Vector,Default maximum for the category — confirm per product.,,,,,,,,,,,
product,MP-0140,voicer,Voicer,Sweatshirts,published,25,EUR,54.06,50.89,47.87,45.45,44.30,25.25,3,5,c002|c727|c054|c153|c138,XXS|XS|S|M|L|XL|XXL|3XL,embroidery|screen|dtf|dtg,front|back|left_chest|sleeve,yes,"Shell: Brushed, 50% Cotton - Organic Ring Spun Carded,50% Cotton - Recycled Ring Spun Carded, Fabric washed","Shell: Brushed, 50% Cotton - Organic Ring Spun Carded,50% Cotton - Recycled Ring Spun Carded, Fabric washed",400,,,,Stanley/Stella,STSU256,,,,,,,,,,,,,,,cost 25.25; worst-case decoration 5.86 at 100; market blank 31.29; ours 1.53x market,,,,,,,,,,,
variant,MP-0140,,,,published,,,,,,,,,,,,,,,,,,,,,,,,c002,MP0140-C002,0.00,,,,,,,,,,,,,,,,,,,,,,,
variant,MP-0140,,,,published,,,,,,,,,,,,,,,,,,,,,,,,c727,MP0140-C727,0.00,,,,,,,,,,,,,,,,,,,,,,,
variant,MP-0140,,,,published,,,,,,,,,,,,,,,,,,,,,,,,c054,MP0140-C054,0.00,,,,,,,,,,,,,,,,,,,,,,,
variant,MP-0140,,,,published,,,,,,,,,,,,,,,,,,,,,,,,c153,MP0140-C153,0.00,,,,,,,,,,,,,,,,,,,,,,,
variant,MP-0140,,,,published,,,,,,,,,,,,,,,,,,,,,,,,c138,MP0140-C138,0.00,,,,,,,,,,,,,,,,,,,,,,,
image,MP-0140,,,,,,,,,,,,,,,,,,,,,,,,,,,,,,,,,"https://res.cloudinary.com/www-stanleystella-com/image/upload/c_lpad,w_1600,f_auto,q_auto/v1/TechnicalNames/SBM0_STSU256_C002.jpg?_i=AB",Voicer in Black,1,,,,,,,,,,,,,,,,,,
image,MP-0140,,,,,,,,,,,,,,,,,,,,,,,,,,,,c727,,,,,"https://res.cloudinary.com/www-stanleystella-com/image/upload/c_lpad,w_1600,f_auto,q_auto/v1/TechnicalNames/SBM0_STSU256_C727.jpg?_i=AB",Voicer in French Navy,2,,,,,,,,,,,,,,,,,,
image,MP-0140,,,,,,,,,,,,,,,,,,,,,,,,,,,,c054,,,,,"https://res.cloudinary.com/www-stanleystella-com/image/upload/c_lpad,w_1600,f_auto,q_auto/v1/TechnicalNames/SBM0_STSU256_C054.jpg?_i=AB",Voicer in Natural Raw,3,,,,,,,,,,,,,,,,,,
image,MP-0140,,,,,,,,,,,,,,,,,,,,,,,,,,,,c153,,,,,"https://res.cloudinary.com/www-stanleystella-com/image/upload/c_lpad,w_1600,f_auto,q_auto/v1/TechnicalNames/SBM0_STSU256_C153.jpg?_i=AB",Voicer in Faded Olive,4,,,,,,,,,,,,,,,,,,
image,MP-0140,,,,,,,,,,,,,,,,,,,,,,,,,,,,c138,,,,,"https://res.cloudinary.com/www-stanleystella-com/image/upload/c_lpad,w_1600,f_auto,q_auto/v1/TechnicalNames/DFM0_STSU256_C138.jpg?_i=AB",Voicer in Misty Grey,5,,,,,,,,,,,,,,,,,,
decoration,MP-0140,,,,,,,,,,,,,,,,,,,,,,,,,,,,,,,,,,,,embroidery,front,160,160,6,Vector or DST,Default maximum for the category — confirm per product.,,,,,,,,,,,
decoration,MP-0140,,,,,,,,,,,,,,,,,,,,,,,,,,,,,,,,,,,,embroidery,back,200,200,6,Vector or DST,Default maximum for the category — confirm per product.,,,,,,,,,,,
decoration,MP-0140,,,,,,,,,,,,,,,,,,,,,,,,,,,,,,,,,,,,embroidery,left_chest,90,90,6,Vector or DST,Default maximum for the category — confirm per product.,,,,,,,,,,,
decoration,MP-0140,,,,,,,,,,,,,,,,,,,,,,,,,,,,,,,,,,,,embroidery,sleeve,70,70,6,Vector or DST,Default maximum for the category — confirm per product.,,,,,,,,,,,
decoration,MP-0140,,,,,,,,,,,,,,,,,,,,,,,,,,,,,,,,,,,,screen,front,300,400,4,Vector,Default maximum for the category — confirm per product.,,,,,,,,,,,
decoration,MP-0140,,,,,,,,,,,,,,,,,,,,,,,,,,,,,,,,,,,,screen,back,320,420,4,Vector,Default maximum for the category — confirm per product.,,,,,,,,,,,
decoration,MP-0140,,,,,,,,,,,,,,,,,,,,,,,,,,,,,,,,,,,,screen,left_chest,100,100,4,Vector,Default maximum for the category — confirm per product.,,,,,,,,,,,
decoration,MP-0140,,,,,,,,,,,,,,,,,,,,,,,,,,,,,,,,,,,,screen,sleeve,80,300,4,Vector,Default maximum for the category — confirm per product.,,,,,,,,,,,
decoration,MP-0140,,,,,,,,,,,,,,,,,,,,,,,,,,,,,,,,,,,,dtf,front,300,400,4,Vector,Default maximum for the category — confirm per product.,,,,,,,,,,,
decoration,MP-0140,,,,,,,,,,,,,,,,,,,,,,,,,,,,,,,,,,,,dtf,back,320,420,4,Vector,Default maximum for the category — confirm per product.,,,,,,,,,,,
decoration,MP-0140,,,,,,,,,,,,,,,,,,,,,,,,,,,,,,,,,,,,dtf,left_chest,100,100,4,Vector,Default maximum for the category — confirm per product.,,,,,,,,,,,
decoration,MP-0140,,,,,,,,,,,,,,,,,,,,,,,,,,,,,,,,,,,,dtf,sleeve,80,300,4,Vector,Default maximum for the category — confirm per product.,,,,,,,,,,,
decoration,MP-0140,,,,,,,,,,,,,,,,,,,,,,,,,,,,,,,,,,,,dtg,front,300,400,4,Vector,Default maximum for the category — confirm per product.,,,,,,,,,,,
decoration,MP-0140,,,,,,,,,,,,,,,,,,,,,,,,,,,,,,,,,,,,dtg,back,320,420,4,Vector,Default maximum for the category — confirm per product.,,,,,,,,,,,
decoration,MP-0140,,,,,,,,,,,,,,,,,,,,,,,,,,,,,,,,,,,,dtg,left_chest,100,100,4,Vector,Default maximum for the category — confirm per product.,,,,,,,,,,,
decoration,MP-0140,,,,,,,,,,,,,,,,,,,,,,,,,,,,,,,,,,,,dtg,sleeve,80,300,4,Vector,Default maximum for the category — confirm per product.,,,,,,,,,,,
product,MP-0141,asher,Asher,T-shirts,published,25,EUR,35.90,32.74,29.71,27.29,26.15,13.45,3,5,c002|c001|c727|c136|c144|c135|c361|c146|c138,XXS|XS|S|M|L|XL|XXL|3XL,embroidery|screen|dtf|dtg,front|back|left_chest|sleeve,yes,"Shell: Single Jersey, 100% Cotton - Organic Ring Spun Combed, Fabric washed","Shell: Single Jersey, 100% Cotton - Organic Ring Spun Combed, Fabric washed",280,,,,Stanley/Stella,STTU078,,,,,,,,,,,,,,,cost 13.45; worst-case decoration 5.86 at 100; market blank 15.25; ours 1.95x market,,,,,,,,,,,
variant,MP-0141,,,,published,,,,,,,,,,,,,,,,,,,,,,,,c002,MP0141-C002,0.00,,,,,,,,,,,,,,,,,,,,,,,
variant,MP-0141,,,,published,,,,,,,,,,,,,,,,,,,,,,,,c001,MP0141-C001,0.00,,,,,,,,,,,,,,,,,,,,,,,
variant,MP-0141,,,,published,,,,,,,,,,,,,,,,,,,,,,,,c727,MP0141-C727,0.00,,,,,,,,,,,,,,,,,,,,,,,
variant,MP-0141,,,,published,,,,,,,,,,,,,,,,,,,,,,,,c136,MP0141-C136,0.00,,,,,,,,,,,,,,,,,,,,,,,
variant,MP-0141,,,,published,,,,,,,,,,,,,,,,,,,,,,,,c144,MP0141-C144,0.00,,,,,,,,,,,,,,,,,,,,,,,
variant,MP-0141,,,,published,,,,,,,,,,,,,,,,,,,,,,,,c135,MP0141-C135,0.00,,,,,,,,,,,,,,,,,,,,,,,
variant,MP-0141,,,,published,,,,,,,,,,,,,,,,,,,,,,,,c361,MP0141-C361,0.00,,,,,,,,,,,,,,,,,,,,,,,
variant,MP-0141,,,,published,,,,,,,,,,,,,,,,,,,,,,,,c146,MP0141-C146,0.00,,,,,,,,,,,,,,,,,,,,,,,
variant,MP-0141,,,,published,,,,,,,,,,,,,,,,,,,,,,,,c138,MP0141-C138,0.00,,,,,,,,,,,,,,,,,,,,,,,
image,MP-0141,,,,,,,,,,,,,,,,,,,,,,,,,,,,,,,,,"https://res.cloudinary.com/www-stanleystella-com/image/upload/c_lpad,w_1600,f_auto,q_auto/v1/TechnicalNames/PBM0_STTU078_C002.jpg?_i=AB",Asher in Black,1,,,,,,,,,,,,,,,,,,
image,MP-0141,,,,,,,,,,,,,,,,,,,,,,,,,,,,c001,,,,,"https://res.cloudinary.com/www-stanleystella-com/image/upload/c_lpad,w_1600,f_auto,q_auto/v1/TechnicalNames/PBM0_STTU078_C001.jpg?_i=AB",Asher in White,2,,,,,,,,,,,,,,,,,,
image,MP-0141,,,,,,,,,,,,,,,,,,,,,,,,,,,,c727,,,,,"https://res.cloudinary.com/www-stanleystella-com/image/upload/c_lpad,w_1600,f_auto,q_auto/v1/TechnicalNames/PBM0_STTU078_C727.jpg?_i=AB",Asher in French Navy,3,,,,,,,,,,,,,,,,,,
image,MP-0141,,,,,,,,,,,,,,,,,,,,,,,,,,,,c136,,,,,"https://res.cloudinary.com/www-stanleystella-com/image/upload/c_lpad,w_1600,f_auto,q_auto/v1/TechnicalNames/PBM0_STTU078_C136.jpg?_i=AB",Asher in Deep Teal,4,,,,,,,,,,,,,,,,,,
image,MP-0141,,,,,,,,,,,,,,,,,,,,,,,,,,,,c144,,,,,"https://res.cloudinary.com/www-stanleystella-com/image/upload/c_lpad,w_1600,f_auto,q_auto/v1/TechnicalNames/PBM0_STTU078_C144.jpg?_i=AB",Asher in Green Bay,5,,,,,,,,,,,,,,,,,,
image,MP-0141,,,,,,,,,,,,,,,,,,,,,,,,,,,,c135,,,,,"https://res.cloudinary.com/www-stanleystella-com/image/upload/c_lpad,w_1600,f_auto,q_auto/v1/TechnicalNames/DFM0_STTU078_C135.jpg?_i=AB",Asher in Mocha,6,,,,,,,,,,,,,,,,,,
image,MP-0141,,,,,,,,,,,,,,,,,,,,,,,,,,,,c361,,,,,"https://res.cloudinary.com/www-stanleystella-com/image/upload/c_lpad,w_1600,f_auto,q_auto/v1/TechnicalNames/PBM0_STTU078_C361.jpg?_i=AB",Asher in Cream,7,,,,,,,,,,,,,,,,,,
image,MP-0141,,,,,,,,,,,,,,,,,,,,,,,,,,,,c146,,,,,"https://res.cloudinary.com/www-stanleystella-com/image/upload/c_lpad,w_1600,f_auto,q_auto/v1/TechnicalNames/PBM0_STTU078_C146.jpg?_i=AB",Asher in Cool Heather Grey,8,,,,,,,,,,,,,,,,,,
image,MP-0141,,,,,,,,,,,,,,,,,,,,,,,,,,,,c138,,,,,"https://res.cloudinary.com/www-stanleystella-com/image/upload/c_lpad,w_1600,f_auto,q_auto/v1/TechnicalNames/SFM0_STTU078_C138.jpg?_i=AB",Asher in Misty Grey,9,,,,,,,,,,,,,,,,,,
decoration,MP-0141,,,,,,,,,,,,,,,,,,,,,,,,,,,,,,,,,,,,embroidery,front,160,160,6,Vector or DST,Default maximum for the category — confirm per product.,,,,,,,,,,,
decoration,MP-0141,,,,,,,,,,,,,,,,,,,,,,,,,,,,,,,,,,,,embroidery,back,200,200,6,Vector or DST,Default maximum for the category — confirm per product.,,,,,,,,,,,
decoration,MP-0141,,,,,,,,,,,,,,,,,,,,,,,,,,,,,,,,,,,,embroidery,left_chest,90,90,6,Vector or DST,Default maximum for the category — confirm per product.,,,,,,,,,,,
decoration,MP-0141,,,,,,,,,,,,,,,,,,,,,,,,,,,,,,,,,,,,embroidery,sleeve,70,70,6,Vector or DST,Default maximum for the category — confirm per product.,,,,,,,,,,,
decoration,MP-0141,,,,,,,,,,,,,,,,,,,,,,,,,,,,,,,,,,,,screen,front,300,400,4,Vector,Default maximum for the category — confirm per product.,,,,,,,,,,,
decoration,MP-0141,,,,,,,,,,,,,,,,,,,,,,,,,,,,,,,,,,,,screen,back,320,420,4,Vector,Default maximum for the category — confirm per product.,,,,,,,,,,,
decoration,MP-0141,,,,,,,,,,,,,,,,,,,,,,,,,,,,,,,,,,,,screen,left_chest,100,100,4,Vector,Default maximum for the category — confirm per product.,,,,,,,,,,,
decoration,MP-0141,,,,,,,,,,,,,,,,,,,,,,,,,,,,,,,,,,,,screen,sleeve,80,300,4,Vector,Default maximum for the category — confirm per product.,,,,,,,,,,,
decoration,MP-0141,,,,,,,,,,,,,,,,,,,,,,,,,,,,,,,,,,,,dtf,front,300,400,4,Vector,Default maximum for the category — confirm per product.,,,,,,,,,,,
decoration,MP-0141,,,,,,,,,,,,,,,,,,,,,,,,,,,,,,,,,,,,dtf,back,320,420,4,Vector,Default maximum for the category — confirm per product.,,,,,,,,,,,
decoration,MP-0141,,,,,,,,,,,,,,,,,,,,,,,,,,,,,,,,,,,,dtf,left_chest,100,100,4,Vector,Default maximum for the category — confirm per product.,,,,,,,,,,,
decoration,MP-0141,,,,,,,,,,,,,,,,,,,,,,,,,,,,,,,,,,,,dtf,sleeve,80,300,4,Vector,Default maximum for the category — confirm per product.,,,,,,,,,,,
decoration,MP-0141,,,,,,,,,,,,,,,,,,,,,,,,,,,,,,,,,,,,dtg,front,300,400,4,Vector,Default maximum for the category — confirm per product.,,,,,,,,,,,
decoration,MP-0141,,,,,,,,,,,,,,,,,,,,,,,,,,,,,,,,,,,,dtg,back,320,420,4,Vector,Default maximum for the category — confirm per product.,,,,,,,,,,,
decoration,MP-0141,,,,,,,,,,,,,,,,,,,,,,,,,,,,,,,,,,,,dtg,left_chest,100,100,4,Vector,Default maximum for the category — confirm per product.,,,,,,,,,,,
decoration,MP-0141,,,,,,,,,,,,,,,,,,,,,,,,,,,,,,,,,,,,dtg,sleeve,80,300,4,Vector,Default maximum for the category — confirm per product.,,,,,,,,,,,
product,MP-0142,baby-body,Baby Body,T-shirts,published,25,EUR,25.06,21.89,18.87,16.45,15.30,6.40,3,5,c002|c001|c727|c054|c101|c005|c149|c724|c078|c147,0-3 m/56-62cm|3-6 m/62-68cm|6-9 m/68-74cm|9-12 m/74-80cm|12-18 m/80-86cm|18-24 m/86-92cm,embroidery|screen|dtf|dtg,front|back|left_chest|sleeve,yes,"Shell: Interlock, 100% Cotton - Organic Ring Spun Combed, Panel washed","Shell: Interlock, 100% Cotton - Organic Ring Spun Combed, Panel washed",210,,,,Stanley/Stella,STUB103,,,,,,,,,,,,,,,cost 6.40; worst-case decoration 5.86 at 100; market blank 6.62; ours 2.85x market,,,,,,,,,,,
variant,MP-0142,,,,published,,,,,,,,,,,,,,,,,,,,,,,,c002,MP0142-C002,0.00,,,,,,,,,,,,,,,,,,,,,,,
variant,MP-0142,,,,published,,,,,,,,,,,,,,,,,,,,,,,,c001,MP0142-C001,0.00,,,,,,,,,,,,,,,,,,,,,,,
variant,MP-0142,,,,published,,,,,,,,,,,,,,,,,,,,,,,,c727,MP0142-C727,0.00,,,,,,,,,,,,,,,,,,,,,,,
variant,MP-0142,,,,published,,,,,,,,,,,,,,,,,,,,,,,,c054,MP0142-C054,0.00,,,,,,,,,,,,,,,,,,,,,,,
variant,MP-0142,,,,published,,,,,,,,,,,,,,,,,,,,,,,,c101,MP0142-C101,0.00,,,,,,,,,,,,,,,,,,,,,,,
variant,MP-0142,,,,published,,,,,,,,,,,,,,,,,,,,,,,,c005,MP0142-C005,0.00,,,,,,,,,,,,,,,,,,,,,,,
variant,MP-0142,,,,published,,,,,,,,,,,,,,,,,,,,,,,,c149,MP0142-C149,0.00,,,,,,,,,,,,,,,,,,,,,,,
variant,MP-0142,,,,published,,,,,,,,,,,,,,,,,,,,,,,,c724,MP0142-C724,0.00,,,,,,,,,,,,,,,,,,,,,,,
variant,MP-0142,,,,published,,,,,,,,,,,,,,,,,,,,,,,,c078,MP0142-C078,0.00,,,,,,,,,,,,,,,,,,,,,,,
variant,MP-0142,,,,published,,,,,,,,,,,,,,,,,,,,,,,,c147,MP0142-C147,0.00,,,,,,,,,,,,,,,,,,,,,,,
image,MP-0142,,,,,,,,,,,,,,,,,,,,,,,,,,,,,,,,,"https://res.cloudinary.com/www-stanleystella-com/image/upload/c_lpad,w_1600,f_auto,q_auto/v1/TechnicalNames/PBM0_STUB103_C002.jpg?_i=AB",Baby Body in Black,1,,,,,,,,,,,,,,,,,,
image,MP-0142,,,,,,,,,,,,,,,,,,,,,,,,,,,,c001,,,,,"https://res.cloudinary.com/www-stanleystella-com/image/upload/c_lpad,w_1600,f_auto,q_auto/v1/TechnicalNames/PBM0_STUB103_C001.jpg?_i=AB",Baby Body in White,2,,,,,,,,,,,,,,,,,,
image,MP-0142,,,,,,,,,,,,,,,,,,,,,,,,,,,,c727,,,,,"https://res.cloudinary.com/www-stanleystella-com/image/upload/c_lpad,w_1600,f_auto,q_auto/v1/TechnicalNames/PFM0_STUB103_C727.jpg?_i=AB",Baby Body in French Navy,3,,,,,,,,,,,,,,,,,,
image,MP-0142,,,,,,,,,,,,,,,,,,,,,,,,,,,,c054,,,,,"https://res.cloudinary.com/www-stanleystella-com/image/upload/c_lpad,w_1600,f_auto,q_auto/v1/TechnicalNames/PBM0_STUB103_C054.jpg?_i=AB",Baby Body in Natural Raw,4,,,,,,,,,,,,,,,,,,
image,MP-0142,,,,,,,,,,,,,,,,,,,,,,,,,,,,c101,,,,,"https://res.cloudinary.com/www-stanleystella-com/image/upload/c_lpad,w_1600,f_auto,q_auto/v1/TechnicalNames/PBM0_STUB103_C101.jpg?_i=AB",Baby Body in Fraiche Peche,5,,,,,,,,,,,,,,,,,,
image,MP-0142,,,,,,,,,,,,,,,,,,,,,,,,,,,,c005,,,,,"https://res.cloudinary.com/www-stanleystella-com/image/upload/c_lpad,w_1600,f_auto,q_auto/v1/TechnicalNames/PBM0_STUB103_C005.jpg?_i=AB",Baby Body in Cotton Pink,6,,,,,,,,,,,,,,,,,,
image,MP-0142,,,,,,,,,,,,,,,,,,,,,,,,,,,,c149,,,,,"https://res.cloudinary.com/www-stanleystella-com/image/upload/c_lpad,w_1600,f_auto,q_auto/v1/TechnicalNames/PFD0_STUB103_C149.jpg?_i=AB",Baby Body in Blue soul,7,,,,,,,,,,,,,,,,,,
image,MP-0142,,,,,,,,,,,,,,,,,,,,,,,,,,,,c724,,,,,"https://res.cloudinary.com/www-stanleystella-com/image/upload/c_lpad,w_1600,f_auto,q_auto/v1/TechnicalNames/PBM0_STUB103_C724.jpg?_i=AB",Baby Body in Caribbean Blue,8,,,,,,,,,,,,,,,,,,
image,MP-0142,,,,,,,,,,,,,,,,,,,,,,,,,,,,c078,,,,,"https://res.cloudinary.com/www-stanleystella-com/image/upload/c_lpad,w_1600,f_auto,q_auto/v1/TechnicalNames/DFM0_STUB103_C078.jpg?_i=AB",Baby Body in Butter,9,,,,,,,,,,,,,,,,,,
image,MP-0142,,,,,,,,,,,,,,,,,,,,,,,,,,,,c147,,,,,"https://res.cloudinary.com/www-stanleystella-com/image/upload/c_lpad,w_1600,f_auto,q_auto/v1/TechnicalNames/PFD0_STUB103_C147.jpg?_i=AB",Baby Body in Eco-Heather,10,,,,,,,,,,,,,,,,,,
decoration,MP-0142,,,,,,,,,,,,,,,,,,,,,,,,,,,,,,,,,,,,embroidery,front,160,160,6,Vector or DST,Default maximum for the category — confirm per product.,,,,,,,,,,,
decoration,MP-0142,,,,,,,,,,,,,,,,,,,,,,,,,,,,,,,,,,,,embroidery,back,200,200,6,Vector or DST,Default maximum for the category — confirm per product.,,,,,,,,,,,
decoration,MP-0142,,,,,,,,,,,,,,,,,,,,,,,,,,,,,,,,,,,,embroidery,left_chest,90,90,6,Vector or DST,Default maximum for the category — confirm per product.,,,,,,,,,,,
decoration,MP-0142,,,,,,,,,,,,,,,,,,,,,,,,,,,,,,,,,,,,embroidery,sleeve,70,70,6,Vector or DST,Default maximum for the category — confirm per product.,,,,,,,,,,,
decoration,MP-0142,,,,,,,,,,,,,,,,,,,,,,,,,,,,,,,,,,,,screen,front,300,400,4,Vector,Default maximum for the category — confirm per product.,,,,,,,,,,,
decoration,MP-0142,,,,,,,,,,,,,,,,,,,,,,,,,,,,,,,,,,,,screen,back,320,420,4,Vector,Default maximum for the category — confirm per product.,,,,,,,,,,,
decoration,MP-0142,,,,,,,,,,,,,,,,,,,,,,,,,,,,,,,,,,,,screen,left_chest,100,100,4,Vector,Default maximum for the category — confirm per product.,,,,,,,,,,,
decoration,MP-0142,,,,,,,,,,,,,,,,,,,,,,,,,,,,,,,,,,,,screen,sleeve,80,300,4,Vector,Default maximum for the category — confirm per product.,,,,,,,,,,,
decoration,MP-0142,,,,,,,,,,,,,,,,,,,,,,,,,,,,,,,,,,,,dtf,front,300,400,4,Vector,Default maximum for the category — confirm per product.,,,,,,,,,,,
decoration,MP-0142,,,,,,,,,,,,,,,,,,,,,,,,,,,,,,,,,,,,dtf,back,320,420,4,Vector,Default maximum for the category — confirm per product.,,,,,,,,,,,
decoration,MP-0142,,,,,,,,,,,,,,,,,,,,,,,,,,,,,,,,,,,,dtf,left_chest,100,100,4,Vector,Default maximum for the category — confirm per product.,,,,,,,,,,,
decoration,MP-0142,,,,,,,,,,,,,,,,,,,,,,,,,,,,,,,,,,,,dtf,sleeve,80,300,4,Vector,Default maximum for the category — confirm per product.,,,,,,,,,,,
decoration,MP-0142,,,,,,,,,,,,,,,,,,,,,,,,,,,,,,,,,,,,dtg,front,300,400,4,Vector,Default maximum for the category — confirm per product.,,,,,,,,,,,
decoration,MP-0142,,,,,,,,,,,,,,,,,,,,,,,,,,,,,,,,,,,,dtg,back,320,420,4,Vector,Default maximum for the category — confirm per product.,,,,,,,,,,,
decoration,MP-0142,,,,,,,,,,,,,,,,,,,,,,,,,,,,,,,,,,,,dtg,left_chest,100,100,4,Vector,Default maximum for the category — confirm per product.,,,,,,,,,,,
decoration,MP-0142,,,,,,,,,,,,,,,,,,,,,,,,,,,,,,,,,,,,dtg,sleeve,80,300,4,Vector,Default maximum for the category — confirm per product.,,,,,,,,,,,
product,MP-0143,baby-creator,Baby Creator,T-shirts,published,25,EUR,22.36,19.20,16.17,13.76,12.61,4.65,3,5,c002|c001|c727|c250|c054|c101|c005|c004|c149|c724|c078|c147,0-6 m/56-68cm|6-12 m/68-80cm|12-18 m/80-86cm|18-24 m/86-92cm|24-36 m/92-98cm,embroidery|screen|dtf|dtg,front|back|left_chest|sleeve,yes,"Shell: Single Jersey, 100% Cotton - Organic Ring Spun Combed, Fabric washed","Shell: Single Jersey, 100% Cotton - Organic Ring Spun Combed, Fabric washed",155,,,,Stanley/Stella,STTB918,,,,,,,,,,,,,,,cost 4.65; worst-case decoration 5.86 at 100; market blank 5.02; ours 3.22x market,,,,,,,,,,,
variant,MP-0143,,,,published,,,,,,,,,,,,,,,,,,,,,,,,c002,MP0143-C002,0.00,,,,,,,,,,,,,,,,,,,,,,,
variant,MP-0143,,,,published,,,,,,,,,,,,,,,,,,,,,,,,c001,MP0143-C001,0.00,,,,,,,,,,,,,,,,,,,,,,,
variant,MP-0143,,,,published,,,,,,,,,,,,,,,,,,,,,,,,c727,MP0143-C727,0.00,,,,,,,,,,,,,,,,,,,,,,,
variant,MP-0143,,,,published,,,,,,,,,,,,,,,,,,,,,,,,c250,MP0143-C250,0.00,,,,,,,,,,,,,,,,,,,,,,,
variant,MP-0143,,,,published,,,,,,,,,,,,,,,,,,,,,,,,c054,MP0143-C054,0.00,,,,,,,,,,,,,,,,,,,,,,,
variant,MP-0143,,,,published,,,,,,,,,,,,,,,,,,,,,,,,c101,MP0143-C101,0.00,,,,,,,,,,,,,,,,,,,,,,,
variant,MP-0143,,,,published,,,,,,,,,,,,,,,,,,,,,,,,c005,MP0143-C005,0.00,,,,,,,,,,,,,,,,,,,,,,,
variant,MP-0143,,,,published,,,,,,,,,,,,,,,,,,,,,,,,c004,MP0143-C004,0.00,,,,,,,,,,,,,,,,,,,,,,,
variant,MP-0143,,,,published,,,,,,,,,,,,,,,,,,,,,,,,c149,MP0143-C149,0.00,,,,,,,,,,,,,,,,,,,,,,,
variant,MP-0143,,,,published,,,,,,,,,,,,,,,,,,,,,,,,c724,MP0143-C724,0.00,,,,,,,,,,,,,,,,,,,,,,,
variant,MP-0143,,,,published,,,,,,,,,,,,,,,,,,,,,,,,c078,MP0143-C078,0.00,,,,,,,,,,,,,,,,,,,,,,,
variant,MP-0143,,,,published,,,,,,,,,,,,,,,,,,,,,,,,c147,MP0143-C147,0.00,,,,,,,,,,,,,,,,,,,,,,,
image,MP-0143,,,,,,,,,,,,,,,,,,,,,,,,,,,,,,,,,"https://res.cloudinary.com/www-stanleystella-com/image/upload/c_lpad,w_1600,f_auto,q_auto/v1/TechnicalNames/PBM0_STTB918_C002.jpg?_i=AB",Baby Creator in Black,1,,,,,,,,,,,,,,,,,,
image,MP-0143,,,,,,,,,,,,,,,,,,,,,,,,,,,,c001,,,,,"https://res.cloudinary.com/www-stanleystella-com/image/upload/c_lpad,w_1600,f_auto,q_auto/v1/TechnicalNames/PBM0_STTB918_C001.jpg?_i=AB",Baby Creator in White,2,,,,,,,,,,,,,,,,,,
image,MP-0143,,,,,,,,,,,,,,,,,,,,,,,,,,,,c727,,,,,"https://res.cloudinary.com/www-stanleystella-com/image/upload/c_lpad,w_1600,f_auto,q_auto/v1/TechnicalNames/SFM0_STTB918_C727.jpg?_i=AB",Baby Creator in French Navy,3,,,,,,,,,,,,,,,,,,
image,MP-0143,,,,,,,,,,,,,,,,,,,,,,,,,,,,c250,,,,,"https://res.cloudinary.com/www-stanleystella-com/image/upload/c_lpad,w_1600,f_auto,q_auto/v1/TechnicalNames/DFM0_STTB918_C250.jpg?_i=AB",Baby Creator in Heather Grey,4,,,,,,,,,,,,,,,,,,
image,MP-0143,,,,,,,,,,,,,,,,,,,,,,,,,,,,c054,,,,,"https://res.cloudinary.com/www-stanleystella-com/image/upload/c_lpad,w_1600,f_auto,q_auto/v1/TechnicalNames/DFM0_STTB918_C054.jpg?_i=AB",Baby Creator in Natural Raw,5,,,,,,,,,,,,,,,,,,
image,MP-0143,,,,,,,,,,,,,,,,,,,,,,,,,,,,c101,,,,,"https://res.cloudinary.com/www-stanleystella-com/image/upload/c_lpad,w_1600,f_auto,q_auto/v1/TechnicalNames/PBM0_STTB918_C101.jpg?_i=AB",Baby Creator in Fraiche Peche,6,,,,,,,,,,,,,,,,,,
image,MP-0143,,,,,,,,,,,,,,,,,,,,,,,,,,,,c005,,,,,"https://res.cloudinary.com/www-stanleystella-com/image/upload/c_lpad,w_1600,f_auto,q_auto/v1/TechnicalNames/SFM0_STTB918_C005.jpg?_i=AB",Baby Creator in Cotton Pink,7,,,,,,,,,,,,,,,,,,
image,MP-0143,,,,,,,,,,,,,,,,,,,,,,,,,,,,c004,,,,,"https://res.cloudinary.com/www-stanleystella-com/image/upload/c_lpad,w_1600,f_auto,q_auto/v1/TechnicalNames/SFM0_STTB918_C004.jpg?_i=AB",Baby Creator in Red,8,,,,,,,,,,,,,,,,,,
image,MP-0143,,,,,,,,,,,,,,,,,,,,,,,,,,,,c149,,,,,"https://res.cloudinary.com/www-stanleystella-com/image/upload/c_lpad,w_1600,f_auto,q_auto/v1/TechnicalNames/PFD0_STTB918_C149.jpg?_i=AB",Baby Creator in Blue soul,9,,,,,,,,,,,,,,,,,,
image,MP-0143,,,,,,,,,,,,,,,,,,,,,,,,,,,,c724,,,,,"https://res.cloudinary.com/www-stanleystella-com/image/upload/c_lpad,w_1600,f_auto,q_auto/v1/TechnicalNames/PBM0_STTB918_C724.jpg?_i=AB",Baby Creator in Caribbean Blue,10,,,,,,,,,,,,,,,,,,
image,MP-0143,,,,,,,,,,,,,,,,,,,,,,,,,,,,c078,,,,,"https://res.cloudinary.com/www-stanleystella-com/image/upload/c_lpad,w_1600,f_auto,q_auto/v1/TechnicalNames/SFM0_STTB918_C078.jpg?_i=AB",Baby Creator in Butter,11,,,,,,,,,,,,,,,,,,
image,MP-0143,,,,,,,,,,,,,,,,,,,,,,,,,,,,c147,,,,,"https://res.cloudinary.com/www-stanleystella-com/image/upload/c_lpad,w_1600,f_auto,q_auto/v1/TechnicalNames/PFD0_STTB918_C147.jpg?_i=AB",Baby Creator in Eco-Heather,12,,,,,,,,,,,,,,,,,,
decoration,MP-0143,,,,,,,,,,,,,,,,,,,,,,,,,,,,,,,,,,,,embroidery,front,160,160,6,Vector or DST,Default maximum for the category — confirm per product.,,,,,,,,,,,
decoration,MP-0143,,,,,,,,,,,,,,,,,,,,,,,,,,,,,,,,,,,,embroidery,back,200,200,6,Vector or DST,Default maximum for the category — confirm per product.,,,,,,,,,,,
decoration,MP-0143,,,,,,,,,,,,,,,,,,,,,,,,,,,,,,,,,,,,embroidery,left_chest,90,90,6,Vector or DST,Default maximum for the category — confirm per product.,,,,,,,,,,,
decoration,MP-0143,,,,,,,,,,,,,,,,,,,,,,,,,,,,,,,,,,,,embroidery,sleeve,70,70,6,Vector or DST,Default maximum for the category — confirm per product.,,,,,,,,,,,
decoration,MP-0143,,,,,,,,,,,,,,,,,,,,,,,,,,,,,,,,,,,,screen,front,300,400,4,Vector,Default maximum for the category — confirm per product.,,,,,,,,,,,
decoration,MP-0143,,,,,,,,,,,,,,,,,,,,,,,,,,,,,,,,,,,,screen,back,320,420,4,Vector,Default maximum for the category — confirm per product.,,,,,,,,,,,
decoration,MP-0143,,,,,,,,,,,,,,,,,,,,,,,,,,,,,,,,,,,,screen,left_chest,100,100,4,Vector,Default maximum for the category — confirm per product.,,,,,,,,,,,
decoration,MP-0143,,,,,,,,,,,,,,,,,,,,,,,,,,,,,,,,,,,,screen,sleeve,80,300,4,Vector,Default maximum for the category — confirm per product.,,,,,,,,,,,
decoration,MP-0143,,,,,,,,,,,,,,,,,,,,,,,,,,,,,,,,,,,,dtf,front,300,400,4,Vector,Default maximum for the category — confirm per product.,,,,,,,,,,,
decoration,MP-0143,,,,,,,,,,,,,,,,,,,,,,,,,,,,,,,,,,,,dtf,back,320,420,4,Vector,Default maximum for the category — confirm per product.,,,,,,,,,,,
decoration,MP-0143,,,,,,,,,,,,,,,,,,,,,,,,,,,,,,,,,,,,dtf,left_chest,100,100,4,Vector,Default maximum for the category — confirm per product.,,,,,,,,,,,
decoration,MP-0143,,,,,,,,,,,,,,,,,,,,,,,,,,,,,,,,,,,,dtf,sleeve,80,300,4,Vector,Default maximum for the category — confirm per product.,,,,,,,,,,,
decoration,MP-0143,,,,,,,,,,,,,,,,,,,,,,,,,,,,,,,,,,,,dtg,front,300,400,4,Vector,Default maximum for the category — confirm per product.,,,,,,,,,,,
decoration,MP-0143,,,,,,,,,,,,,,,,,,,,,,,,,,,,,,,,,,,,dtg,back,320,420,4,Vector,Default maximum for the category — confirm per product.,,,,,,,,,,,
decoration,MP-0143,,,,,,,,,,,,,,,,,,,,,,,,,,,,,,,,,,,,dtg,left_chest,100,100,4,Vector,Default maximum for the category — confirm per product.,,,,,,,,,,,
decoration,MP-0143,,,,,,,,,,,,,,,,,,,,,,,,,,,,,,,,,,,,dtg,sleeve,80,300,4,Vector,Default maximum for the category — confirm per product.,,,,,,,,,,,
product,MP-0144,blaker,Blaker,T-shirts,published,25,EUR,28.98,25.82,22.79,20.37,19.23,8.95,3,5,c002|c001|c727|c250,XXS|XS|S|M|L|XL|XXL|3XL,embroidery|screen|dtf|dtg,front|back|left_chest|sleeve,yes,"Shell: Single Jersey, 40% Modal,60% Cotton - Organic Ring Spun Combed, Panel washed","Shell: Single Jersey, 40% Modal,60% Cotton - Organic Ring Spun Combed, Panel washed",155,,,,Stanley/Stella,STTU263,,,,,,,,,,,,,,,cost 8.95; worst-case decoration 5.86 at 100; market blank 10.31; ours 2.21x market,,,,,,,,,,,
variant,MP-0144,,,,published,,,,,,,,,,,,,,,,,,,,,,,,c002,MP0144-C002,0.00,,,,,,,,,,,,,,,,,,,,,,,
variant,MP-0144,,,,published,,,,,,,,,,,,,,,,,,,,,,,,c001,MP0144-C001,0.00,,,,,,,,,,,,,,,,,,,,,,,
variant,MP-0144,,,,published,,,,,,,,,,,,,,,,,,,,,,,,c727,MP0144-C727,0.00,,,,,,,,,,,,,,,,,,,,,,,
variant,MP-0144,,,,published,,,,,,,,,,,,,,,,,,,,,,,,c250,MP0144-C250,0.00,,,,,,,,,,,,,,,,,,,,,,,
image,MP-0144,,,,,,,,,,,,,,,,,,,,,,,,,,,,,,,,,"https://res.cloudinary.com/www-stanleystella-com/image/upload/c_lpad,w_1600,f_auto,q_auto/v1/TechnicalNames/SBM0_STTU263_C002.jpg?_i=AB",Blaker in Black,1,,,,,,,,,,,,,,,,,,
image,MP-0144,,,,,,,,,,,,,,,,,,,,,,,,,,,,c001,,,,,"https://res.cloudinary.com/www-stanleystella-com/image/upload/c_lpad,w_1600,f_auto,q_auto/v1/TechnicalNames/SBM0_STTU263_C001.jpg?_i=AB",Blaker in White,2,,,,,,,,,,,,,,,,,,
image,MP-0144,,,,,,,,,,,,,,,,,,,,,,,,,,,,c727,,,,,"https://res.cloudinary.com/www-stanleystella-com/image/upload/c_lpad,w_1600,f_auto,q_auto/v1/TechnicalNames/SBM0_STTU263_C727.jpg?_i=AB",Blaker in French Navy,3,,,,,,,,,,,,,,,,,,
image,MP-0144,,,,,,,,,,,,,,,,,,,,,,,,,,,,c250,,,,,"https://res.cloudinary.com/www-stanleystella-com/image/upload/c_lpad,w_1600,f_auto,q_auto/v1/TechnicalNames/SFM0_STTU263_C250.jpg?_i=AB",Blaker in Heather Grey,4,,,,,,,,,,,,,,,,,,
decoration,MP-0144,,,,,,,,,,,,,,,,,,,,,,,,,,,,,,,,,,,,embroidery,front,160,160,6,Vector or DST,Default maximum for the category — confirm per product.,,,,,,,,,,,
decoration,MP-0144,,,,,,,,,,,,,,,,,,,,,,,,,,,,,,,,,,,,embroidery,back,200,200,6,Vector or DST,Default maximum for the category — confirm per product.,,,,,,,,,,,
decoration,MP-0144,,,,,,,,,,,,,,,,,,,,,,,,,,,,,,,,,,,,embroidery,left_chest,90,90,6,Vector or DST,Default maximum for the category — confirm per product.,,,,,,,,,,,
decoration,MP-0144,,,,,,,,,,,,,,,,,,,,,,,,,,,,,,,,,,,,embroidery,sleeve,70,70,6,Vector or DST,Default maximum for the category — confirm per product.,,,,,,,,,,,
decoration,MP-0144,,,,,,,,,,,,,,,,,,,,,,,,,,,,,,,,,,,,screen,front,300,400,4,Vector,Default maximum for the category — confirm per product.,,,,,,,,,,,
decoration,MP-0144,,,,,,,,,,,,,,,,,,,,,,,,,,,,,,,,,,,,screen,back,320,420,4,Vector,Default maximum for the category — confirm per product.,,,,,,,,,,,
decoration,MP-0144,,,,,,,,,,,,,,,,,,,,,,,,,,,,,,,,,,,,screen,left_chest,100,100,4,Vector,Default maximum for the category — confirm per product.,,,,,,,,,,,
decoration,MP-0144,,,,,,,,,,,,,,,,,,,,,,,,,,,,,,,,,,,,screen,sleeve,80,300,4,Vector,Default maximum for the category — confirm per product.,,,,,,,,,,,
decoration,MP-0144,,,,,,,,,,,,,,,,,,,,,,,,,,,,,,,,,,,,dtf,front,300,400,4,Vector,Default maximum for the category — confirm per product.,,,,,,,,,,,
decoration,MP-0144,,,,,,,,,,,,,,,,,,,,,,,,,,,,,,,,,,,,dtf,back,320,420,4,Vector,Default maximum for the category — confirm per product.,,,,,,,,,,,
decoration,MP-0144,,,,,,,,,,,,,,,,,,,,,,,,,,,,,,,,,,,,dtf,left_chest,100,100,4,Vector,Default maximum for the category — confirm per product.,,,,,,,,,,,
decoration,MP-0144,,,,,,,,,,,,,,,,,,,,,,,,,,,,,,,,,,,,dtf,sleeve,80,300,4,Vector,Default maximum for the category — confirm per product.,,,,,,,,,,,
decoration,MP-0144,,,,,,,,,,,,,,,,,,,,,,,,,,,,,,,,,,,,dtg,front,300,400,4,Vector,Default maximum for the category — confirm per product.,,,,,,,,,,,
decoration,MP-0144,,,,,,,,,,,,,,,,,,,,,,,,,,,,,,,,,,,,dtg,back,320,420,4,Vector,Default maximum for the category — confirm per product.,,,,,,,,,,,
decoration,MP-0144,,,,,,,,,,,,,,,,,,,,,,,,,,,,,,,,,,,,dtg,left_chest,100,100,4,Vector,Default maximum for the category — confirm per product.,,,,,,,,,,,
decoration,MP-0144,,,,,,,,,,,,,,,,,,,,,,,,,,,,,,,,,,,,dtg,sleeve,80,300,4,Vector,Default maximum for the category — confirm per product.,,,,,,,,,,,
product,MP-0145,blaster-2-0,Blaster 2.0,T-shirts,published,25,EUR,30.75,27.59,24.56,22.14,20.99,10.10,3,5,c002|c001|c727|c250|c054|c360|c134|c359|c223|c135|c358|c361,XXS|XS|S|M|L|XL|XXL|3XL,embroidery|screen|dtf|dtg,front|back|left_chest|sleeve,yes,"Shell: Single Jersey, 100% Cotton - Organic Ring Spun Combed, Fabric washed","Shell: Single Jersey, 100% Cotton - Organic Ring Spun Combed, Fabric washed",200,,,,Stanley/Stella,STTU959,,,,,,,,,,,,,,,cost 10.10; worst-case decoration 5.86 at 100; market blank 11.50; ours 2.14x market,,,,,,,,,,,
variant,MP-0145,,,,published,,,,,,,,,,,,,,,,,,,,,,,,c002,MP0145-C002,0.00,,,,,,,,,,,,,,,,,,,,,,,
variant,MP-0145,,,,published,,,,,,,,,,,,,,,,,,,,,,,,c001,MP0145-C001,0.00,,,,,,,,,,,,,,,,,,,,,,,
variant,MP-0145,,,,published,,,,,,,,,,,,,,,,,,,,,,,,c727,MP0145-C727,0.00,,,,,,,,,,,,,,,,,,,,,,,
variant,MP-0145,,,,published,,,,,,,,,,,,,,,,,,,,,,,,c250,MP0145-C250,0.00,,,,,,,,,,,,,,,,,,,,,,,
variant,MP-0145,,,,published,,,,,,,,,,,,,,,,,,,,,,,,c054,MP0145-C054,0.00,,,,,,,,,,,,,,,,,,,,,,,
variant,MP-0145,,,,published,,,,,,,,,,,,,,,,,,,,,,,,c360,MP0145-C360,0.00,,,,,,,,,,,,,,,,,,,,,,,
variant,MP-0145,,,,published,,,,,,,,,,,,,,,,,,,,,,,,c134,MP0145-C134,0.00,,,,,,,,,,,,,,,,,,,,,,,
variant,MP-0145,,,,published,,,,,,,,,,,,,,,,,,,,,,,,c359,MP0145-C359,0.00,,,,,,,,,,,,,,,,,,,,,,,
variant,MP-0145,,,,published,,,,,,,,,,,,,,,,,,,,,,,,c223,MP0145-C223,0.00,,,,,,,,,,,,,,,,,,,,,,,
variant,MP-0145,,,,published,,,,,,,,,,,,,,,,,,,,,,,,c135,MP0145-C135,0.00,,,,,,,,,,,,,,,,,,,,,,,
variant,MP-0145,,,,published,,,,,,,,,,,,,,,,,,,,,,,,c358,MP0145-C358,0.00,,,,,,,,,,,,,,,,,,,,,,,
variant,MP-0145,,,,published,,,,,,,,,,,,,,,,,,,,,,,,c361,MP0145-C361,0.00,,,,,,,,,,,,,,,,,,,,,,,
image,MP-0145,,,,,,,,,,,,,,,,,,,,,,,,,,,,,,,,,"https://res.cloudinary.com/www-stanleystella-com/image/upload/c_lpad,w_1600,f_auto,q_auto/v1/TechnicalNames/PBM0_STTU959_C002.jpg?_i=AB",Blaster 2.0 in Black,1,,,,,,,,,,,,,,,,,,
image,MP-0145,,,,,,,,,,,,,,,,,,,,,,,,,,,,c001,,,,,"https://res.cloudinary.com/www-stanleystella-com/image/upload/c_lpad,w_1600,f_auto,q_auto/v1/TechnicalNames/PBM0_STTU959_C001.jpg?_i=AB",Blaster 2.0 in White,2,,,,,,,,,,,,,,,,,,
image,MP-0145,,,,,,,,,,,,,,,,,,,,,,,,,,,,c727,,,,,"https://res.cloudinary.com/www-stanleystella-com/image/upload/c_lpad,w_1600,f_auto,q_auto/v1/TechnicalNames/PBM0_STTU959_C727.jpg?_i=AB",Blaster 2.0 in French Navy,3,,,,,,,,,,,,,,,,,,
image,MP-0145,,,,,,,,,,,,,,,,,,,,,,,,,,,,c250,,,,,"https://res.cloudinary.com/www-stanleystella-com/image/upload/c_lpad,w_1600,f_auto,q_auto/v1/TechnicalNames/PBM0_STTU959_C250.jpg?_i=AB",Blaster 2.0 in Heather Grey,4,,,,,,,,,,,,,,,,,,
image,MP-0145,,,,,,,,,,,,,,,,,,,,,,,,,,,,c054,,,,,"https://res.cloudinary.com/www-stanleystella-com/image/upload/c_lpad,w_1600,f_auto,q_auto/v1/TechnicalNames/PBM0_STTU959_C054.jpg?_i=AB",Blaster 2.0 in Natural Raw,5,,,,,,,,,,,,,,,,,,
image,MP-0145,,,,,,,,,,,,,,,,,,,,,,,,,,,,c360,,,,,"https://res.cloudinary.com/www-stanleystella-com/image/upload/c_lpad,w_1600,f_auto,q_auto/v1/TechnicalNames/PBM0_STTU959_C360.jpg?_i=AB",Blaster 2.0 in Pink Joy,6,,,,,,,,,,,,,,,,,,
image,MP-0145,,,,,,,,,,,,,,,,,,,,,,,,,,,,c134,,,,,"https://res.cloudinary.com/www-stanleystella-com/image/upload/c_lpad,w_1600,f_auto,q_auto/v1/TechnicalNames/SFM1_STTU959_C134.jpg?_i=AB",Blaster 2.0 in Violet,7,,,,,,,,,,,,,,,,,,
image,MP-0145,,,,,,,,,,,,,,,,,,,,,,,,,,,,c359,,,,,"https://res.cloudinary.com/www-stanleystella-com/image/upload/c_lpad,w_1600,f_auto,q_auto/v1/TechnicalNames/PBM0_STTU959_C359.jpg?_i=AB",Blaster 2.0 in Dusk,8,,,,,,,,,,,,,,,,,,
image,MP-0145,,,,,,,,,,,,,,,,,,,,,,,,,,,,c223,,,,,"https://res.cloudinary.com/www-stanleystella-com/image/upload/c_lpad,w_1600,f_auto,q_auto/v1/TechnicalNames/PBM0_STTU959_C223.jpg?_i=AB",Blaster 2.0 in Khaki,9,,,,,,,,,,,,,,,,,,
image,MP-0145,,,,,,,,,,,,,,,,,,,,,,,,,,,,c135,,,,,"https://res.cloudinary.com/www-stanleystella-com/image/upload/c_lpad,w_1600,f_auto,q_auto/v1/TechnicalNames/PBM0_STTU959_C135.jpg?_i=AB",Blaster 2.0 in Mocha,10,,,,,,,,,,,,,,,,,,
image,MP-0145,,,,,,,,,,,,,,,,,,,,,,,,,,,,c358,,,,,"https://res.cloudinary.com/www-stanleystella-com/image/upload/c_lpad,w_1600,f_auto,q_auto/v1/TechnicalNames/PBM0_STTU959_C358.jpg?_i=AB",Blaster 2.0 in Stone,11,,,,,,,,,,,,,,,,,,
image,MP-0145,,,,,,,,,,,,,,,,,,,,,,,,,,,,c361,,,,,"https://res.cloudinary.com/www-stanleystella-com/image/upload/c_lpad,w_1600,f_auto,q_auto/v1/TechnicalNames/PBM0_STTU959_C361.jpg?_i=AB",Blaster 2.0 in Cream,12,,,,,,,,,,,,,,,,,,
decoration,MP-0145,,,,,,,,,,,,,,,,,,,,,,,,,,,,,,,,,,,,embroidery,front,160,160,6,Vector or DST,Default maximum for the category — confirm per product.,,,,,,,,,,,
decoration,MP-0145,,,,,,,,,,,,,,,,,,,,,,,,,,,,,,,,,,,,embroidery,back,200,200,6,Vector or DST,Default maximum for the category — confirm per product.,,,,,,,,,,,
decoration,MP-0145,,,,,,,,,,,,,,,,,,,,,,,,,,,,,,,,,,,,embroidery,left_chest,90,90,6,Vector or DST,Default maximum for the category — confirm per product.,,,,,,,,,,,
decoration,MP-0145,,,,,,,,,,,,,,,,,,,,,,,,,,,,,,,,,,,,embroidery,sleeve,70,70,6,Vector or DST,Default maximum for the category — confirm per product.,,,,,,,,,,,
decoration,MP-0145,,,,,,,,,,,,,,,,,,,,,,,,,,,,,,,,,,,,screen,front,300,400,4,Vector,Default maximum for the category — confirm per product.,,,,,,,,,,,
decoration,MP-0145,,,,,,,,,,,,,,,,,,,,,,,,,,,,,,,,,,,,screen,back,320,420,4,Vector,Default maximum for the category — confirm per product.,,,,,,,,,,,
decoration,MP-0145,,,,,,,,,,,,,,,,,,,,,,,,,,,,,,,,,,,,screen,left_chest,100,100,4,Vector,Default maximum for the category — confirm per product.,,,,,,,,,,,
decoration,MP-0145,,,,,,,,,,,,,,,,,,,,,,,,,,,,,,,,,,,,screen,sleeve,80,300,4,Vector,Default maximum for the category — confirm per product.,,,,,,,,,,,
decoration,MP-0145,,,,,,,,,,,,,,,,,,,,,,,,,,,,,,,,,,,,dtf,front,300,400,4,Vector,Default maximum for the category — confirm per product.,,,,,,,,,,,
decoration,MP-0145,,,,,,,,,,,,,,,,,,,,,,,,,,,,,,,,,,,,dtf,back,320,420,4,Vector,Default maximum for the category — confirm per product.,,,,,,,,,,,
decoration,MP-0145,,,,,,,,,,,,,,,,,,,,,,,,,,,,,,,,,,,,dtf,left_chest,100,100,4,Vector,Default maximum for the category — confirm per product.,,,,,,,,,,,
decoration,MP-0145,,,,,,,,,,,,,,,,,,,,,,,,,,,,,,,,,,,,dtf,sleeve,80,300,4,Vector,Default maximum for the category — confirm per product.,,,,,,,,,,,
decoration,MP-0145,,,,,,,,,,,,,,,,,,,,,,,,,,,,,,,,,,,,dtg,front,300,400,4,Vector,Default maximum for the category — confirm per product.,,,,,,,,,,,
decoration,MP-0145,,,,,,,,,,,,,,,,,,,,,,,,,,,,,,,,,,,,dtg,back,320,420,4,Vector,Default maximum for the category — confirm per product.,,,,,,,,,,,
decoration,MP-0145,,,,,,,,,,,,,,,,,,,,,,,,,,,,,,,,,,,,dtg,left_chest,100,100,4,Vector,Default maximum for the category — confirm per product.,,,,,,,,,,,
decoration,MP-0145,,,,,,,,,,,,,,,,,,,,,,,,,,,,,,,,,,,,dtg,sleeve,80,300,4,Vector,Default maximum for the category — confirm per product.,,,,,,,,,,,
product,MP-0146,breezer,Breezer,T-shirts,published,25,EUR,24.52,21.36,18.33,15.91,14.76,6.05,3,5,c002|c001|c727|c250|c054|c244|c134|c728|c136|c223|c133|c730|c152|c358|c361|c715,XXS|XS|S|M|L|XL|XXL|3XL,embroidery|screen|dtf|dtg,front|back|left_chest|sleeve,yes,"Shell: Single Jersey, 100% Cotton - Organic Ring Spun Combed, Fabric washed","Shell: Single Jersey, 100% Cotton - Organic Ring Spun Combed, Fabric washed",155,,,,Stanley/Stella,STTU964,,,,,,,,,,,,,,,cost 6.05; worst-case decoration 5.86 at 100; market blank 7.03; ours 2.61x market,,,,,,,,,,,
variant,MP-0146,,,,published,,,,,,,,,,,,,,,,,,,,,,,,c002,MP0146-C002,0.00,,,,,,,,,,,,,,,,,,,,,,,
variant,MP-0146,,,,published,,,,,,,,,,,,,,,,,,,,,,,,c001,MP0146-C001,0.00,,,,,,,,,,,,,,,,,,,,,,,
variant,MP-0146,,,,published,,,,,,,,,,,,,,,,,,,,,,,,c727,MP0146-C727,0.00,,,,,,,,,,,,,,,,,,,,,,,
variant,MP-0146,,,,published,,,,,,,,,,,,,,,,,,,,,,,,c250,MP0146-C250,0.00,,,,,,,,,,,,,,,,,,,,,,,
variant,MP-0146,,,,published,,,,,,,,,,,,,,,,,,,,,,,,c054,MP0146-C054,0.00,,,,,,,,,,,,,,,,,,,,,,,
variant,MP-0146,,,,published,,,,,,,,,,,,,,,,,,,,,,,,c244,MP0146-C244,0.00,,,,,,,,,,,,,,,,,,,,,,,
variant,MP-0146,,,,published,,,,,,,,,,,,,,,,,,,,,,,,c134,MP0146-C134,0.00,,,,,,,,,,,,,,,,,,,,,,,
variant,MP-0146,,,,published,,,,,,,,,,,,,,,,,,,,,,,,c728,MP0146-C728,0.00,,,,,,,,,,,,,,,,,,,,,,,
variant,MP-0146,,,,published,,,,,,,,,,,,,,,,,,,,,,,,c136,MP0146-C136,0.00,,,,,,,,,,,,,,,,,,,,,,,
variant,MP-0146,,,,published,,,,,,,,,,,,,,,,,,,,,,,,c223,MP0146-C223,0.00,,,,,,,,,,,,,,,,,,,,,,,
variant,MP-0146,,,,published,,,,,,,,,,,,,,,,,,,,,,,,c133,MP0146-C133,0.00,,,,,,,,,,,,,,,,,,,,,,,
variant,MP-0146,,,,published,,,,,,,,,,,,,,,,,,,,,,,,c730,MP0146-C730,0.00,,,,,,,,,,,,,,,,,,,,,,,
variant,MP-0146,,,,published,,,,,,,,,,,,,,,,,,,,,,,,c152,MP0146-C152,0.00,,,,,,,,,,,,,,,,,,,,,,,
variant,MP-0146,,,,published,,,,,,,,,,,,,,,,,,,,,,,,c358,MP0146-C358,0.00,,,,,,,,,,,,,,,,,,,,,,,
variant,MP-0146,,,,published,,,,,,,,,,,,,,,,,,,,,,,,c361,MP0146-C361,0.00,,,,,,,,,,,,,,,,,,,,,,,
variant,MP-0146,,,,published,,,,,,,,,,,,,,,,,,,,,,,,c715,MP0146-C715,0.00,,,,,,,,,,,,,,,,,,,,,,,
image,MP-0146,,,,,,,,,,,,,,,,,,,,,,,,,,,,,,,,,"https://res.cloudinary.com/www-stanleystella-com/image/upload/c_lpad,w_1600,f_auto,q_auto/v1/TechnicalNames/SBM0_STTU964_C002.jpg?_i=AB",Breezer in Black,1,,,,,,,,,,,,,,,,,,
image,MP-0146,,,,,,,,,,,,,,,,,,,,,,,,,,,,c001,,,,,"https://res.cloudinary.com/www-stanleystella-com/image/upload/c_lpad,w_1600,f_auto,q_auto/v1/TechnicalNames/SBM0_STTU964_C001.jpg?_i=AB",Breezer in White,2,,,,,,,,,,,,,,,,,,
image,MP-0146,,,,,,,,,,,,,,,,,,,,,,,,,,,,c727,,,,,"https://res.cloudinary.com/www-stanleystella-com/image/upload/c_lpad,w_1600,f_auto,q_auto/v1/TechnicalNames/PFM0_STTU964_C727.jpg?_i=AB",Breezer in French Navy,3,,,,,,,,,,,,,,,,,,
image,MP-0146,,,,,,,,,,,,,,,,,,,,,,,,,,,,c250,,,,,"https://res.cloudinary.com/www-stanleystella-com/image/upload/c_lpad,w_1600,f_auto,q_auto/v1/TechnicalNames/PFM0_STTU964_C250.jpg?_i=AB",Breezer in Heather Grey,4,,,,,,,,,,,,,,,,,,
image,MP-0146,,,,,,,,,,,,,,,,,,,,,,,,,,,,c054,,,,,"https://res.cloudinary.com/www-stanleystella-com/image/upload/c_lpad,w_1600,f_auto,q_auto/v1/TechnicalNames/SBM0_STTU964_C054.jpg?_i=AB",Breezer in Natural Raw,5,,,,,,,,,,,,,,,,,,
image,MP-0146,,,,,,,,,,,,,,,,,,,,,,,,,,,,c244,,,,,"https://res.cloudinary.com/www-stanleystella-com/image/upload/c_lpad,w_1600,f_auto,q_auto/v1/TechnicalNames/PFM0_STTU964_C244.jpg?_i=AB",Breezer in Burgundy,6,,,,,,,,,,,,,,,,,,
image,MP-0146,,,,,,,,,,,,,,,,,,,,,,,,,,,,c134,,,,,"https://res.cloudinary.com/www-stanleystella-com/image/upload/c_lpad,w_1600,f_auto,q_auto/v1/TechnicalNames/PFM0_STTU964_C134.jpg?_i=AB",Breezer in Violet,7,,,,,,,,,,,,,,,,,,
image,MP-0146,,,,,,,,,,,,,,,,,,,,,,,,,,,,c728,,,,,"https://res.cloudinary.com/www-stanleystella-com/image/upload/c_lpad,w_1600,f_auto,q_auto/v1/TechnicalNames/PFM0_STTU964_C728.jpg?_i=AB",Breezer in Blue Ice,8,,,,,,,,,,,,,,,,,,
image,MP-0146,,,,,,,,,,,,,,,,,,,,,,,,,,,,c136,,,,,"https://res.cloudinary.com/www-stanleystella-com/image/upload/c_lpad,w_1600,f_auto,q_auto/v1/TechnicalNames/SBM0_STTU964_C136.jpg?_i=AB",Breezer in Deep Teal,9,,,,,,,,,,,,,,,,,,
image,MP-0146,,,,,,,,,,,,,,,,,,,,,,,,,,,,c223,,,,,"https://res.cloudinary.com/www-stanleystella-com/image/upload/c_lpad,w_1600,f_auto,q_auto/v1/TechnicalNames/PFM0_STTU964_C223.jpg?_i=AB",Breezer in Khaki,10,,,,,,,,,,,,,,,,,,
image,MP-0146,,,,,,,,,,,,,,,,,,,,,,,,,,,,c133,,,,,"https://res.cloudinary.com/www-stanleystella-com/image/upload/c_lpad,w_1600,f_auto,q_auto/v1/TechnicalNames/PFM0_STTU964_C133.jpg?_i=AB",Breezer in Lemon Sorbet,11,,,,,,,,,,,,,,,,,,
image,MP-0146,,,,,,,,,,,,,,,,,,,,,,,,,,,,c730,,,,,"https://res.cloudinary.com/www-stanleystella-com/image/upload/c_lpad,w_1600,f_auto,q_auto/v1/TechnicalNames/PFM0_STTU964_C730.jpg?_i=AB",Breezer in Heritage Brown,12,,,,,,,,,,,,,,,,,,
image,MP-0146,,,,,,,,,,,,,,,,,,,,,,,,,,,,c152,,,,,"https://res.cloudinary.com/www-stanleystella-com/image/upload/c_lpad,w_1600,f_auto,q_auto/v1/TechnicalNames/SFM1_STTU964_C152.jpg?_i=AB",Breezer in Grounded Beige,13,,,,,,,,,,,,,,,,,,
image,MP-0146,,,,,,,,,,,,,,,,,,,,,,,,,,,,c358,,,,,"https://res.cloudinary.com/www-stanleystella-com/image/upload/c_lpad,w_1600,f_auto,q_auto/v1/TechnicalNames/PFM0_STTU964_C358.jpg?_i=AB",Breezer in Stone,14,,,,,,,,,,,,,,,,,,
image,MP-0146,,,,,,,,,,,,,,,,,,,,,,,,,,,,c361,,,,,"https://res.cloudinary.com/www-stanleystella-com/image/upload/c_lpad,w_1600,f_auto,q_auto/v1/TechnicalNames/DFM0_STTU964_C361.jpg?_i=AB",Breezer in Cream,15,,,,,,,,,,,,,,,,,,
image,MP-0146,,,,,,,,,,,,,,,,,,,,,,,,,,,,c715,,,,,"https://res.cloudinary.com/www-stanleystella-com/image/upload/c_lpad,w_1600,f_auto,q_auto/v1/TechnicalNames/PFM0_STTU964_C715.jpg?_i=AB",Breezer in India Ink Grey,16,,,,,,,,,,,,,,,,,,
decoration,MP-0146,,,,,,,,,,,,,,,,,,,,,,,,,,,,,,,,,,,,embroidery,front,160,160,6,Vector or DST,Default maximum for the category — confirm per product.,,,,,,,,,,,
decoration,MP-0146,,,,,,,,,,,,,,,,,,,,,,,,,,,,,,,,,,,,embroidery,back,200,200,6,Vector or DST,Default maximum for the category — confirm per product.,,,,,,,,,,,
decoration,MP-0146,,,,,,,,,,,,,,,,,,,,,,,,,,,,,,,,,,,,embroidery,left_chest,90,90,6,Vector or DST,Default maximum for the category — confirm per product.,,,,,,,,,,,
decoration,MP-0146,,,,,,,,,,,,,,,,,,,,,,,,,,,,,,,,,,,,embroidery,sleeve,70,70,6,Vector or DST,Default maximum for the category — confirm per product.,,,,,,,,,,,
decoration,MP-0146,,,,,,,,,,,,,,,,,,,,,,,,,,,,,,,,,,,,screen,front,300,400,4,Vector,Default maximum for the category — confirm per product.,,,,,,,,,,,
decoration,MP-0146,,,,,,,,,,,,,,,,,,,,,,,,,,,,,,,,,,,,screen,back,320,420,4,Vector,Default maximum for the category — confirm per product.,,,,,,,,,,,
decoration,MP-0146,,,,,,,,,,,,,,,,,,,,,,,,,,,,,,,,,,,,screen,left_chest,100,100,4,Vector,Default maximum for the category — confirm per product.,,,,,,,,,,,
decoration,MP-0146,,,,,,,,,,,,,,,,,,,,,,,,,,,,,,,,,,,,screen,sleeve,80,300,4,Vector,Default maximum for the category — confirm per product.,,,,,,,,,,,
decoration,MP-0146,,,,,,,,,,,,,,,,,,,,,,,,,,,,,,,,,,,,dtf,front,300,400,4,Vector,Default maximum for the category — confirm per product.,,,,,,,,,,,
decoration,MP-0146,,,,,,,,,,,,,,,,,,,,,,,,,,,,,,,,,,,,dtf,back,320,420,4,Vector,Default maximum for the category — confirm per product.,,,,,,,,,,,
decoration,MP-0146,,,,,,,,,,,,,,,,,,,,,,,,,,,,,,,,,,,,dtf,left_chest,100,100,4,Vector,Default maximum for the category — confirm per product.,,,,,,,,,,,
decoration,MP-0146,,,,,,,,,,,,,,,,,,,,,,,,,,,,,,,,,,,,dtf,sleeve,80,300,4,Vector,Default maximum for the category — confirm per product.,,,,,,,,,,,
decoration,MP-0146,,,,,,,,,,,,,,,,,,,,,,,,,,,,,,,,,,,,dtg,front,300,400,4,Vector,Default maximum for the category — confirm per product.,,,,,,,,,,,
decoration,MP-0146,,,,,,,,,,,,,,,,,,,,,,,,,,,,,,,,,,,,dtg,back,320,420,4,Vector,Default maximum for the category — confirm per product.,,,,,,,,,,,
decoration,MP-0146,,,,,,,,,,,,,,,,,,,,,,,,,,,,,,,,,,,,dtg,left_chest,100,100,4,Vector,Default maximum for the category — confirm per product.,,,,,,,,,,,
decoration,MP-0146,,,,,,,,,,,,,,,,,,,,,,,,,,,,,,,,,,,,dtg,sleeve,80,300,4,Vector,Default maximum for the category — confirm per product.,,,,,,,,,,,
product,MP-0147,crafter,Crafter,T-shirts,published,25,EUR,24.59,21.43,18.40,15.99,14.84,6.10,3,5,c002|c001|c727|c250|c054|c143|c013|c005|c038|c360|c151|c244|c004|c063|c134|c359|c230|c728|c053|c156|c232|c710|c724|c137|c100|c224|c060|c059|c047|c223|c204|c133|c078|c730|c135|c028|c504|c147|c715|c253|c651,XXS|XS|S|M|L|XL|XXL|3XL|4XL|5XL,embroidery|screen|dtf|dtg,front|back|left_chest|sleeve,yes,"Shell: Single Jersey, 100% Cotton - Organic Ring Spun Combed, Fabric washed","Shell: Single Jersey, 100% Cotton - Organic Ring Spun Combed, Fabric washed",155,,,,Stanley/Stella,STTU170,,,,,,,,,,,,,,,cost 6.10; worst-case decoration 5.86 at 100; market blank 5.70; ours 3.23x market,,,,,,,,,,,
variant,MP-0147,,,,published,,,,,,,,,,,,,,,,,,,,,,,,c002,MP0147-C002,0.00,,,,,,,,,,,,,,,,,,,,,,,
variant,MP-0147,,,,published,,,,,,,,,,,,,,,,,,,,,,,,c001,MP0147-C001,0.00,,,,,,,,,,,,,,,,,,,,,,,
variant,MP-0147,,,,published,,,,,,,,,,,,,,,,,,,,,,,,c727,MP0147-C727,0.00,,,,,,,,,,,,,,,,,,,,,,,
variant,MP-0147,,,,published,,,,,,,,,,,,,,,,,,,,,,,,c250,MP0147-C250,0.00,,,,,,,,,,,,,,,,,,,,,,,
variant,MP-0147,,,,published,,,,,,,,,,,,,,,,,,,,,,,,c054,MP0147-C054,0.00,,,,,,,,,,,,,,,,,,,,,,,
variant,MP-0147,,,,published,,,,,,,,,,,,,,,,,,,,,,,,c143,MP0147-C143,0.00,,,,,,,,,,,,,,,,,,,,,,,
variant,MP-0147,,,,published,,,,,,,,,,,,,,,,,,,,,,,,c013,MP0147-C013,0.00,,,,,,,,,,,,,,,,,,,,,,,
variant,MP-0147,,,,published,,,,,,,,,,,,,,,,,,,,,,,,c005,MP0147-C005,0.00,,,,,,,,,,,,,,,,,,,,,,,
variant,MP-0147,,,,published,,,,,,,,,,,,,,,,,,,,,,,,c038,MP0147-C038,0.00,,,,,,,,,,,,,,,,,,,,,,,
variant,MP-0147,,,,published,,,,,,,,,,,,,,,,,,,,,,,,c360,MP0147-C360,0.00,,,,,,,,,,,,,,,,,,,,,,,
variant,MP-0147,,,,published,,,,,,,,,,,,,,,,,,,,,,,,c151,MP0147-C151,0.00,,,,,,,,,,,,,,,,,,,,,,,
variant,MP-0147,,,,published,,,,,,,,,,,,,,,,,,,,,,,,c244,MP0147-C244,0.00,,,,,,,,,,,,,,,,,,,,,,,
variant,MP-0147,,,,published,,,,,,,,,,,,,,,,,,,,,,,,c004,MP0147-C004,0.00,,,,,,,,,,,,,,,,,,,,,,,
variant,MP-0147,,,,published,,,,,,,,,,,,,,,,,,,,,,,,c063,MP0147-C063,0.00,,,,,,,,,,,,,,,,,,,,,,,
variant,MP-0147,,,,published,,,,,,,,,,,,,,,,,,,,,,,,c134,MP0147-C134,0.00,,,,,,,,,,,,,,,,,,,,,,,
variant,MP-0147,,,,published,,,,,,,,,,,,,,,,,,,,,,,,c359,MP0147-C359,0.00,,,,,,,,,,,,,,,,,,,,,,,
variant,MP-0147,,,,published,,,,,,,,,,,,,,,,,,,,,,,,c230,MP0147-C230,0.00,,,,,,,,,,,,,,,,,,,,,,,
variant,MP-0147,,,,published,,,,,,,,,,,,,,,,,,,,,,,,c728,MP0147-C728,0.00,,,,,,,,,,,,,,,,,,,,,,,
variant,MP-0147,,,,published,,,,,,,,,,,,,,,,,,,,,,,,c053,MP0147-C053,0.00,,,,,,,,,,,,,,,,,,,,,,,
variant,MP-0147,,,,published,,,,,,,,,,,,,,,,,,,,,,,,c156,MP0147-C156,0.00,,,,,,,,,,,,,,,,,,,,,,,
variant,MP-0147,,,,published,,,,,,,,,,,,,,,,,,,,,,,,c232,MP0147-C232,0.00,,,,,,,,,,,,,,,,,,,,,,,
variant,MP-0147,,,,published,,,,,,,,,,,,,,,,,,,,,,,,c710,MP0147-C710,0.00,,,,,,,,,,,,,,,,,,,,,,,
variant,MP-0147,,,,published,,,,,,,,,,,,,,,,,,,,,,,,c724,MP0147-C724,0.00,,,,,,,,,,,,,,,,,,,,,,,
variant,MP-0147,,,,published,,,,,,,,,,,,,,,,,,,,,,,,c137,MP0147-C137,0.00,,,,,,,,,,,,,,,,,,,,,,,
variant,MP-0147,,,,published,,,,,,,,,,,,,,,,,,,,,,,,c100,MP0147-C100,0.00,,,,,,,,,,,,,,,,,,,,,,,
variant,MP-0147,,,,published,,,,,,,,,,,,,,,,,,,,,,,,c224,MP0147-C224,0.00,,,,,,,,,,,,,,,,,,,,,,,
variant,MP-0147,,,,published,,,,,,,,,,,,,,,,,,,,,,,,c060,MP0147-C060,0.00,,,,,,,,,,,,,,,,,,,,,,,
variant,MP-0147,,,,published,,,,,,,,,,,,,,,,,,,,,,,,c059,MP0147-C059,0.00,,,,,,,,,,,,,,,,,,,,,,,
variant,MP-0147,,,,published,,,,,,,,,,,,,,,,,,,,,,,,c047,MP0147-C047,0.00,,,,,,,,,,,,,,,,,,,,,,,
variant,MP-0147,,,,published,,,,,,,,,,,,,,,,,,,,,,,,c223,MP0147-C223,0.00,,,,,,,,,,,,,,,,,,,,,,,
variant,MP-0147,,,,published,,,,,,,,,,,,,,,,,,,,,,,,c204,MP0147-C204,0.00,,,,,,,,,,,,,,,,,,,,,,,
variant,MP-0147,,,,published,,,,,,,,,,,,,,,,,,,,,,,,c133,MP0147-C133,0.00,,,,,,,,,,,,,,,,,,,,,,,
variant,MP-0147,,,,published,,,,,,,,,,,,,,,,,,,,,,,,c078,MP0147-C078,0.00,,,,,,,,,,,,,,,,,,,,,,,
variant,MP-0147,,,,published,,,,,,,,,,,,,,,,,,,,,,,,c730,MP0147-C730,0.00,,,,,,,,,,,,,,,,,,,,,,,
variant,MP-0147,,,,published,,,,,,,,,,,,,,,,,,,,,,,,c135,MP0147-C135,0.00,,,,,,,,,,,,,,,,,,,,,,,
variant,MP-0147,,,,published,,,,,,,,,,,,,,,,,,,,,,,,c028,MP0147-C028,0.00,,,,,,,,,,,,,,,,,,,,,,,
variant,MP-0147,,,,published,,,,,,,,,,,,,,,,,,,,,,,,c504,MP0147-C504,0.00,,,,,,,,,,,,,,,,,,,,,,,
variant,MP-0147,,,,published,,,,,,,,,,,,,,,,,,,,,,,,c147,MP0147-C147,0.00,,,,,,,,,,,,,,,,,,,,,,,
variant,MP-0147,,,,published,,,,,,,,,,,,,,,,,,,,,,,,c715,MP0147-C715,0.00,,,,,,,,,,,,,,,,,,,,,,,
variant,MP-0147,,,,published,,,,,,,,,,,,,,,,,,,,,,,,c253,MP0147-C253,0.00,,,,,,,,,,,,,,,,,,,,,,,
variant,MP-0147,,,,published,,,,,,,,,,,,,,,,,,,,,,,,c651,MP0147-C651,0.00,,,,,,,,,,,,,,,,,,,,,,,
image,MP-0147,,,,,,,,,,,,,,,,,,,,,,,,,,,,,,,,,"https://res.cloudinary.com/www-stanleystella-com/image/upload/c_lpad,w_1600,f_auto,q_auto/v1/TechnicalNames/SFC5_STTU170_C002.jpg?_i=AB",Crafter in Black,1,,,,,,,,,,,,,,,,,,
image,MP-0147,,,,,,,,,,,,,,,,,,,,,,,,,,,,c001,,,,,"https://res.cloudinary.com/www-stanleystella-com/image/upload/c_lpad,w_1600,f_auto,q_auto/v1/TechnicalNames/SFC5_STTU170_C001.jpg?_i=AB",Crafter in White,2,,,,,,,,,,,,,,,,,,
image,MP-0147,,,,,,,,,,,,,,,,,,,,,,,,,,,,c727,,,,,"https://res.cloudinary.com/www-stanleystella-com/image/upload/c_lpad,w_1600,f_auto,q_auto/v1/TechnicalNames/SFC0_STTU170_C727.jpg?_i=AB",Crafter in French Navy,3,,,,,,,,,,,,,,,,,,
image,MP-0147,,,,,,,,,,,,,,,,,,,,,,,,,,,,c250,,,,,"https://res.cloudinary.com/www-stanleystella-com/image/upload/c_lpad,w_1600,f_auto,q_auto/v1/TechnicalNames/SFC5_STTU170_C250.jpg?_i=AB",Crafter in Heather Grey,4,,,,,,,,,,,,,,,,,,
image,MP-0147,,,,,,,,,,,,,,,,,,,,,,,,,,,,c054,,,,,"https://res.cloudinary.com/www-stanleystella-com/image/upload/c_lpad,w_1600,f_auto,q_auto/v1/TechnicalNames/SFC5_STTU170_C054.jpg?_i=AB",Crafter in Natural Raw,5,,,,,,,,,,,,,,,,,,
image,MP-0147,,,,,,,,,,,,,,,,,,,,,,,,,,,,c143,,,,,"https://res.cloudinary.com/www-stanleystella-com/image/upload/c_lpad,w_1600,f_auto,q_auto/v1/TechnicalNames/PFD0_STTU170_C143.jpg?_i=AB",Crafter in Fiesta,6,,,,,,,,,,,,,,,,,,
image,MP-0147,,,,,,,,,,,,,,,,,,,,,,,,,,,,c013,,,,,"https://res.cloudinary.com/www-stanleystella-com/image/upload/c_lpad,w_1600,f_auto,q_auto/v1/TechnicalNames/PFD0_STTU170_C013.jpg?_i=AB",Crafter in Bright Orange,7,,,,,,,,,,,,,,,,,,
image,MP-0147,,,,,,,,,,,,,,,,,,,,,,,,,,,,c005,,,,,"https://res.cloudinary.com/www-stanleystella-com/image/upload/c_lpad,w_1600,f_auto,q_auto/v1/TechnicalNames/PFD0_STTU170_C005.jpg?_i=AB",Crafter in Cotton Pink,8,,,,,,,,,,,,,,,,,,
image,MP-0147,,,,,,,,,,,,,,,,,,,,,,,,,,,,c038,,,,,"https://res.cloudinary.com/www-stanleystella-com/image/upload/c_lpad,w_1600,f_auto,q_auto/v1/TechnicalNames/PFD0_STTU170_C038.jpg?_i=AB",Crafter in Canyon Pink,9,,,,,,,,,,,,,,,,,,
image,MP-0147,,,,,,,,,,,,,,,,,,,,,,,,,,,,c360,,,,,"https://res.cloudinary.com/www-stanleystella-com/image/upload/c_lpad,w_1600,f_auto,q_auto/v1/TechnicalNames/PBM0_STTU170_C360.jpg?_i=AB",Crafter in Pink Joy,10,,,,,,,,,,,,,,,,,,
image,MP-0147,,,,,,,,,,,,,,,,,,,,,,,,,,,,c151,,,,,"https://res.cloudinary.com/www-stanleystella-com/image/upload/c_lpad,w_1600,f_auto,q_auto/v1/TechnicalNames/SBM5_STTU170_C151.jpg?_i=AB",Crafter in Deep Plum,11,,,,,,,,,,,,,,,,,,
image,MP-0147,,,,,,,,,,,,,,,,,,,,,,,,,,,,c244,,,,,"https://res.cloudinary.com/www-stanleystella-com/image/upload/c_lpad,w_1600,f_auto,q_auto/v1/TechnicalNames/SFC5_STTU170_C244.jpg?_i=AB",Crafter in Burgundy,12,,,,,,,,,,,,,,,,,,
image,MP-0147,,,,,,,,,,,,,,,,,,,,,,,,,,,,c004,,,,,"https://res.cloudinary.com/www-stanleystella-com/image/upload/c_lpad,w_1600,f_auto,q_auto/v1/TechnicalNames/SFC5_STTU170_C004.jpg?_i=AB",Crafter in Red,13,,,,,,,,,,,,,,,,,,
image,MP-0147,,,,,,,,,,,,,,,,,,,,,,,,,,,,c063,,,,,"https://res.cloudinary.com/www-stanleystella-com/image/upload/c_lpad,w_1600,f_auto,q_auto/v1/TechnicalNames/PFD0_STTU170_C063.jpg?_i=AB",Crafter in Lavender,14,,,,,,,,,,,,,,,,,,
image,MP-0147,,,,,,,,,,,,,,,,,,,,,,,,,,,,c134,,,,,"https://res.cloudinary.com/www-stanleystella-com/image/upload/c_lpad,w_1600,f_auto,q_auto/v1/TechnicalNames/PBM0_STTU170_C134.jpg?_i=AB",Crafter in Violet,15,,,,,,,,,,,,,,,,,,
image,MP-0147,,,,,,,,,,,,,,,,,,,,,,,,,,,,c359,,,,,"https://res.cloudinary.com/www-stanleystella-com/image/upload/c_lpad,w_1600,f_auto,q_auto/v1/TechnicalNames/PBM0_STTU170_C359.jpg?_i=AB",Crafter in Dusk,16,,,,,,,,,,,,,,,,,,
image,MP-0147,,,,,,,,,,,,,,,,,,,,,,,,,,,,c230,,,,,"https://res.cloudinary.com/www-stanleystella-com/image/upload/c_lpad,w_1600,f_auto,q_auto/v1/TechnicalNames/PFD0_STTU170_C230.jpg?_i=AB",Crafter in Royal Blue,17,,,,,,,,,,,,,,,,,,
image,MP-0147,,,,,,,,,,,,,,,,,,,,,,,,,,,,c728,,,,,"https://res.cloudinary.com/www-stanleystella-com/image/upload/c_lpad,w_1600,f_auto,q_auto/v1/TechnicalNames/DFM0_STTU170_C728.jpg?_i=AB",Crafter in Blue Ice,18,,,,,,,,,,,,,,,,,,
image,MP-0147,,,,,,,,,,,,,,,,,,,,,,,,,,,,c053,,,,,"https://res.cloudinary.com/www-stanleystella-com/image/upload/c_lpad,w_1600,f_auto,q_auto/v1/TechnicalNames/PFD0_STTU170_C053.jpg?_i=AB",Crafter in Bright Blue,19,,,,,,,,,,,,,,,,,,
image,MP-0147,,,,,,,,,,,,,,,,,,,,,,,,,,,,c156,,,,,"https://res.cloudinary.com/www-stanleystella-com/image/upload/c_lpad,w_1600,f_auto,q_auto/v1/TechnicalNames/SFM0_STTU170_C156.jpg?_i=AB",Crafter in Blue Grey,20,,,,,,,,,,,,,,,,,,
image,MP-0147,,,,,,,,,,,,,,,,,,,,,,,,,,,,c232,,,,,"https://res.cloudinary.com/www-stanleystella-com/image/upload/c_lpad,w_1600,f_auto,q_auto/v1/TechnicalNames/PFD0_STTU170_C232.jpg?_i=AB",Crafter in Sky blue,21,,,,,,,,,,,,,,,,,,
image,MP-0147,,,,,,,,,,,,,,,,,,,,,,,,,,,,c710,,,,,"https://res.cloudinary.com/www-stanleystella-com/image/upload/c_lpad,w_1600,f_auto,q_auto/v1/TechnicalNames/PFD0_STTU170_C710.jpg?_i=AB",Crafter in Ocean Depth,22,,,,,,,,,,,,,,,,,,
image,MP-0147,,,,,,,,,,,,,,,,,,,,,,,,,,,,c724,,,,,"https://res.cloudinary.com/www-stanleystella-com/image/upload/c_lpad,w_1600,f_auto,q_auto/v1/TechnicalNames/PFD0_STTU170_C724.jpg?_i=AB",Crafter in Caribbean Blue,23,,,,,,,,,,,,,,,,,,
image,MP-0147,,,,,,,,,,,,,,,,,,,,,,,,,,,,c137,,,,,"https://res.cloudinary.com/www-stanleystella-com/image/upload/c_lpad,w_1600,f_auto,q_auto/v1/TechnicalNames/PBM0_STTU170_C137.jpg?_i=AB",Crafter in Verdant Green,24,,,,,,,,,,,,,,,,,,
image,MP-0147,,,,,,,,,,,,,,,,,,,,,,,,,,,,c100,,,,,"https://res.cloudinary.com/www-stanleystella-com/image/upload/c_lpad,w_1600,f_auto,q_auto/v1/TechnicalNames/PFD0_STTU170_C100.jpg?_i=AB",Crafter in Go Green,25,,,,,,,,,,,,,,,,,,
image,MP-0147,,,,,,,,,,,,,,,,,,,,,,,,,,,,c224,,,,,"https://res.cloudinary.com/www-stanleystella-com/image/upload/c_lpad,w_1600,f_auto,q_auto/v1/TechnicalNames/PFD0_STTU170_C224.jpg?_i=AB",Crafter in Bottle Green,26,,,,,,,,,,,,,,,,,,
image,MP-0147,,,,,,,,,,,,,,,,,,,,,,,,,,,,c060,,,,,"https://res.cloudinary.com/www-stanleystella-com/image/upload/c_lpad,w_1600,f_auto,q_auto/v1/TechnicalNames/PFD0_STTU170_C060.jpg?_i=AB",Crafter in Teal Monstera,27,,,,,,,,,,,,,,,,,,
image,MP-0147,,,,,,,,,,,,,,,,,,,,,,,,,,,,c059,,,,,"https://res.cloudinary.com/www-stanleystella-com/image/upload/c_lpad,w_1600,f_auto,q_auto/v1/TechnicalNames/PFD0_STTU170_C059.jpg?_i=AB",Crafter in Stem Green,28,,,,,,,,,,,,,,,,,,
image,MP-0147,,,,,,,,,,,,,,,,,,,,,,,,,,,,c047,,,,,"https://res.cloudinary.com/www-stanleystella-com/image/upload/c_lpad,w_1600,f_auto,q_auto/v1/TechnicalNames/PFD0_STTU170_C047.jpg?_i=AB",Crafter in Sage,29,,,,,,,,,,,,,,,,,,
image,MP-0147,,,,,,,,,,,,,,,,,,,,,,,,,,,,c223,,,,,"https://res.cloudinary.com/www-stanleystella-com/image/upload/c_lpad,w_1600,f_auto,q_auto/v1/TechnicalNames/SFC5_STTU170_C223.jpg?_i=AB",Crafter in Khaki,30,,,,,,,,,,,,,,,,,,
image,MP-0147,,,,,,,,,,,,,,,,,,,,,,,,,,,,c204,,,,,"https://res.cloudinary.com/www-stanleystella-com/image/upload/c_lpad,w_1600,f_auto,q_auto/v1/TechnicalNames/PFD0_STTU170_C204.jpg?_i=AB",Crafter in Spectra Yellow,31,,,,,,,,,,,,,,,,,,
image,MP-0147,,,,,,,,,,,,,,,,,,,,,,,,,,,,c133,,,,,"https://res.cloudinary.com/www-stanleystella-com/image/upload/c_lpad,w_1600,f_auto,q_auto/v1/TechnicalNames/PBM0_STTU170_C133.jpg?_i=AB",Crafter in Lemon Sorbet,32,,,,,,,,,,,,,,,,,,
image,MP-0147,,,,,,,,,,,,,,,,,,,,,,,,,,,,c078,,,,,"https://res.cloudinary.com/www-stanleystella-com/image/upload/c_lpad,w_1600,f_auto,q_auto/v1/TechnicalNames/PFD0_STTU170_C078.jpg?_i=AB",Crafter in Butter,33,,,,,,,,,,,,,,,,,,
image,MP-0147,,,,,,,,,,,,,,,,,,,,,,,,,,,,c730,,,,,"https://res.cloudinary.com/www-stanleystella-com/image/upload/c_lpad,w_1600,f_auto,q_auto/v1/TechnicalNames/SBM0_STTU170_C730.jpg?_i=AB",Crafter in Heritage Brown,34,,,,,,,,,,,,,,,,,,
image,MP-0147,,,,,,,,,,,,,,,,,,,,,,,,,,,,c135,,,,,"https://res.cloudinary.com/www-stanleystella-com/image/upload/c_lpad,w_1600,f_auto,q_auto/v1/TechnicalNames/PBM0_STTU170_C135.jpg?_i=AB",Crafter in Mocha,35,,,,,,,,,,,,,,,,,,
image,MP-0147,,,,,,,,,,,,,,,,,,,,,,,,,,,,c028,,,,,"https://res.cloudinary.com/www-stanleystella-com/image/upload/c_lpad,w_1600,f_auto,q_auto/v1/TechnicalNames/SBM0_STTU170_C028.jpg?_i=AB",Crafter in Desert Dust,36,,,,,,,,,,,,,,,,,,
image,MP-0147,,,,,,,,,,,,,,,,,,,,,,,,,,,,c504,,,,,"https://res.cloudinary.com/www-stanleystella-com/image/upload/c_lpad,w_1600,f_auto,q_auto/v1/TechnicalNames/PFD0_STTU170_C504.jpg?_i=AB",Crafter in Vintage White,37,,,,,,,,,,,,,,,,,,
image,MP-0147,,,,,,,,,,,,,,,,,,,,,,,,,,,,c147,,,,,"https://res.cloudinary.com/www-stanleystella-com/image/upload/c_lpad,w_1600,f_auto,q_auto/v1/TechnicalNames/PFD0_STTU170_C147.jpg?_i=AB",Crafter in Eco-Heather,38,,,,,,,,,,,,,,,,,,
image,MP-0147,,,,,,,,,,,,,,,,,,,,,,,,,,,,c715,,,,,"https://res.cloudinary.com/www-stanleystella-com/image/upload/c_lpad,w_1600,f_auto,q_auto/v1/TechnicalNames/PFD0_STTU170_C715.jpg?_i=AB",Crafter in India Ink Grey,39,,,,,,,,,,,,,,,,,,
image,MP-0147,,,,,,,,,,,,,,,,,,,,,,,,,,,,c253,,,,,"https://res.cloudinary.com/www-stanleystella-com/image/upload/c_lpad,w_1600,f_auto,q_auto/v1/TechnicalNames/SFC6_STTU170_C253.jpg?_i=AB",Crafter in Anthracite,40,,,,,,,,,,,,,,,,,,
image,MP-0147,,,,,,,,,,,,,,,,,,,,,,,,,,,,c651,,,,,"https://res.cloudinary.com/www-stanleystella-com/image/upload/c_lpad,w_1600,f_auto,q_auto/v1/TechnicalNames/PFD0_STTU170_C651.jpg?_i=AB",Crafter in Dark Heather Grey,41,,,,,,,,,,,,,,,,,,
decoration,MP-0147,,,,,,,,,,,,,,,,,,,,,,,,,,,,,,,,,,,,embroidery,front,160,160,6,Vector or DST,Default maximum for the category — confirm per product.,,,,,,,,,,,
decoration,MP-0147,,,,,,,,,,,,,,,,,,,,,,,,,,,,,,,,,,,,embroidery,back,200,200,6,Vector or DST,Default maximum for the category — confirm per product.,,,,,,,,,,,
decoration,MP-0147,,,,,,,,,,,,,,,,,,,,,,,,,,,,,,,,,,,,embroidery,left_chest,90,90,6,Vector or DST,Default maximum for the category — confirm per product.,,,,,,,,,,,
decoration,MP-0147,,,,,,,,,,,,,,,,,,,,,,,,,,,,,,,,,,,,embroidery,sleeve,70,70,6,Vector or DST,Default maximum for the category — confirm per product.,,,,,,,,,,,
decoration,MP-0147,,,,,,,,,,,,,,,,,,,,,,,,,,,,,,,,,,,,screen,front,300,400,4,Vector,Default maximum for the category — confirm per product.,,,,,,,,,,,
decoration,MP-0147,,,,,,,,,,,,,,,,,,,,,,,,,,,,,,,,,,,,screen,back,320,420,4,Vector,Default maximum for the category — confirm per product.,,,,,,,,,,,
decoration,MP-0147,,,,,,,,,,,,,,,,,,,,,,,,,,,,,,,,,,,,screen,left_chest,100,100,4,Vector,Default maximum for the category — confirm per product.,,,,,,,,,,,
decoration,MP-0147,,,,,,,,,,,,,,,,,,,,,,,,,,,,,,,,,,,,screen,sleeve,80,300,4,Vector,Default maximum for the category — confirm per product.,,,,,,,,,,,
decoration,MP-0147,,,,,,,,,,,,,,,,,,,,,,,,,,,,,,,,,,,,dtf,front,300,400,4,Vector,Default maximum for the category — confirm per product.,,,,,,,,,,,
decoration,MP-0147,,,,,,,,,,,,,,,,,,,,,,,,,,,,,,,,,,,,dtf,back,320,420,4,Vector,Default maximum for the category — confirm per product.,,,,,,,,,,,
decoration,MP-0147,,,,,,,,,,,,,,,,,,,,,,,,,,,,,,,,,,,,dtf,left_chest,100,100,4,Vector,Default maximum for the category — confirm per product.,,,,,,,,,,,
decoration,MP-0147,,,,,,,,,,,,,,,,,,,,,,,,,,,,,,,,,,,,dtf,sleeve,80,300,4,Vector,Default maximum for the category — confirm per product.,,,,,,,,,,,
decoration,MP-0147,,,,,,,,,,,,,,,,,,,,,,,,,,,,,,,,,,,,dtg,front,300,400,4,Vector,Default maximum for the category — confirm per product.,,,,,,,,,,,
decoration,MP-0147,,,,,,,,,,,,,,,,,,,,,,,,,,,,,,,,,,,,dtg,back,320,420,4,Vector,Default maximum for the category — confirm per product.,,,,,,,,,,,
decoration,MP-0147,,,,,,,,,,,,,,,,,,,,,,,,,,,,,,,,,,,,dtg,left_chest,100,100,4,Vector,Default maximum for the category — confirm per product.,,,,,,,,,,,
decoration,MP-0147,,,,,,,,,,,,,,,,,,,,,,,,,,,,,,,,,,,,dtg,sleeve,80,300,4,Vector,Default maximum for the category — confirm per product.,,,,,,,,,,,
product,MP-0148,crafter-vintage,Crafter Vintage,T-shirts,published,25,EUR,27.29,24.13,21.10,18.68,17.53,7.85,3,5,c174|c130|c103|c102|c109|c141|c157|c140,XXS|XS|S|M|L|XL|XXL|3XL,embroidery|screen|dtf|dtg,front|back|left_chest|sleeve,yes,"Shell: Single Jersey, 100% Cotton - Organic Ring Spun Combed, Garment dyed","Shell: Single Jersey, 100% Cotton - Organic Ring Spun Combed, Garment dyed",155,,,,Stanley/Stella,STTU976,,,,,,,,,,,,,,,cost 7.85; worst-case decoration 5.86 at 100; market blank 9.85; ours 2.14x market,,,,,,,,,,,
variant,MP-0148,,,,published,,,,,,,,,,,,,,,,,,,,,,,,c174,MP0148-C174,0.00,,,,,,,,,,,,,,,,,,,,,,,
variant,MP-0148,,,,published,,,,,,,,,,,,,,,,,,,,,,,,c130,MP0148-C130,0.00,,,,,,,,,,,,,,,,,,,,,,,
variant,MP-0148,,,,published,,,,,,,,,,,,,,,,,,,,,,,,c103,MP0148-C103,0.00,,,,,,,,,,,,,,,,,,,,,,,
variant,MP-0148,,,,published,,,,,,,,,,,,,,,,,,,,,,,,c102,MP0148-C102,0.00,,,,,,,,,,,,,,,,,,,,,,,
variant,MP-0148,,,,published,,,,,,,,,,,,,,,,,,,,,,,,c109,MP0148-C109,0.00,,,,,,,,,,,,,,,,,,,,,,,
variant,MP-0148,,,,published,,,,,,,,,,,,,,,,,,,,,,,,c141,MP0148-C141,0.00,,,,,,,,,,,,,,,,,,,,,,,
variant,MP-0148,,,,published,,,,,,,,,,,,,,,,,,,,,,,,c157,MP0148-C157,0.00,,,,,,,,,,,,,,,,,,,,,,,
variant,MP-0148,,,,published,,,,,,,,,,,,,,,,,,,,,,,,c140,MP0148-C140,0.00,,,,,,,,,,,,,,,,,,,,,,,
image,MP-0148,,,,,,,,,,,,,,,,,,,,,,,,,,,,,,,,,"https://res.cloudinary.com/www-stanleystella-com/image/upload/c_lpad,w_1600,f_auto,q_auto/v1/TechnicalNames/SBM0_STTU976_C174.jpg?_i=AB",Crafter Vintage in G.Dyed Mocha,1,,,,,,,,,,,,,,,,,,
image,MP-0148,,,,,,,,,,,,,,,,,,,,,,,,,,,,c130,,,,,"https://res.cloudinary.com/www-stanleystella-com/image/upload/c_lpad,w_1600,f_auto,q_auto/v1/TechnicalNames/PFD0_STTU976_C130.jpg?_i=AB",Crafter Vintage in G. Dyed Bubble Pink,2,,,,,,,,,,,,,,,,,,
image,MP-0148,,,,,,,,,,,,,,,,,,,,,,,,,,,,c103,,,,,"https://res.cloudinary.com/www-stanleystella-com/image/upload/c_lpad,w_1600,f_auto,q_auto/v1/TechnicalNames/PFD0_STTU976_C103.jpg?_i=AB",Crafter Vintage in G. Dyed Swimmer Blue,3,,,,,,,,,,,,,,,,,,
image,MP-0148,,,,,,,,,,,,,,,,,,,,,,,,,,,,c102,,,,,"https://res.cloudinary.com/www-stanleystella-com/image/upload/c_lpad,w_1600,f_auto,q_auto/v1/TechnicalNames/PFD0_STTU976_C102.jpg?_i=AB",Crafter Vintage in G. Dyed Hydro,4,,,,,,,,,,,,,,,,,,
image,MP-0148,,,,,,,,,,,,,,,,,,,,,,,,,,,,c109,,,,,"https://res.cloudinary.com/www-stanleystella-com/image/upload/c_lpad,w_1600,f_auto,q_auto/v1/TechnicalNames/PFD0_STTU976_C109.jpg?_i=AB",Crafter Vintage in G. Dyed Khaki,5,,,,,,,,,,,,,,,,,,
image,MP-0148,,,,,,,,,,,,,,,,,,,,,,,,,,,,c141,,,,,"https://res.cloudinary.com/www-stanleystella-com/image/upload/c_lpad,w_1600,f_auto,q_auto/v1/TechnicalNames/PFD0_STTU976_C141.jpg?_i=AB",Crafter Vintage in G. Dyed Gold Ochre,6,,,,,,,,,,,,,,,,,,
image,MP-0148,,,,,,,,,,,,,,,,,,,,,,,,,,,,c157,,,,,"https://res.cloudinary.com/www-stanleystella-com/image/upload/c_lpad,w_1600,f_auto,q_auto/v1/TechnicalNames/SFM0_STTU976_C157.jpg?_i=AB",Crafter Vintage in G. Dyed Misty Grey,7,,,,,,,,,,,,,,,,,,
image,MP-0148,,,,,,,,,,,,,,,,,,,,,,,,,,,,c140,,,,,"https://res.cloudinary.com/www-stanleystella-com/image/upload/c_lpad,w_1600,f_auto,q_auto/v1/TechnicalNames/PFD0_STTU976_C140.jpg?_i=AB",Crafter Vintage in G. Dyed Black Rock,8,,,,,,,,,,,,,,,,,,
decoration,MP-0148,,,,,,,,,,,,,,,,,,,,,,,,,,,,,,,,,,,,embroidery,front,160,160,6,Vector or DST,Default maximum for the category — confirm per product.,,,,,,,,,,,
decoration,MP-0148,,,,,,,,,,,,,,,,,,,,,,,,,,,,,,,,,,,,embroidery,back,200,200,6,Vector or DST,Default maximum for the category — confirm per product.,,,,,,,,,,,
decoration,MP-0148,,,,,,,,,,,,,,,,,,,,,,,,,,,,,,,,,,,,embroidery,left_chest,90,90,6,Vector or DST,Default maximum for the category — confirm per product.,,,,,,,,,,,
decoration,MP-0148,,,,,,,,,,,,,,,,,,,,,,,,,,,,,,,,,,,,embroidery,sleeve,70,70,6,Vector or DST,Default maximum for the category — confirm per product.,,,,,,,,,,,
decoration,MP-0148,,,,,,,,,,,,,,,,,,,,,,,,,,,,,,,,,,,,screen,front,300,400,4,Vector,Default maximum for the category — confirm per product.,,,,,,,,,,,
decoration,MP-0148,,,,,,,,,,,,,,,,,,,,,,,,,,,,,,,,,,,,screen,back,320,420,4,Vector,Default maximum for the category — confirm per product.,,,,,,,,,,,
decoration,MP-0148,,,,,,,,,,,,,,,,,,,,,,,,,,,,,,,,,,,,screen,left_chest,100,100,4,Vector,Default maximum for the category — confirm per product.,,,,,,,,,,,
decoration,MP-0148,,,,,,,,,,,,,,,,,,,,,,,,,,,,,,,,,,,,screen,sleeve,80,300,4,Vector,Default maximum for the category — confirm per product.,,,,,,,,,,,
decoration,MP-0148,,,,,,,,,,,,,,,,,,,,,,,,,,,,,,,,,,,,dtf,front,300,400,4,Vector,Default maximum for the category — confirm per product.,,,,,,,,,,,
decoration,MP-0148,,,,,,,,,,,,,,,,,,,,,,,,,,,,,,,,,,,,dtf,back,320,420,4,Vector,Default maximum for the category — confirm per product.,,,,,,,,,,,
decoration,MP-0148,,,,,,,,,,,,,,,,,,,,,,,,,,,,,,,,,,,,dtf,left_chest,100,100,4,Vector,Default maximum for the category — confirm per product.,,,,,,,,,,,
decoration,MP-0148,,,,,,,,,,,,,,,,,,,,,,,,,,,,,,,,,,,,dtf,sleeve,80,300,4,Vector,Default maximum for the category — confirm per product.,,,,,,,,,,,
decoration,MP-0148,,,,,,,,,,,,,,,,,,,,,,,,,,,,,,,,,,,,dtg,front,300,400,4,Vector,Default maximum for the category — confirm per product.,,,,,,,,,,,
decoration,MP-0148,,,,,,,,,,,,,,,,,,,,,,,,,,,,,,,,,,,,dtg,back,320,420,4,Vector,Default maximum for the category — confirm per product.,,,,,,,,,,,
decoration,MP-0148,,,,,,,,,,,,,,,,,,,,,,,,,,,,,,,,,,,,dtg,left_chest,100,100,4,Vector,Default maximum for the category — confirm per product.,,,,,,,,,,,
decoration,MP-0148,,,,,,,,,,,,,,,,,,,,,,,,,,,,,,,,,,,,dtg,sleeve,80,300,4,Vector,Default maximum for the category — confirm per product.,,,,,,,,,,,
product,MP-0149,creator-2-0,Creator 2.0,T-shirts,published,25,EUR,27.29,24.13,21.10,18.68,17.53,7.85,3,5,c172|c173|c171|c002|c001|c727|c250|c054|c143|c142|c101|c005|c129|c116|c151|c244|c150|c004|c355|c063|c115|c088|c728|c149|c145|c053|c729|c652|c156|c089|c702|c136|c357|c137|c036|c144|c735|c223|c153|c204|c356|c155|c048|c730|c135|c112|c028|c358|c504|c018|c146|c147|c731|c650|c138|c715|c253|c651,XXS|XS|S|M|L|XL|XXL|3XL|4XL|5XL,embroidery|screen|dtf|dtg,front|back|left_chest|sleeve,yes,"Shell: Single Jersey, 100% Cotton - Organic Combed Ring Spun / Heather Haze: 70% Organic Cotton - 30% Recycled Cotton, Combed Ring Spun, Fabric washed","Shell: Single Jersey, 100% Cotton - Organic Combed Ring Spun / Heather Haze: 70% Organic Cotton - 30% Recycled Cotton, Combed Ring Spun, Fabric washed",180,,,,Stanley/Stella,STTU169,,,,,,,,,,,,,,,cost 7.85; worst-case decoration 5.86 at 100; market blank 6.96; ours 3.03x market,,,,,,,,,,,
variant,MP-0149,,,,published,,,,,,,,,,,,,,,,,,,,,,,,c172,MP0149-C172,0.00,,,,,,,,,,,,,,,,,,,,,,,
variant,MP-0149,,,,published,,,,,,,,,,,,,,,,,,,,,,,,c173,MP0149-C173,0.00,,,,,,,,,,,,,,,,,,,,,,,
variant,MP-0149,,,,published,,,,,,,,,,,,,,,,,,,,,,,,c171,MP0149-C171,0.00,,,,,,,,,,,,,,,,,,,,,,,
variant,MP-0149,,,,published,,,,,,,,,,,,,,,,,,,,,,,,c002,MP0149-C002,0.00,,,,,,,,,,,,,,,,,,,,,,,
variant,MP-0149,,,,published,,,,,,,,,,,,,,,,,,,,,,,,c001,MP0149-C001,0.00,,,,,,,,,,,,,,,,,,,,,,,
variant,MP-0149,,,,published,,,,,,,,,,,,,,,,,,,,,,,,c727,MP0149-C727,0.00,,,,,,,,,,,,,,,,,,,,,,,
variant,MP-0149,,,,published,,,,,,,,,,,,,,,,,,,,,,,,c250,MP0149-C250,0.00,,,,,,,,,,,,,,,,,,,,,,,
variant,MP-0149,,,,published,,,,,,,,,,,,,,,,,,,,,,,,c054,MP0149-C054,0.00,,,,,,,,,,,,,,,,,,,,,,,
variant,MP-0149,,,,published,,,,,,,,,,,,,,,,,,,,,,,,c143,MP0149-C143,0.00,,,,,,,,,,,,,,,,,,,,,,,
variant,MP-0149,,,,published,,,,,,,,,,,,,,,,,,,,,,,,c142,MP0149-C142,0.00,,,,,,,,,,,,,,,,,,,,,,,
variant,MP-0149,,,,published,,,,,,,,,,,,,,,,,,,,,,,,c101,MP0149-C101,0.00,,,,,,,,,,,,,,,,,,,,,,,
variant,MP-0149,,,,published,,,,,,,,,,,,,,,,,,,,,,,,c005,MP0149-C005,0.00,,,,,,,,,,,,,,,,,,,,,,,
variant,MP-0149,,,,published,,,,,,,,,,,,,,,,,,,,,,,,c129,MP0149-C129,0.00,,,,,,,,,,,,,,,,,,,,,,,
variant,MP-0149,,,,published,,,,,,,,,,,,,,,,,,,,,,,,c116,MP0149-C116,0.00,,,,,,,,,,,,,,,,,,,,,,,
variant,MP-0149,,,,published,,,,,,,,,,,,,,,,,,,,,,,,c151,MP0149-C151,0.00,,,,,,,,,,,,,,,,,,,,,,,
variant,MP-0149,,,,published,,,,,,,,,,,,,,,,,,,,,,,,c244,MP0149-C244,0.00,,,,,,,,,,,,,,,,,,,,,,,
variant,MP-0149,,,,published,,,,,,,,,,,,,,,,,,,,,,,,c150,MP0149-C150,0.00,,,,,,,,,,,,,,,,,,,,,,,
variant,MP-0149,,,,published,,,,,,,,,,,,,,,,,,,,,,,,c004,MP0149-C004,0.00,,,,,,,,,,,,,,,,,,,,,,,
variant,MP-0149,,,,published,,,,,,,,,,,,,,,,,,,,,,,,c355,MP0149-C355,0.00,,,,,,,,,,,,,,,,,,,,,,,
variant,MP-0149,,,,published,,,,,,,,,,,,,,,,,,,,,,,,c063,MP0149-C063,0.00,,,,,,,,,,,,,,,,,,,,,,,
variant,MP-0149,,,,published,,,,,,,,,,,,,,,,,,,,,,,,c115,MP0149-C115,0.00,,,,,,,,,,,,,,,,,,,,,,,
variant,MP-0149,,,,published,,,,,,,,,,,,,,,,,,,,,,,,c088,MP0149-C088,0.00,,,,,,,,,,,,,,,,,,,,,,,
variant,MP-0149,,,,published,,,,,,,,,,,,,,,,,,,,,,,,c728,MP0149-C728,0.00,,,,,,,,,,,,,,,,,,,,,,,
variant,MP-0149,,,,published,,,,,,,,,,,,,,,,,,,,,,,,c149,MP0149-C149,0.00,,,,,,,,,,,,,,,,,,,,,,,
variant,MP-0149,,,,published,,,,,,,,,,,,,,,,,,,,,,,,c145,MP0149-C145,0.00,,,,,,,,,,,,,,,,,,,,,,,
variant,MP-0149,,,,published,,,,,,,,,,,,,,,,,,,,,,,,c053,MP0149-C053,0.00,,,,,,,,,,,,,,,,,,,,,,,
variant,MP-0149,,,,published,,,,,,,,,,,,,,,,,,,,,,,,c729,MP0149-C729,0.00,,,,,,,,,,,,,,,,,,,,,,,
variant,MP-0149,,,,published,,,,,,,,,,,,,,,,,,,,,,,,c652,MP0149-C652,0.00,,,,,,,,,,,,,,,,,,,,,,,
variant,MP-0149,,,,published,,,,,,,,,,,,,,,,,,,,,,,,c156,MP0149-C156,0.00,,,,,,,,,,,,,,,,,,,,,,,
variant,MP-0149,,,,published,,,,,,,,,,,,,,,,,,,,,,,,c089,MP0149-C089,0.00,,,,,,,,,,,,,,,,,,,,,,,
variant,MP-0149,,,,published,,,,,,,,,,,,,,,,,,,,,,,,c702,MP0149-C702,0.00,,,,,,,,,,,,,,,,,,,,,,,
variant,MP-0149,,,,published,,,,,,,,,,,,,,,,,,,,,,,,c136,MP0149-C136,0.00,,,,,,,,,,,,,,,,,,,,,,,
variant,MP-0149,,,,published,,,,,,,,,,,,,,,,,,,,,,,,c357,MP0149-C357,0.00,,,,,,,,,,,,,,,,,,,,,,,
variant,MP-0149,,,,published,,,,,,,,,,,,,,,,,,,,,,,,c137,MP0149-C137,0.00,,,,,,,,,,,,,,,,,,,,,,,
variant,MP-0149,,,,published,,,,,,,,,,,,,,,,,,,,,,,,c036,MP0149-C036,0.00,,,,,,,,,,,,,,,,,,,,,,,
variant,MP-0149,,,,published,,,,,,,,,,,,,,,,,,,,,,,,c144,MP0149-C144,0.00,,,,,,,,,,,,,,,,,,,,,,,
variant,MP-0149,,,,published,,,,,,,,,,,,,,,,,,,,,,,,c735,MP0149-C735,0.00,,,,,,,,,,,,,,,,,,,,,,,
variant,MP-0149,,,,published,,,,,,,,,,,,,,,,,,,,,,,,c223,MP0149-C223,0.00,,,,,,,,,,,,,,,,,,,,,,,
variant,MP-0149,,,,published,,,,,,,,,,,,,,,,,,,,,,,,c153,MP0149-C153,0.00,,,,,,,,,,,,,,,,,,,,,,,
variant,MP-0149,,,,published,,,,,,,,,,,,,,,,,,,,,,,,c204,MP0149-C204,0.00,,,,,,,,,,,,,,,,,,,,,,,
variant,MP-0149,,,,published,,,,,,,,,,,,,,,,,,,,,,,,c356,MP0149-C356,0.00,,,,,,,,,,,,,,,,,,,,,,,
variant,MP-0149,,,,published,,,,,,,,,,,,,,,,,,,,,,,,c155,MP0149-C155,0.00,,,,,,,,,,,,,,,,,,,,,,,
variant,MP-0149,,,,published,,,,,,,,,,,,,,,,,,,,,,,,c048,MP0149-C048,0.00,,,,,,,,,,,,,,,,,,,,,,,
variant,MP-0149,,,,published,,,,,,,,,,,,,,,,,,,,,,,,c730,MP0149-C730,0.00,,,,,,,,,,,,,,,,,,,,,,,
variant,MP-0149,,,,published,,,,,,,,,,,,,,,,,,,,,,,,c135,MP0149-C135,0.00,,,,,,,,,,,,,,,,,,,,,,,
variant,MP-0149,,,,published,,,,,,,,,,,,,,,,,,,,,,,,c112,MP0149-C112,0.00,,,,,,,,,,,,,,,,,,,,,,,
variant,MP-0149,,,,published,,,,,,,,,,,,,,,,,,,,,,,,c028,MP0149-C028,0.00,,,,,,,,,,,,,,,,,,,,,,,
variant,MP-0149,,,,published,,,,,,,,,,,,,,,,,,,,,,,,c358,MP0149-C358,0.00,,,,,,,,,,,,,,,,,,,,,,,
variant,MP-0149,,,,published,,,,,,,,,,,,,,,,,,,,,,,,c504,MP0149-C504,0.00,,,,,,,,,,,,,,,,,,,,,,,
variant,MP-0149,,,,published,,,,,,,,,,,,,,,,,,,,,,,,c018,MP0149-C018,0.00,,,,,,,,,,,,,,,,,,,,,,,
variant,MP-0149,,,,published,,,,,,,,,,,,,,,,,,,,,,,,c146,MP0149-C146,0.00,,,,,,,,,,,,,,,,,,,,,,,
variant,MP-0149,,,,published,,,,,,,,,,,,,,,,,,,,,,,,c147,MP0149-C147,0.00,,,,,,,,,,,,,,,,,,,,,,,
variant,MP-0149,,,,published,,,,,,,,,,,,,,,,,,,,,,,,c731,MP0149-C731,0.00,,,,,,,,,,,,,,,,,,,,,,,
variant,MP-0149,,,,published,,,,,,,,,,,,,,,,,,,,,,,,c650,MP0149-C650,0.00,,,,,,,,,,,,,,,,,,,,,,,
variant,MP-0149,,,,published,,,,,,,,,,,,,,,,,,,,,,,,c138,MP0149-C138,0.00,,,,,,,,,,,,,,,,,,,,,,,
variant,MP-0149,,,,published,,,,,,,,,,,,,,,,,,,,,,,,c715,MP0149-C715,0.00,,,,,,,,,,,,,,,,,,,,,,,
variant,MP-0149,,,,published,,,,,,,,,,,,,,,,,,,,,,,,c253,MP0149-C253,0.00,,,,,,,,,,,,,,,,,,,,,,,
variant,MP-0149,,,,published,,,,,,,,,,,,,,,,,,,,,,,,c651,MP0149-C651,0.00,,,,,,,,,,,,,,,,,,,,,,,
image,MP-0149,,,,,,,,,,,,,,,,,,,,,,,,,,,,,,,,,"https://res.cloudinary.com/www-stanleystella-com/image/upload/c_lpad,w_1600,f_auto,q_auto/v1/TechnicalNames/SBM0_STTU169_C172.jpg?_i=AB",Creator 2.0 in Passionate Red,1,,,,,,,,,,,,,,,,,,
image,MP-0149,,,,,,,,,,,,,,,,,,,,,,,,,,,,c173,,,,,"https://res.cloudinary.com/www-stanleystella-com/image/upload/c_lpad,w_1600,f_auto,q_auto/v1/TechnicalNames/SBM0_STTU169_C173.jpg?_i=AB",Creator 2.0 in Pebble Blue,2,,,,,,,,,,,,,,,,,,
image,MP-0149,,,,,,,,,,,,,,,,,,,,,,,,,,,,c171,,,,,"https://res.cloudinary.com/www-stanleystella-com/image/upload/c_lpad,w_1600,f_auto,q_auto/v1/TechnicalNames/SBM0_STTU169_C171.jpg?_i=AB",Creator 2.0 in Mosstone,3,,,,,,,,,,,,,,,,,,
image,MP-0149,,,,,,,,,,,,,,,,,,,,,,,,,,,,c002,,,,,"https://res.cloudinary.com/www-stanleystella-com/image/upload/c_lpad,w_1600,f_auto,q_auto/v1/TechnicalNames/DFC0_STTU169_C002.jpg?_i=AB",Creator 2.0 in Black,4,,,,,,,,,,,,,,,,,,
image,MP-0149,,,,,,,,,,,,,,,,,,,,,,,,,,,,c001,,,,,"https://res.cloudinary.com/www-stanleystella-com/image/upload/c_lpad,w_1600,f_auto,q_auto/v1/TechnicalNames/SFC5_STTU169_C001.jpg?_i=AB",Creator 2.0 in White,5,,,,,,,,,,,,,,,,,,
image,MP-0149,,,,,,,,,,,,,,,,,,,,,,,,,,,,c727,,,,,"https://res.cloudinary.com/www-stanleystella-com/image/upload/c_lpad,w_1600,f_auto,q_auto/v1/TechnicalNames/SBC5_STTU169_C727.jpg?_i=AB",Creator 2.0 in French Navy,6,,,,,,,,,,,,,,,,,,
image,MP-0149,,,,,,,,,,,,,,,,,,,,,,,,,,,,c250,,,,,"https://res.cloudinary.com/www-stanleystella-com/image/upload/c_lpad,w_1600,f_auto,q_auto/v1/TechnicalNames/SFC5_STTU169_C250.jpg?_i=AB",Creator 2.0 in Heather Grey,7,,,,,,,,,,,,,,,,,,
image,MP-0149,,,,,,,,,,,,,,,,,,,,,,,,,,,,c054,,,,,"https://res.cloudinary.com/www-stanleystella-com/image/upload/c_lpad,w_1600,f_auto,q_auto/v1/TechnicalNames/SFC5_STTU169_C054.jpg?_i=AB",Creator 2.0 in Natural Raw,8,,,,,,,,,,,,,,,,,,
image,MP-0149,,,,,,,,,,,,,,,,,,,,,,,,,,,,c143,,,,,"https://res.cloudinary.com/www-stanleystella-com/image/upload/c_lpad,w_1600,f_auto,q_auto/v1/TechnicalNames/PFD0_STTU169_C143.jpg?_i=AB",Creator 2.0 in Fiesta,9,,,,,,,,,,,,,,,,,,
image,MP-0149,,,,,,,,,,,,,,,,,,,,,,,,,,,,c142,,,,,"https://res.cloudinary.com/www-stanleystella-com/image/upload/c_lpad,w_1600,f_auto,q_auto/v1/TechnicalNames/PFD0_STTU169_C142.jpg?_i=AB",Creator 2.0 in Nispero,10,,,,,,,,,,,,,,,,,,
image,MP-0149,,,,,,,,,,,,,,,,,,,,,,,,,,,,c101,,,,,"https://res.cloudinary.com/www-stanleystella-com/image/upload/c_lpad,w_1600,f_auto,q_auto/v1/TechnicalNames/PFD0_STTU169_C101.jpg?_i=AB",Creator 2.0 in Fraiche Peche,11,,,,,,,,,,,,,,,,,,
image,MP-0149,,,,,,,,,,,,,,,,,,,,,,,,,,,,c005,,,,,"https://res.cloudinary.com/www-stanleystella-com/image/upload/c_lpad,w_1600,f_auto,q_auto/v1/TechnicalNames/PFD0_STTU169_C005.jpg?_i=AB",Creator 2.0 in Cotton Pink,12,,,,,,,,,,,,,,,,,,
image,MP-0149,,,,,,,,,,,,,,,,,,,,,,,,,,,,c129,,,,,"https://res.cloudinary.com/www-stanleystella-com/image/upload/c_lpad,w_1600,f_auto,q_auto/v1/TechnicalNames/PFD0_STTU169_C129.jpg?_i=AB",Creator 2.0 in Bubble Pink,13,,,,,,,,,,,,,,,,,,
image,MP-0149,,,,,,,,,,,,,,,,,,,,,,,,,,,,c116,,,,,"https://res.cloudinary.com/www-stanleystella-com/image/upload/c_lpad,w_1600,f_auto,q_auto/v1/TechnicalNames/PFD0_STTU169_C116.jpg?_i=AB",Creator 2.0 in Red Brown,14,,,,,,,,,,,,,,,,,,
image,MP-0149,,,,,,,,,,,,,,,,,,,,,,,,,,,,c151,,,,,"https://res.cloudinary.com/www-stanleystella-com/image/upload/c_lpad,w_1600,f_auto,q_auto/v1/TechnicalNames/SBM0_STTU169_C151.jpg?_i=AB",Creator 2.0 in Deep Plum,15,,,,,,,,,,,,,,,,,,
image,MP-0149,,,,,,,,,,,,,,,,,,,,,,,,,,,,c244,,,,,"https://res.cloudinary.com/www-stanleystella-com/image/upload/c_lpad,w_1600,f_auto,q_auto/v1/TechnicalNames/SFC5_STTU169_C244.jpg?_i=AB",Creator 2.0 in Burgundy,16,,,,,,,,,,,,,,,,,,
image,MP-0149,,,,,,,,,,,,,,,,,,,,,,,,,,,,c150,,,,,"https://res.cloudinary.com/www-stanleystella-com/image/upload/c_lpad,w_1600,f_auto,q_auto/v1/TechnicalNames/SFM0_STTU169_C150.jpg?_i=AB",Creator 2.0 in Earthy Red,17,,,,,,,,,,,,,,,,,,
image,MP-0149,,,,,,,,,,,,,,,,,,,,,,,,,,,,c004,,,,,"https://res.cloudinary.com/www-stanleystella-com/image/upload/c_lpad,w_1600,f_auto,q_auto/v1/TechnicalNames/SFC5_STTU169_C004.jpg?_i=AB",Creator 2.0 in Red,18,,,,,,,,,,,,,,,,,,
image,MP-0149,,,,,,,,,,,,,,,,,,,,,,,,,,,,c355,,,,,"https://res.cloudinary.com/www-stanleystella-com/image/upload/c_lpad,w_1600,f_auto,q_auto/v1/TechnicalNames/PBM0_STTU169_C355.jpg?_i=AB",Creator 2.0 in Lilac Dream,19,,,,,,,,,,,,,,,,,,
image,MP-0149,,,,,,,,,,,,,,,,,,,,,,,,,,,,c063,,,,,"https://res.cloudinary.com/www-stanleystella-com/image/upload/c_lpad,w_1600,f_auto,q_auto/v1/TechnicalNames/PFD0_STTU169_C063.jpg?_i=AB",Creator 2.0 in Lavender,20,,,,,,,,,,,,,,,,,,
image,MP-0149,,,,,,,,,,,,,,,,,,,,,,,,,,,,c115,,,,,"https://res.cloudinary.com/www-stanleystella-com/image/upload/c_lpad,w_1600,f_auto,q_auto/v1/TechnicalNames/PFD0_STTU169_C115.jpg?_i=AB",Creator 2.0 in Purple Love,21,,,,,,,,,,,,,,,,,,
image,MP-0149,,,,,,,,,,,,,,,,,,,,,,,,,,,,c088,,,,,"https://res.cloudinary.com/www-stanleystella-com/image/upload/c_lpad,w_1600,f_auto,q_auto/v1/TechnicalNames/SFC5_STTU169_C088.jpg?_i=AB",Creator 2.0 in Worker Blue,22,,,,,,,,,,,,,,,,,,
image,MP-0149,,,,,,,,,,,,,,,,,,,,,,,,,,,,c728,,,,,"https://res.cloudinary.com/www-stanleystella-com/image/upload/c_lpad,w_1600,f_auto,q_auto/v1/TechnicalNames/SBM0_STTU169_C728.jpg?_i=AB",Creator 2.0 in Blue Ice,23,,,,,,,,,,,,,,,,,,
image,MP-0149,,,,,,,,,,,,,,,,,,,,,,,,,,,,c149,,,,,"https://res.cloudinary.com/www-stanleystella-com/image/upload/c_lpad,w_1600,f_auto,q_auto/v1/TechnicalNames/PFD0_STTU169_C149.jpg?_i=AB",Creator 2.0 in Blue soul,24,,,,,,,,,,,,,,,,,,
image,MP-0149,,,,,,,,,,,,,,,,,,,,,,,,,,,,c145,,,,,"https://res.cloudinary.com/www-stanleystella-com/image/upload/c_lpad,w_1600,f_auto,q_auto/v1/TechnicalNames/PFD0_STTU169_C145.jpg?_i=AB",Creator 2.0 in Aqua Blue,25,,,,,,,,,,,,,,,,,,
image,MP-0149,,,,,,,,,,,,,,,,,,,,,,,,,,,,c053,,,,,"https://res.cloudinary.com/www-stanleystella-com/image/upload/c_lpad,w_1600,f_auto,q_auto/v1/TechnicalNames/PFD0_STTU169_C053.jpg?_i=AB",Creator 2.0 in Bright Blue,26,,,,,,,,,,,,,,,,,,
image,MP-0149,,,,,,,,,,,,,,,,,,,,,,,,,,,,c729,,,,,"https://res.cloudinary.com/www-stanleystella-com/image/upload/c_lpad,w_1600,f_auto,q_auto/v1/TechnicalNames/SFC5_STTU169_C729.jpg?_i=AB",Creator 2.0 in Mindful Blue,27,,,,,,,,,,,,,,,,,,
image,MP-0149,,,,,,,,,,,,,,,,,,,,,,,,,,,,c652,,,,,"https://res.cloudinary.com/www-stanleystella-com/image/upload/c_lpad,w_1600,f_auto,q_auto/v1/TechnicalNames/PFD0_STTU169_C652.jpg?_i=AB",Creator 2.0 in Dark Heather Blue,28,,,,,,,,,,,,,,,,,,
image,MP-0149,,,,,,,,,,,,,,,,,,,,,,,,,,,,c156,,,,,"https://res.cloudinary.com/www-stanleystella-com/image/upload/c_lpad,w_1600,f_auto,q_auto/v1/TechnicalNames/SBM0_STTU169_C156.jpg?_i=AB",Creator 2.0 in Blue Grey,29,,,,,,,,,,,,,,,,,,
image,MP-0149,,,,,,,,,,,,,,,,,,,,,,,,,,,,c089,,,,,"https://res.cloudinary.com/www-stanleystella-com/image/upload/c_lpad,w_1600,f_auto,q_auto/v1/TechnicalNames/PFD0_STTU169_C089.jpg?_i=AB",Creator 2.0 in Aloe,30,,,,,,,,,,,,,,,,,,
image,MP-0149,,,,,,,,,,,,,,,,,,,,,,,,,,,,c702,,,,,"https://res.cloudinary.com/www-stanleystella-com/image/upload/c_lpad,w_1600,f_auto,q_auto/v1/TechnicalNames/SFC5_STTU169_C702.jpg?_i=AB",Creator 2.0 in Stargazer,31,,,,,,,,,,,,,,,,,,
image,MP-0149,,,,,,,,,,,,,,,,,,,,,,,,,,,,c136,,,,,"https://res.cloudinary.com/www-stanleystella-com/image/upload/c_lpad,w_1600,f_auto,q_auto/v1/TechnicalNames/PBM0_STTU169_C136.jpg?_i=AB",Creator 2.0 in Deep Teal,32,,,,,,,,,,,,,,,,,,
image,MP-0149,,,,,,,,,,,,,,,,,,,,,,,,,,,,c357,,,,,"https://res.cloudinary.com/www-stanleystella-com/image/upload/c_lpad,w_1600,f_auto,q_auto/v1/TechnicalNames/PBM0_STTU169_C357.jpg?_i=AB",Creator 2.0 in Pool Blue,33,,,,,,,,,,,,,,,,,,
image,MP-0149,,,,,,,,,,,,,,,,,,,,,,,,,,,,c137,,,,,"https://res.cloudinary.com/www-stanleystella-com/image/upload/c_lpad,w_1600,f_auto,q_auto/v1/TechnicalNames/SFM6_STTU169_C137.jpg?_i=AB",Creator 2.0 in Verdant Green,34,,,,,,,,,,,,,,,,,,
image,MP-0149,,,,,,,,,,,,,,,,,,,,,,,,,,,,c036,,,,,"https://res.cloudinary.com/www-stanleystella-com/image/upload/c_lpad,w_1600,f_auto,q_auto/v1/TechnicalNames/SFC6_STTU169_C036.jpg?_i=AB",Creator 2.0 in Glazed Green,35,,,,,,,,,,,,,,,,,,
image,MP-0149,,,,,,,,,,,,,,,,,,,,,,,,,,,,c144,,,,,"https://res.cloudinary.com/www-stanleystella-com/image/upload/c_lpad,w_1600,f_auto,q_auto/v1/TechnicalNames/PFD0_STTU169_C144.jpg?_i=AB",Creator 2.0 in Green Bay,36,,,,,,,,,,,,,,,,,,
image,MP-0149,,,,,,,,,,,,,,,,,,,,,,,,,,,,c735,,,,,"https://res.cloudinary.com/www-stanleystella-com/image/upload/c_lpad,w_1600,f_auto,q_auto/v1/TechnicalNames/SBM0_STTU169_C735.jpg?_i=AB",Creator 2.0 in Misty Jade,37,,,,,,,,,,,,,,,,,,
image,MP-0149,,,,,,,,,,,,,,,,,,,,,,,,,,,,c223,,,,,"https://res.cloudinary.com/www-stanleystella-com/image/upload/c_lpad,w_1600,f_auto,q_auto/v1/TechnicalNames/SFC5_STTU169_C223.jpg?_i=AB",Creator 2.0 in Khaki,38,,,,,,,,,,,,,,,,,,
image,MP-0149,,,,,,,,,,,,,,,,,,,,,,,,,,,,c153,,,,,"https://res.cloudinary.com/www-stanleystella-com/image/upload/c_lpad,w_1600,f_auto,q_auto/v1/TechnicalNames/SFM8_STTU169_C153.jpg?_i=AB",Creator 2.0 in Faded Olive,39,,,,,,,,,,,,,,,,,,
image,MP-0149,,,,,,,,,,,,,,,,,,,,,,,,,,,,c204,,,,,"https://res.cloudinary.com/www-stanleystella-com/image/upload/c_lpad,w_1600,f_auto,q_auto/v1/TechnicalNames/PBM0_STTU169_C204.jpg?_i=AB",Creator 2.0 in Spectra Yellow,40,,,,,,,,,,,,,,,,,,
image,MP-0149,,,,,,,,,,,,,,,,,,,,,,,,,,,,c356,,,,,"https://res.cloudinary.com/www-stanleystella-com/image/upload/c_lpad,w_1600,f_auto,q_auto/v1/TechnicalNames/PBM0_STTU169_C356.jpg?_i=AB",Creator 2.0 in Viva Yellow,41,,,,,,,,,,,,,,,,,,
image,MP-0149,,,,,,,,,,,,,,,,,,,,,,,,,,,,c155,,,,,"https://res.cloudinary.com/www-stanleystella-com/image/upload/c_lpad,w_1600,f_auto,q_auto/v1/TechnicalNames/SBM0_STTU169_C155.jpg?_i=AB",Creator 2.0 in Honey Paper,42,,,,,,,,,,,,,,,,,,
image,MP-0149,,,,,,,,,,,,,,,,,,,,,,,,,,,,c048,,,,,"https://res.cloudinary.com/www-stanleystella-com/image/upload/c_lpad,w_1600,f_auto,q_auto/v1/TechnicalNames/PFD0_STTU169_C048.jpg?_i=AB",Creator 2.0 in Ochre,43,,,,,,,,,,,,,,,,,,
image,MP-0149,,,,,,,,,,,,,,,,,,,,,,,,,,,,c730,,,,,"https://res.cloudinary.com/www-stanleystella-com/image/upload/c_lpad,w_1600,f_auto,q_auto/v1/TechnicalNames/SBM0_STTU169_C730.jpg?_i=AB",Creator 2.0 in Heritage Brown,44,,,,,,,,,,,,,,,,,,
image,MP-0149,,,,,,,,,,,,,,,,,,,,,,,,,,,,c135,,,,,"https://res.cloudinary.com/www-stanleystella-com/image/upload/c_lpad,w_1600,f_auto,q_auto/v1/TechnicalNames/PBM0_STTU169_C135.jpg?_i=AB",Creator 2.0 in Mocha,45,,,,,,,,,,,,,,,,,,
image,MP-0149,,,,,,,,,,,,,,,,,,,,,,,,,,,,c112,,,,,"https://res.cloudinary.com/www-stanleystella-com/image/upload/c_lpad,w_1600,f_auto,q_auto/v1/TechnicalNames/PFD0_STTU169_C112.jpg?_i=AB",Creator 2.0 in Latte,46,,,,,,,,,,,,,,,,,,
image,MP-0149,,,,,,,,,,,,,,,,,,,,,,,,,,,,c028,,,,,"https://res.cloudinary.com/www-stanleystella-com/image/upload/c_lpad,w_1600,f_auto,q_auto/v1/TechnicalNames/PFD0_STTU169_C028.jpg?_i=AB",Creator 2.0 in Desert Dust,47,,,,,,,,,,,,,,,,,,
image,MP-0149,,,,,,,,,,,,,,,,,,,,,,,,,,,,c358,,,,,"https://res.cloudinary.com/www-stanleystella-com/image/upload/c_lpad,w_1600,f_auto,q_auto/v1/TechnicalNames/PFM0_STTU169_C358.jpg?_i=AB",Creator 2.0 in Stone,48,,,,,,,,,,,,,,,,,,
image,MP-0149,,,,,,,,,,,,,,,,,,,,,,,,,,,,c504,,,,,"https://res.cloudinary.com/www-stanleystella-com/image/upload/c_lpad,w_1600,f_auto,q_auto/v1/TechnicalNames/PFD0_STTU169_C504.jpg?_i=AB",Creator 2.0 in Vintage White,49,,,,,,,,,,,,,,,,,,
image,MP-0149,,,,,,,,,,,,,,,,,,,,,,,,,,,,c018,,,,,"https://res.cloudinary.com/www-stanleystella-com/image/upload/c_lpad,w_1600,f_auto,q_auto/v1/TechnicalNames/PFD0_STTU169_C018.jpg?_i=AB",Creator 2.0 in Off White,50,,,,,,,,,,,,,,,,,,
image,MP-0149,,,,,,,,,,,,,,,,,,,,,,,,,,,,c146,,,,,"https://res.cloudinary.com/www-stanleystella-com/image/upload/c_lpad,w_1600,f_auto,q_auto/v1/TechnicalNames/PFM0_STTU169_C146.jpg?_i=AB",Creator 2.0 in Cool Heather Grey,51,,,,,,,,,,,,,,,,,,
image,MP-0149,,,,,,,,,,,,,,,,,,,,,,,,,,,,c147,,,,,"https://res.cloudinary.com/www-stanleystella-com/image/upload/c_lpad,w_1600,f_auto,q_auto/v1/TechnicalNames/PFD0_STTU169_C147.jpg?_i=AB",Creator 2.0 in Eco-Heather,52,,,,,,,,,,,,,,,,,,
image,MP-0149,,,,,,,,,,,,,,,,,,,,,,,,,,,,c731,,,,,"https://res.cloudinary.com/www-stanleystella-com/image/upload/c_lpad,w_1600,f_auto,q_auto/v1/TechnicalNames/DFM0_STTU169_C731.jpg?_i=AB",Creator 2.0 in Heather Haze,53,,,,,,,,,,,,,,,,,,
image,MP-0149,,,,,,,,,,,,,,,,,,,,,,,,,,,,c650,,,,,"https://res.cloudinary.com/www-stanleystella-com/image/upload/c_lpad,w_1600,f_auto,q_auto/v1/TechnicalNames/PFD0_STTU169_C650.jpg?_i=AB",Creator 2.0 in Mid Heather Grey,54,,,,,,,,,,,,,,,,,,
image,MP-0149,,,,,,,,,,,,,,,,,,,,,,,,,,,,c138,,,,,"https://res.cloudinary.com/www-stanleystella-com/image/upload/c_lpad,w_1600,f_auto,q_auto/v1/TechnicalNames/PBM0_STTU169_C138.jpg?_i=AB",Creator 2.0 in Misty Grey,55,,,,,,,,,,,,,,,,,,
image,MP-0149,,,,,,,,,,,,,,,,,,,,,,,,,,,,c715,,,,,"https://res.cloudinary.com/www-stanleystella-com/image/upload/c_lpad,w_1600,f_auto,q_auto/v1/TechnicalNames/PFD0_STTU169_C715.jpg?_i=AB",Creator 2.0 in India Ink Grey,56,,,,,,,,,,,,,,,,,,
image,MP-0149,,,,,,,,,,,,,,,,,,,,,,,,,,,,c253,,,,,"https://res.cloudinary.com/www-stanleystella-com/image/upload/c_lpad,w_1600,f_auto,q_auto/v1/TechnicalNames/SBC0_STTU169_C253.jpg?_i=AB",Creator 2.0 in Anthracite,57,,,,,,,,,,,,,,,,,,
image,MP-0149,,,,,,,,,,,,,,,,,,,,,,,,,,,,c651,,,,,"https://res.cloudinary.com/www-stanleystella-com/image/upload/c_lpad,w_1600,f_auto,q_auto/v1/TechnicalNames/PFD0_STTU169_C651.jpg?_i=AB",Creator 2.0 in Dark Heather Grey,58,,,,,,,,,,,,,,,,,,
decoration,MP-0149,,,,,,,,,,,,,,,,,,,,,,,,,,,,,,,,,,,,embroidery,front,160,160,6,Vector or DST,Default maximum for the category — confirm per product.,,,,,,,,,,,
decoration,MP-0149,,,,,,,,,,,,,,,,,,,,,,,,,,,,,,,,,,,,embroidery,back,200,200,6,Vector or DST,Default maximum for the category — confirm per product.,,,,,,,,,,,
decoration,MP-0149,,,,,,,,,,,,,,,,,,,,,,,,,,,,,,,,,,,,embroidery,left_chest,90,90,6,Vector or DST,Default maximum for the category — confirm per product.,,,,,,,,,,,
decoration,MP-0149,,,,,,,,,,,,,,,,,,,,,,,,,,,,,,,,,,,,embroidery,sleeve,70,70,6,Vector or DST,Default maximum for the category — confirm per product.,,,,,,,,,,,
decoration,MP-0149,,,,,,,,,,,,,,,,,,,,,,,,,,,,,,,,,,,,screen,front,300,400,4,Vector,Default maximum for the category — confirm per product.,,,,,,,,,,,
decoration,MP-0149,,,,,,,,,,,,,,,,,,,,,,,,,,,,,,,,,,,,screen,back,320,420,4,Vector,Default maximum for the category — confirm per product.,,,,,,,,,,,
decoration,MP-0149,,,,,,,,,,,,,,,,,,,,,,,,,,,,,,,,,,,,screen,left_chest,100,100,4,Vector,Default maximum for the category — confirm per product.,,,,,,,,,,,
decoration,MP-0149,,,,,,,,,,,,,,,,,,,,,,,,,,,,,,,,,,,,screen,sleeve,80,300,4,Vector,Default maximum for the category — confirm per product.,,,,,,,,,,,
decoration,MP-0149,,,,,,,,,,,,,,,,,,,,,,,,,,,,,,,,,,,,dtf,front,300,400,4,Vector,Default maximum for the category — confirm per product.,,,,,,,,,,,
decoration,MP-0149,,,,,,,,,,,,,,,,,,,,,,,,,,,,,,,,,,,,dtf,back,320,420,4,Vector,Default maximum for the category — confirm per product.,,,,,,,,,,,
decoration,MP-0149,,,,,,,,,,,,,,,,,,,,,,,,,,,,,,,,,,,,dtf,left_chest,100,100,4,Vector,Default maximum for the category — confirm per product.,,,,,,,,,,,
decoration,MP-0149,,,,,,,,,,,,,,,,,,,,,,,,,,,,,,,,,,,,dtf,sleeve,80,300,4,Vector,Default maximum for the category — confirm per product.,,,,,,,,,,,
decoration,MP-0149,,,,,,,,,,,,,,,,,,,,,,,,,,,,,,,,,,,,dtg,front,300,400,4,Vector,Default maximum for the category — confirm per product.,,,,,,,,,,,
decoration,MP-0149,,,,,,,,,,,,,,,,,,,,,,,,,,,,,,,,,,,,dtg,back,320,420,4,Vector,Default maximum for the category — confirm per product.,,,,,,,,,,,
decoration,MP-0149,,,,,,,,,,,,,,,,,,,,,,,,,,,,,,,,,,,,dtg,left_chest,100,100,4,Vector,Default maximum for the category — confirm per product.,,,,,,,,,,,
decoration,MP-0149,,,,,,,,,,,,,,,,,,,,,,,,,,,,,,,,,,,,dtg,sleeve,80,300,4,Vector,Default maximum for the category — confirm per product.,,,,,,,,,,,
product,MP-0150,creator-2-0-long-sleeve,Creator 2.0 Long Sleeve,T-shirts,published,25,EUR,29.44,26.28,23.25,20.83,19.69,9.25,3,5,c002|c001|c727|c250|c054|c116|c004|c088|c036|c223|c730|c146,XXS|XS|S|M|L|XL|XXL|3XL|4XL|5XL,embroidery|screen|dtf|dtg,front|back|left_chest|sleeve,yes,"Shell: Single Jersey, 100% Cotton - Organic Ring Spun Combed, Fabric washed","Shell: Single Jersey, 100% Cotton - Organic Ring Spun Combed, Fabric washed",180,,,,Stanley/Stella,STTU199,,,,,,,,,,,,,,,cost 9.25; worst-case decoration 5.86 at 100; market blank 9.40; ours 2.47x market,,,,,,,,,,,
variant,MP-0150,,,,published,,,,,,,,,,,,,,,,,,,,,,,,c002,MP0150-C002,0.00,,,,,,,,,,,,,,,,,,,,,,,
variant,MP-0150,,,,published,,,,,,,,,,,,,,,,,,,,,,,,c001,MP0150-C001,0.00,,,,,,,,,,,,,,,,,,,,,,,
variant,MP-0150,,,,published,,,,,,,,,,,,,,,,,,,,,,,,c727,MP0150-C727,0.00,,,,,,,,,,,,,,,,,,,,,,,
variant,MP-0150,,,,published,,,,,,,,,,,,,,,,,,,,,,,,c250,MP0150-C250,0.00,,,,,,,,,,,,,,,,,,,,,,,
variant,MP-0150,,,,published,,,,,,,,,,,,,,,,,,,,,,,,c054,MP0150-C054,0.00,,,,,,,,,,,,,,,,,,,,,,,
variant,MP-0150,,,,published,,,,,,,,,,,,,,,,,,,,,,,,c116,MP0150-C116,0.00,,,,,,,,,,,,,,,,,,,,,,,
variant,MP-0150,,,,published,,,,,,,,,,,,,,,,,,,,,,,,c004,MP0150-C004,0.00,,,,,,,,,,,,,,,,,,,,,,,
variant,MP-0150,,,,published,,,,,,,,,,,,,,,,,,,,,,,,c088,MP0150-C088,0.00,,,,,,,,,,,,,,,,,,,,,,,
variant,MP-0150,,,,published,,,,,,,,,,,,,,,,,,,,,,,,c036,MP0150-C036,0.00,,,,,,,,,,,,,,,,,,,,,,,
variant,MP-0150,,,,published,,,,,,,,,,,,,,,,,,,,,,,,c223,MP0150-C223,0.00,,,,,,,,,,,,,,,,,,,,,,,
variant,MP-0150,,,,published,,,,,,,,,,,,,,,,,,,,,,,,c730,MP0150-C730,0.00,,,,,,,,,,,,,,,,,,,,,,,
variant,MP-0150,,,,published,,,,,,,,,,,,,,,,,,,,,,,,c146,MP0150-C146,0.00,,,,,,,,,,,,,,,,,,,,,,,
image,MP-0150,,,,,,,,,,,,,,,,,,,,,,,,,,,,,,,,,"https://res.cloudinary.com/www-stanleystella-com/image/upload/c_lpad,w_1600,f_auto,q_auto/v1/TechnicalNames/SFC5_STTU199_C002.jpg?_i=AB",Creator 2.0 Long Sleeve in Black,1,,,,,,,,,,,,,,,,,,
image,MP-0150,,,,,,,,,,,,,,,,,,,,,,,,,,,,c001,,,,,"https://res.cloudinary.com/www-stanleystella-com/image/upload/c_lpad,w_1600,f_auto,q_auto/v1/TechnicalNames/SFC5_STTU199_C001.jpg?_i=AB",Creator 2.0 Long Sleeve in White,2,,,,,,,,,,,,,,,,,,
image,MP-0150,,,,,,,,,,,,,,,,,,,,,,,,,,,,c727,,,,,"https://res.cloudinary.com/www-stanleystella-com/image/upload/c_lpad,w_1600,f_auto,q_auto/v1/TechnicalNames/SFC5_STTU199_C727.jpg?_i=AB",Creator 2.0 Long Sleeve in French Navy,3,,,,,,,,,,,,,,,,,,
image,MP-0150,,,,,,,,,,,,,,,,,,,,,,,,,,,,c250,,,,,"https://res.cloudinary.com/www-stanleystella-com/image/upload/c_lpad,w_1600,f_auto,q_auto/v1/TechnicalNames/SFM0_STTU199_C250.jpg?_i=AB",Creator 2.0 Long Sleeve in Heather Grey,4,,,,,,,,,,,,,,,,,,
image,MP-0150,,,,,,,,,,,,,,,,,,,,,,,,,,,,c054,,,,,"https://res.cloudinary.com/www-stanleystella-com/image/upload/c_lpad,w_1600,f_auto,q_auto/v1/TechnicalNames/SFC5_STTU199_C054.jpg?_i=AB",Creator 2.0 Long Sleeve in Natural Raw,5,,,,,,,,,,,,,,,,,,
image,MP-0150,,,,,,,,,,,,,,,,,,,,,,,,,,,,c116,,,,,"https://res.cloudinary.com/www-stanleystella-com/image/upload/c_lpad,w_1600,f_auto,q_auto/v1/TechnicalNames/SBM0_STTU199_C116.jpg?_i=AB",Creator 2.0 Long Sleeve in Red Brown,6,,,,,,,,,,,,,,,,,,
image,MP-0150,,,,,,,,,,,,,,,,,,,,,,,,,,,,c004,,,,,"https://res.cloudinary.com/www-stanleystella-com/image/upload/c_lpad,w_1600,f_auto,q_auto/v1/TechnicalNames/SFC5_STTU199_C004.jpg?_i=AB",Creator 2.0 Long Sleeve in Red,7,,,,,,,,,,,,,,,,,,
image,MP-0150,,,,,,,,,,,,,,,,,,,,,,,,,,,,c088,,,,,"https://res.cloudinary.com/www-stanleystella-com/image/upload/c_lpad,w_1600,f_auto,q_auto/v1/TechnicalNames/SFC5_STTU199_C088.jpg?_i=AB",Creator 2.0 Long Sleeve in Worker Blue,8,,,,,,,,,,,,,,,,,,
image,MP-0150,,,,,,,,,,,,,,,,,,,,,,,,,,,,c036,,,,,"https://res.cloudinary.com/www-stanleystella-com/image/upload/c_lpad,w_1600,f_auto,q_auto/v1/TechnicalNames/SFC5_STTU199_C036.jpg?_i=AB",Creator 2.0 Long Sleeve in Glazed Green,9,,,,,,,,,,,,,,,,,,
image,MP-0150,,,,,,,,,,,,,,,,,,,,,,,,,,,,c223,,,,,"https://res.cloudinary.com/www-stanleystella-com/image/upload/c_lpad,w_1600,f_auto,q_auto/v1/TechnicalNames/SFC5_STTU199_C223.jpg?_i=AB",Creator 2.0 Long Sleeve in Khaki,10,,,,,,,,,,,,,,,,,,
image,MP-0150,,,,,,,,,,,,,,,,,,,,,,,,,,,,c730,,,,,"https://res.cloudinary.com/www-stanleystella-com/image/upload/c_lpad,w_1600,f_auto,q_auto/v1/TechnicalNames/SBM0_STTU199_C730.jpg?_i=AB",Creator 2.0 Long Sleeve in Heritage Brown,11,,,,,,,,,,,,,,,,,,
image,MP-0150,,,,,,,,,,,,,,,,,,,,,,,,,,,,c146,,,,,"https://res.cloudinary.com/www-stanleystella-com/image/upload/c_lpad,w_1600,f_auto,q_auto/v1/TechnicalNames/SBM0_STTU199_C146.jpg?_i=AB",Creator 2.0 Long Sleeve in Cool Heather Grey,12,,,,,,,,,,,,,,,,,,
decoration,MP-0150,,,,,,,,,,,,,,,,,,,,,,,,,,,,,,,,,,,,embroidery,front,160,160,6,Vector or DST,Default maximum for the category — confirm per product.,,,,,,,,,,,
decoration,MP-0150,,,,,,,,,,,,,,,,,,,,,,,,,,,,,,,,,,,,embroidery,back,200,200,6,Vector or DST,Default maximum for the category — confirm per product.,,,,,,,,,,,
decoration,MP-0150,,,,,,,,,,,,,,,,,,,,,,,,,,,,,,,,,,,,embroidery,left_chest,90,90,6,Vector or DST,Default maximum for the category — confirm per product.,,,,,,,,,,,
decoration,MP-0150,,,,,,,,,,,,,,,,,,,,,,,,,,,,,,,,,,,,embroidery,sleeve,70,70,6,Vector or DST,Default maximum for the category — confirm per product.,,,,,,,,,,,
decoration,MP-0150,,,,,,,,,,,,,,,,,,,,,,,,,,,,,,,,,,,,screen,front,300,400,4,Vector,Default maximum for the category — confirm per product.,,,,,,,,,,,
decoration,MP-0150,,,,,,,,,,,,,,,,,,,,,,,,,,,,,,,,,,,,screen,back,320,420,4,Vector,Default maximum for the category — confirm per product.,,,,,,,,,,,
decoration,MP-0150,,,,,,,,,,,,,,,,,,,,,,,,,,,,,,,,,,,,screen,left_chest,100,100,4,Vector,Default maximum for the category — confirm per product.,,,,,,,,,,,
decoration,MP-0150,,,,,,,,,,,,,,,,,,,,,,,,,,,,,,,,,,,,screen,sleeve,80,300,4,Vector,Default maximum for the category — confirm per product.,,,,,,,,,,,
decoration,MP-0150,,,,,,,,,,,,,,,,,,,,,,,,,,,,,,,,,,,,dtf,front,300,400,4,Vector,Default maximum for the category — confirm per product.,,,,,,,,,,,
decoration,MP-0150,,,,,,,,,,,,,,,,,,,,,,,,,,,,,,,,,,,,dtf,back,320,420,4,Vector,Default maximum for the category — confirm per product.,,,,,,,,,,,
decoration,MP-0150,,,,,,,,,,,,,,,,,,,,,,,,,,,,,,,,,,,,dtf,left_chest,100,100,4,Vector,Default maximum for the category — confirm per product.,,,,,,,,,,,
decoration,MP-0150,,,,,,,,,,,,,,,,,,,,,,,,,,,,,,,,,,,,dtf,sleeve,80,300,4,Vector,Default maximum for the category — confirm per product.,,,,,,,,,,,
decoration,MP-0150,,,,,,,,,,,,,,,,,,,,,,,,,,,,,,,,,,,,dtg,front,300,400,4,Vector,Default maximum for the category — confirm per product.,,,,,,,,,,,
decoration,MP-0150,,,,,,,,,,,,,,,,,,,,,,,,,,,,,,,,,,,,dtg,back,320,420,4,Vector,Default maximum for the category — confirm per product.,,,,,,,,,,,
decoration,MP-0150,,,,,,,,,,,,,,,,,,,,,,,,,,,,,,,,,,,,dtg,left_chest,100,100,4,Vector,Default maximum for the category — confirm per product.,,,,,,,,,,,
decoration,MP-0150,,,,,,,,,,,,,,,,,,,,,,,,,,,,,,,,,,,,dtg,sleeve,80,300,4,Vector,Default maximum for the category — confirm per product.,,,,,,,,,,,
product,MP-0151,freestyler,Freestyler,T-shirts,published,25,EUR,34.29,31.13,28.10,25.68,24.53,12.40,3,5,c002|c001|c727|c250|c054|c101|c244|c085|c088|c729|c089|c702|c036|c735|c223|c730|c135|c028|c361|c146|c731|c651,XXS|XS|S|M|L|XL|XXL|3XL,embroidery|screen|dtf|dtg,front|back|left_chest|sleeve,yes,"Shell: Single Jersey, 100% Cotton - Organic Open End Carded, Fabric washed","Shell: Single Jersey, 100% Cotton - Organic Open End Carded, Fabric washed",240,,,,Stanley/Stella,STTU788,,,,,,,,,,,,,,,cost 12.40; worst-case decoration 5.86 at 100; market blank 14.11; ours 1.99x market,,,,,,,,,,,
variant,MP-0151,,,,published,,,,,,,,,,,,,,,,,,,,,,,,c002,MP0151-C002,0.00,,,,,,,,,,,,,,,,,,,,,,,
variant,MP-0151,,,,published,,,,,,,,,,,,,,,,,,,,,,,,c001,MP0151-C001,0.00,,,,,,,,,,,,,,,,,,,,,,,
variant,MP-0151,,,,published,,,,,,,,,,,,,,,,,,,,,,,,c727,MP0151-C727,0.00,,,,,,,,,,,,,,,,,,,,,,,
variant,MP-0151,,,,published,,,,,,,,,,,,,,,,,,,,,,,,c250,MP0151-C250,0.00,,,,,,,,,,,,,,,,,,,,,,,
variant,MP-0151,,,,published,,,,,,,,,,,,,,,,,,,,,,,,c054,MP0151-C054,0.00,,,,,,,,,,,,,,,,,,,,,,,
variant,MP-0151,,,,published,,,,,,,,,,,,,,,,,,,,,,,,c101,MP0151-C101,0.00,,,,,,,,,,,,,,,,,,,,,,,
variant,MP-0151,,,,published,,,,,,,,,,,,,,,,,,,,,,,,c244,MP0151-C244,0.00,,,,,,,,,,,,,,,,,,,,,,,
variant,MP-0151,,,,published,,,,,,,,,,,,,,,,,,,,,,,,c085,MP0151-C085,0.00,,,,,,,,,,,,,,,,,,,,,,,
variant,MP-0151,,,,published,,,,,,,,,,,,,,,,,,,,,,,,c088,MP0151-C088,0.00,,,,,,,,,,,,,,,,,,,,,,,
variant,MP-0151,,,,published,,,,,,,,,,,,,,,,,,,,,,,,c729,MP0151-C729,0.00,,,,,,,,,,,,,,,,,,,,,,,
variant,MP-0151,,,,published,,,,,,,,,,,,,,,,,,,,,,,,c089,MP0151-C089,0.00,,,,,,,,,,,,,,,,,,,,,,,
variant,MP-0151,,,,published,,,,,,,,,,,,,,,,,,,,,,,,c702,MP0151-C702,0.00,,,,,,,,,,,,,,,,,,,,,,,
variant,MP-0151,,,,published,,,,,,,,,,,,,,,,,,,,,,,,c036,MP0151-C036,0.00,,,,,,,,,,,,,,,,,,,,,,,
variant,MP-0151,,,,published,,,,,,,,,,,,,,,,,,,,,,,,c735,MP0151-C735,0.00,,,,,,,,,,,,,,,,,,,,,,,
variant,MP-0151,,,,published,,,,,,,,,,,,,,,,,,,,,,,,c223,MP0151-C223,0.00,,,,,,,,,,,,,,,,,,,,,,,
variant,MP-0151,,,,published,,,,,,,,,,,,,,,,,,,,,,,,c730,MP0151-C730,0.00,,,,,,,,,,,,,,,,,,,,,,,
variant,MP-0151,,,,published,,,,,,,,,,,,,,,,,,,,,,,,c135,MP0151-C135,0.00,,,,,,,,,,,,,,,,,,,,,,,
variant,MP-0151,,,,published,,,,,,,,,,,,,,,,,,,,,,,,c028,MP0151-C028,0.00,,,,,,,,,,,,,,,,,,,,,,,
variant,MP-0151,,,,published,,,,,,,,,,,,,,,,,,,,,,,,c361,MP0151-C361,0.00,,,,,,,,,,,,,,,,,,,,,,,
variant,MP-0151,,,,published,,,,,,,,,,,,,,,,,,,,,,,,c146,MP0151-C146,0.00,,,,,,,,,,,,,,,,,,,,,,,
variant,MP-0151,,,,published,,,,,,,,,,,,,,,,,,,,,,,,c731,MP0151-C731,0.00,,,,,,,,,,,,,,,,,,,,,,,
variant,MP-0151,,,,published,,,,,,,,,,,,,,,,,,,,,,,,c651,MP0151-C651,0.00,,,,,,,,,,,,,,,,,,,,,,,
image,MP-0151,,,,,,,,,,,,,,,,,,,,,,,,,,,,,,,,,"https://res.cloudinary.com/www-stanleystella-com/image/upload/c_lpad,w_1600,f_auto,q_auto/v1/TechnicalNames/SFM3_STTU788_C002.jpg?_i=AB",Freestyler in Black,1,,,,,,,,,,,,,,,,,,
image,MP-0151,,,,,,,,,,,,,,,,,,,,,,,,,,,,c001,,,,,"https://res.cloudinary.com/www-stanleystella-com/image/upload/c_lpad,w_1600,f_auto,q_auto/v1/TechnicalNames/SFM3_STTU788_C001.jpg?_i=AB",Freestyler in White,2,,,,,,,,,,,,,,,,,,
image,MP-0151,,,,,,,,,,,,,,,,,,,,,,,,,,,,c727,,,,,"https://res.cloudinary.com/www-stanleystella-com/image/upload/c_lpad,w_1600,f_auto,q_auto/v1/TechnicalNames/SFM3_STTU788_C727.jpg?_i=AB",Freestyler in French Navy,3,,,,,,,,,,,,,,,,,,
image,MP-0151,,,,,,,,,,,,,,,,,,,,,,,,,,,,c250,,,,,"https://res.cloudinary.com/www-stanleystella-com/image/upload/c_lpad,w_1600,f_auto,q_auto/v1/TechnicalNames/SFM3_STTU788_C250.jpg?_i=AB",Freestyler in Heather Grey,4,,,,,,,,,,,,,,,,,,
image,MP-0151,,,,,,,,,,,,,,,,,,,,,,,,,,,,c054,,,,,"https://res.cloudinary.com/www-stanleystella-com/image/upload/c_lpad,w_1600,f_auto,q_auto/v1/TechnicalNames/SFM3_STTU788_C054.jpg?_i=AB",Freestyler in Natural Raw,5,,,,,,,,,,,,,,,,,,
image,MP-0151,,,,,,,,,,,,,,,,,,,,,,,,,,,,c101,,,,,"https://res.cloudinary.com/www-stanleystella-com/image/upload/c_lpad,w_1600,f_auto,q_auto/v1/TechnicalNames/PBM0_STTU788_C101.jpg?_i=AB",Freestyler in Fraiche Peche,6,,,,,,,,,,,,,,,,,,
image,MP-0151,,,,,,,,,,,,,,,,,,,,,,,,,,,,c244,,,,,"https://res.cloudinary.com/www-stanleystella-com/image/upload/c_lpad,w_1600,f_auto,q_auto/v1/TechnicalNames/SFM1_STTU788_C244.jpg?_i=AB",Freestyler in Burgundy,7,,,,,,,,,,,,,,,,,,
image,MP-0151,,,,,,,,,,,,,,,,,,,,,,,,,,,,c085,,,,,"https://res.cloudinary.com/www-stanleystella-com/image/upload/c_lpad,w_1600,f_auto,q_auto/v1/TechnicalNames/SBM0_STTU788_C085.jpg?_i=AB",Freestyler in Kaffa Coffee,8,,,,,,,,,,,,,,,,,,
image,MP-0151,,,,,,,,,,,,,,,,,,,,,,,,,,,,c088,,,,,"https://res.cloudinary.com/www-stanleystella-com/image/upload/c_lpad,w_1600,f_auto,q_auto/v1/TechnicalNames/PBM0_STTU788_C088.jpg?_i=AB",Freestyler in Worker Blue,9,,,,,,,,,,,,,,,,,,
image,MP-0151,,,,,,,,,,,,,,,,,,,,,,,,,,,,c729,,,,,"https://res.cloudinary.com/www-stanleystella-com/image/upload/c_lpad,w_1600,f_auto,q_auto/v1/TechnicalNames/SBM0_STTU788_C729.jpg?_i=AB",Freestyler in Mindful Blue,10,,,,,,,,,,,,,,,,,,
image,MP-0151,,,,,,,,,,,,,,,,,,,,,,,,,,,,c089,,,,,"https://res.cloudinary.com/www-stanleystella-com/image/upload/c_lpad,w_1600,f_auto,q_auto/v1/TechnicalNames/SFM1_STTU788_C089.jpg?_i=AB",Freestyler in Aloe,11,,,,,,,,,,,,,,,,,,
image,MP-0151,,,,,,,,,,,,,,,,,,,,,,,,,,,,c702,,,,,"https://res.cloudinary.com/www-stanleystella-com/image/upload/c_lpad,w_1600,f_auto,q_auto/v1/TechnicalNames/PBM0_STTU788_C702.jpg?_i=AB",Freestyler in Stargazer,12,,,,,,,,,,,,,,,,,,
image,MP-0151,,,,,,,,,,,,,,,,,,,,,,,,,,,,c036,,,,,"https://res.cloudinary.com/www-stanleystella-com/image/upload/c_lpad,w_1600,f_auto,q_auto/v1/TechnicalNames/SFM3_STTU788_C036.jpg?_i=AB",Freestyler in Glazed Green,13,,,,,,,,,,,,,,,,,,
image,MP-0151,,,,,,,,,,,,,,,,,,,,,,,,,,,,c735,,,,,"https://res.cloudinary.com/www-stanleystella-com/image/upload/c_lpad,w_1600,f_auto,q_auto/v1/TechnicalNames/DFM0_STTU788_C735.jpg?_i=AB",Freestyler in Misty Jade,14,,,,,,,,,,,,,,,,,,
image,MP-0151,,,,,,,,,,,,,,,,,,,,,,,,,,,,c223,,,,,"https://res.cloudinary.com/www-stanleystella-com/image/upload/c_lpad,w_1600,f_auto,q_auto/v1/TechnicalNames/PBM0_STTU788_C223.jpg?_i=AB",Freestyler in Khaki,15,,,,,,,,,,,,,,,,,,
image,MP-0151,,,,,,,,,,,,,,,,,,,,,,,,,,,,c730,,,,,"https://res.cloudinary.com/www-stanleystella-com/image/upload/c_lpad,w_1600,f_auto,q_auto/v1/TechnicalNames/SBM0_STTU788_C730.jpg?_i=AB",Freestyler in Heritage Brown,16,,,,,,,,,,,,,,,,,,
image,MP-0151,,,,,,,,,,,,,,,,,,,,,,,,,,,,c135,,,,,"https://res.cloudinary.com/www-stanleystella-com/image/upload/c_lpad,w_1600,f_auto,q_auto/v1/TechnicalNames/SFM0_STTU788_C135.jpg?_i=AB",Freestyler in Mocha,17,,,,,,,,,,,,,,,,,,
image,MP-0151,,,,,,,,,,,,,,,,,,,,,,,,,,,,c028,,,,,"https://res.cloudinary.com/www-stanleystella-com/image/upload/c_lpad,w_1600,f_auto,q_auto/v1/TechnicalNames/PBM0_STTU788_C028.jpg?_i=AB",Freestyler in Desert Dust,18,,,,,,,,,,,,,,,,,,
image,MP-0151,,,,,,,,,,,,,,,,,,,,,,,,,,,,c361,,,,,"https://res.cloudinary.com/www-stanleystella-com/image/upload/c_lpad,w_1600,f_auto,q_auto/v1/TechnicalNames/PBM0_STTU788_C361.jpg?_i=AB",Freestyler in Cream,19,,,,,,,,,,,,,,,,,,
image,MP-0151,,,,,,,,,,,,,,,,,,,,,,,,,,,,c146,,,,,"https://res.cloudinary.com/www-stanleystella-com/image/upload/c_lpad,w_1600,f_auto,q_auto/v1/TechnicalNames/SBM0_STTU788_C146.jpg?_i=AB",Freestyler in Cool Heather Grey,20,,,,,,,,,,,,,,,,,,
image,MP-0151,,,,,,,,,,,,,,,,,,,,,,,,,,,,c731,,,,,"https://res.cloudinary.com/www-stanleystella-com/image/upload/c_lpad,w_1600,f_auto,q_auto/v1/TechnicalNames/SBM0_STTU788_C731.jpg?_i=AB",Freestyler in Heather Haze,21,,,,,,,,,,,,,,,,,,
image,MP-0151,,,,,,,,,,,,,,,,,,,,,,,,,,,,c651,,,,,"https://res.cloudinary.com/www-stanleystella-com/image/upload/c_lpad,w_1600,f_auto,q_auto/v1/TechnicalNames/SFM1_STTU788_C651.jpg?_i=AB",Freestyler in Dark Heather Grey,22,,,,,,,,,,,,,,,,,,
decoration,MP-0151,,,,,,,,,,,,,,,,,,,,,,,,,,,,,,,,,,,,embroidery,front,160,160,6,Vector or DST,Default maximum for the category — confirm per product.,,,,,,,,,,,
decoration,MP-0151,,,,,,,,,,,,,,,,,,,,,,,,,,,,,,,,,,,,embroidery,back,200,200,6,Vector or DST,Default maximum for the category — confirm per product.,,,,,,,,,,,
decoration,MP-0151,,,,,,,,,,,,,,,,,,,,,,,,,,,,,,,,,,,,embroidery,left_chest,90,90,6,Vector or DST,Default maximum for the category — confirm per product.,,,,,,,,,,,
decoration,MP-0151,,,,,,,,,,,,,,,,,,,,,,,,,,,,,,,,,,,,embroidery,sleeve,70,70,6,Vector or DST,Default maximum for the category — confirm per product.,,,,,,,,,,,
decoration,MP-0151,,,,,,,,,,,,,,,,,,,,,,,,,,,,,,,,,,,,screen,front,300,400,4,Vector,Default maximum for the category — confirm per product.,,,,,,,,,,,
decoration,MP-0151,,,,,,,,,,,,,,,,,,,,,,,,,,,,,,,,,,,,screen,back,320,420,4,Vector,Default maximum for the category — confirm per product.,,,,,,,,,,,
decoration,MP-0151,,,,,,,,,,,,,,,,,,,,,,,,,,,,,,,,,,,,screen,left_chest,100,100,4,Vector,Default maximum for the category — confirm per product.,,,,,,,,,,,
decoration,MP-0151,,,,,,,,,,,,,,,,,,,,,,,,,,,,,,,,,,,,screen,sleeve,80,300,4,Vector,Default maximum for the category — confirm per product.,,,,,,,,,,,
decoration,MP-0151,,,,,,,,,,,,,,,,,,,,,,,,,,,,,,,,,,,,dtf,front,300,400,4,Vector,Default maximum for the category — confirm per product.,,,,,,,,,,,
decoration,MP-0151,,,,,,,,,,,,,,,,,,,,,,,,,,,,,,,,,,,,dtf,back,320,420,4,Vector,Default maximum for the category — confirm per product.,,,,,,,,,,,
decoration,MP-0151,,,,,,,,,,,,,,,,,,,,,,,,,,,,,,,,,,,,dtf,left_chest,100,100,4,Vector,Default maximum for the category — confirm per product.,,,,,,,,,,,
decoration,MP-0151,,,,,,,,,,,,,,,,,,,,,,,,,,,,,,,,,,,,dtf,sleeve,80,300,4,Vector,Default maximum for the category — confirm per product.,,,,,,,,,,,
decoration,MP-0151,,,,,,,,,,,,,,,,,,,,,,,,,,,,,,,,,,,,dtg,front,300,400,4,Vector,Default maximum for the category — confirm per product.,,,,,,,,,,,
decoration,MP-0151,,,,,,,,,,,,,,,,,,,,,,,,,,,,,,,,,,,,dtg,back,320,420,4,Vector,Default maximum for the category — confirm per product.,,,,,,,,,,,
decoration,MP-0151,,,,,,,,,,,,,,,,,,,,,,,,,,,,,,,,,,,,dtg,left_chest,100,100,4,Vector,Default maximum for the category — confirm per product.,,,,,,,,,,,
decoration,MP-0151,,,,,,,,,,,,,,,,,,,,,,,,,,,,,,,,,,,,dtg,sleeve,80,300,4,Vector,Default maximum for the category — confirm per product.,,,,,,,,,,,
product,MP-0152,freestyler-long-sleeve,Freestyler Long Sleeve,T-shirts,published,25,EUR,37.75,34.59,31.56,29.14,27.99,14.65,3,5,c002|c001|c727|c250|c054|c729|c702|c730|c146|c731,XXS|XS|S|M|L|XL|XXL|3XL,embroidery|screen|dtf|dtg,front|back|left_chest|sleeve,yes,"Shell: Single Jersey, 100% Cotton - Organic Open End Carded, Fabric washed","Shell: Single Jersey, 100% Cotton - Organic Open End Carded, Fabric washed",240,,,,Stanley/Stella,STTU200,,,,,,,,,,,,,,,cost 14.65; worst-case decoration 5.86 at 100; market blank 16.13; ours 1.96x market,,,,,,,,,,,
variant,MP-0152,,,,published,,,,,,,,,,,,,,,,,,,,,,,,c002,MP0152-C002,0.00,,,,,,,,,,,,,,,,,,,,,,,
variant,MP-0152,,,,published,,,,,,,,,,,,,,,,,,,,,,,,c001,MP0152-C001,0.00,,,,,,,,,,,,,,,,,,,,,,,
variant,MP-0152,,,,published,,,,,,,,,,,,,,,,,,,,,,,,c727,MP0152-C727,0.00,,,,,,,,,,,,,,,,,,,,,,,
variant,MP-0152,,,,published,,,,,,,,,,,,,,,,,,,,,,,,c250,MP0152-C250,0.00,,,,,,,,,,,,,,,,,,,,,,,
variant,MP-0152,,,,published,,,,,,,,,,,,,,,,,,,,,,,,c054,MP0152-C054,0.00,,,,,,,,,,,,,,,,,,,,,,,
variant,MP-0152,,,,published,,,,,,,,,,,,,,,,,,,,,,,,c729,MP0152-C729,0.00,,,,,,,,,,,,,,,,,,,,,,,
variant,MP-0152,,,,published,,,,,,,,,,,,,,,,,,,,,,,,c702,MP0152-C702,0.00,,,,,,,,,,,,,,,,,,,,,,,
variant,MP-0152,,,,published,,,,,,,,,,,,,,,,,,,,,,,,c730,MP0152-C730,0.00,,,,,,,,,,,,,,,,,,,,,,,
variant,MP-0152,,,,published,,,,,,,,,,,,,,,,,,,,,,,,c146,MP0152-C146,0.00,,,,,,,,,,,,,,,,,,,,,,,
variant,MP-0152,,,,published,,,,,,,,,,,,,,,,,,,,,,,,c731,MP0152-C731,0.00,,,,,,,,,,,,,,,,,,,,,,,
image,MP-0152,,,,,,,,,,,,,,,,,,,,,,,,,,,,,,,,,"https://res.cloudinary.com/www-stanleystella-com/image/upload/c_lpad,w_1600,f_auto,q_auto/v1/TechnicalNames/SBM0_STTU200_C002.jpg?_i=AB",Freestyler Long Sleeve in Black,1,,,,,,,,,,,,,,,,,,
image,MP-0152,,,,,,,,,,,,,,,,,,,,,,,,,,,,c001,,,,,"https://res.cloudinary.com/www-stanleystella-com/image/upload/c_lpad,w_1600,f_auto,q_auto/v1/TechnicalNames/SBM0_STTU200_C001.jpg?_i=AB",Freestyler Long Sleeve in White,2,,,,,,,,,,,,,,,,,,
image,MP-0152,,,,,,,,,,,,,,,,,,,,,,,,,,,,c727,,,,,"https://res.cloudinary.com/www-stanleystella-com/image/upload/c_lpad,w_1600,f_auto,q_auto/v1/TechnicalNames/SBM0_STTU200_C727.jpg?_i=AB",Freestyler Long Sleeve in French Navy,3,,,,,,,,,,,,,,,,,,
image,MP-0152,,,,,,,,,,,,,,,,,,,,,,,,,,,,c250,,,,,"https://res.cloudinary.com/www-stanleystella-com/image/upload/c_lpad,w_1600,f_auto,q_auto/v1/TechnicalNames/SBM0_STTU200_C250.jpg?_i=AB",Freestyler Long Sleeve in Heather Grey,4,,,,,,,,,,,,,,,,,,
image,MP-0152,,,,,,,,,,,,,,,,,,,,,,,,,,,,c054,,,,,"https://res.cloudinary.com/www-stanleystella-com/image/upload/c_lpad,w_1600,f_auto,q_auto/v1/TechnicalNames/SBM0_STTU200_C054.jpg?_i=AB",Freestyler Long Sleeve in Natural Raw,5,,,,,,,,,,,,,,,,,,
image,MP-0152,,,,,,,,,,,,,,,,,,,,,,,,,,,,c729,,,,,"https://res.cloudinary.com/www-stanleystella-com/image/upload/c_lpad,w_1600,f_auto,q_auto/v1/TechnicalNames/SBM0_STTU200_C729.jpg?_i=AB",Freestyler Long Sleeve in Mindful Blue,6,,,,,,,,,,,,,,,,,,
image,MP-0152,,,,,,,,,,,,,,,,,,,,,,,,,,,,c702,,,,,"https://res.cloudinary.com/www-stanleystella-com/image/upload/c_lpad,w_1600,f_auto,q_auto/v1/TechnicalNames/SBM0_STTU200_C702.jpg?_i=AB",Freestyler Long Sleeve in Stargazer,7,,,,,,,,,,,,,,,,,,
image,MP-0152,,,,,,,,,,,,,,,,,,,,,,,,,,,,c730,,,,,"https://res.cloudinary.com/www-stanleystella-com/image/upload/c_lpad,w_1600,f_auto,q_auto/v1/TechnicalNames/SBM0_STTU200_C730.jpg?_i=AB",Freestyler Long Sleeve in Heritage Brown,8,,,,,,,,,,,,,,,,,,
image,MP-0152,,,,,,,,,,,,,,,,,,,,,,,,,,,,c146,,,,,"https://res.cloudinary.com/www-stanleystella-com/image/upload/c_lpad,w_1600,f_auto,q_auto/v1/TechnicalNames/DFM0_STTU200_C146.jpg?_i=AB",Freestyler Long Sleeve in Cool Heather Grey,9,,,,,,,,,,,,,,,,,,
image,MP-0152,,,,,,,,,,,,,,,,,,,,,,,,,,,,c731,,,,,"https://res.cloudinary.com/www-stanleystella-com/image/upload/c_lpad,w_1600,f_auto,q_auto/v1/TechnicalNames/SBM0_STTU200_C731.jpg?_i=AB",Freestyler Long Sleeve in Heather Haze,10,,,,,,,,,,,,,,,,,,
decoration,MP-0152,,,,,,,,,,,,,,,,,,,,,,,,,,,,,,,,,,,,embroidery,front,160,160,6,Vector or DST,Default maximum for the category — confirm per product.,,,,,,,,,,,
decoration,MP-0152,,,,,,,,,,,,,,,,,,,,,,,,,,,,,,,,,,,,embroidery,back,200,200,6,Vector or DST,Default maximum for the category — confirm per product.,,,,,,,,,,,
decoration,MP-0152,,,,,,,,,,,,,,,,,,,,,,,,,,,,,,,,,,,,embroidery,left_chest,90,90,6,Vector or DST,Default maximum for the category — confirm per product.,,,,,,,,,,,
decoration,MP-0152,,,,,,,,,,,,,,,,,,,,,,,,,,,,,,,,,,,,embroidery,sleeve,70,70,6,Vector or DST,Default maximum for the category — confirm per product.,,,,,,,,,,,
decoration,MP-0152,,,,,,,,,,,,,,,,,,,,,,,,,,,,,,,,,,,,screen,front,300,400,4,Vector,Default maximum for the category — confirm per product.,,,,,,,,,,,
decoration,MP-0152,,,,,,,,,,,,,,,,,,,,,,,,,,,,,,,,,,,,screen,back,320,420,4,Vector,Default maximum for the category — confirm per product.,,,,,,,,,,,
decoration,MP-0152,,,,,,,,,,,,,,,,,,,,,,,,,,,,,,,,,,,,screen,left_chest,100,100,4,Vector,Default maximum for the category — confirm per product.,,,,,,,,,,,
decoration,MP-0152,,,,,,,,,,,,,,,,,,,,,,,,,,,,,,,,,,,,screen,sleeve,80,300,4,Vector,Default maximum for the category — confirm per product.,,,,,,,,,,,
decoration,MP-0152,,,,,,,,,,,,,,,,,,,,,,,,,,,,,,,,,,,,dtf,front,300,400,4,Vector,Default maximum for the category — confirm per product.,,,,,,,,,,,
decoration,MP-0152,,,,,,,,,,,,,,,,,,,,,,,,,,,,,,,,,,,,dtf,back,320,420,4,Vector,Default maximum for the category — confirm per product.,,,,,,,,,,,
decoration,MP-0152,,,,,,,,,,,,,,,,,,,,,,,,,,,,,,,,,,,,dtf,left_chest,100,100,4,Vector,Default maximum for the category — confirm per product.,,,,,,,,,,,
decoration,MP-0152,,,,,,,,,,,,,,,,,,,,,,,,,,,,,,,,,,,,dtf,sleeve,80,300,4,Vector,Default maximum for the category — confirm per product.,,,,,,,,,,,
decoration,MP-0152,,,,,,,,,,,,,,,,,,,,,,,,,,,,,,,,,,,,dtg,front,300,400,4,Vector,Default maximum for the category — confirm per product.,,,,,,,,,,,
decoration,MP-0152,,,,,,,,,,,,,,,,,,,,,,,,,,,,,,,,,,,,dtg,back,320,420,4,Vector,Default maximum for the category — confirm per product.,,,,,,,,,,,
decoration,MP-0152,,,,,,,,,,,,,,,,,,,,,,,,,,,,,,,,,,,,dtg,left_chest,100,100,4,Vector,Default maximum for the category — confirm per product.,,,,,,,,,,,
decoration,MP-0152,,,,,,,,,,,,,,,,,,,,,,,,,,,,,,,,,,,,dtg,sleeve,80,300,4,Vector,Default maximum for the category — confirm per product.,,,,,,,,,,,
product,MP-0153,freestyler-super-vintage,Freestyler Super Vintage,T-shirts,published,25,EUR,,,,,,,3,5,c157|c140,XXS|XS|S|M|L|XL|XXL|3XL,embroidery|screen|dtf|dtg,front|back|left_chest|sleeve,yes,"Shell: Single Jersey, 100% Cotton - Organic Open End, Garment dyed","Shell: Single Jersey, 100% Cotton - Organic Open End, Garment dyed",240,,,,Stanley/Stella,STTU280,,,,,,,,,,,,,,,No supplier cost on file — quote on inquiry.,,,,,,,,,,,
variant,MP-0153,,,,published,,,,,,,,,,,,,,,,,,,,,,,,c157,MP0153-C157,0.00,,,,,,,,,,,,,,,,,,,,,,,
variant,MP-0153,,,,published,,,,,,,,,,,,,,,,,,,,,,,,c140,MP0153-C140,0.00,,,,,,,,,,,,,,,,,,,,,,,
image,MP-0153,,,,,,,,,,,,,,,,,,,,,,,,,,,,,,,,,"https://res.cloudinary.com/www-stanleystella-com/image/upload/c_lpad,w_1600,f_auto,q_auto/v1/TechnicalNames/SBM0_STTU280_C157.jpg?_i=AB",Freestyler Super Vintage in G. Dyed Misty Grey,1,,,,,,,,,,,,,,,,,,
image,MP-0153,,,,,,,,,,,,,,,,,,,,,,,,,,,,c140,,,,,"https://res.cloudinary.com/www-stanleystella-com/image/upload/c_lpad,w_1600,f_auto,q_auto/v1/TechnicalNames/SFM0_STTU280_C140.jpg?_i=AB",Freestyler Super Vintage in G. Dyed Black Rock,2,,,,,,,,,,,,,,,,,,
decoration,MP-0153,,,,,,,,,,,,,,,,,,,,,,,,,,,,,,,,,,,,embroidery,front,160,160,6,Vector or DST,Default maximum for the category — confirm per product.,,,,,,,,,,,
decoration,MP-0153,,,,,,,,,,,,,,,,,,,,,,,,,,,,,,,,,,,,embroidery,back,200,200,6,Vector or DST,Default maximum for the category — confirm per product.,,,,,,,,,,,
decoration,MP-0153,,,,,,,,,,,,,,,,,,,,,,,,,,,,,,,,,,,,embroidery,left_chest,90,90,6,Vector or DST,Default maximum for the category — confirm per product.,,,,,,,,,,,
decoration,MP-0153,,,,,,,,,,,,,,,,,,,,,,,,,,,,,,,,,,,,embroidery,sleeve,70,70,6,Vector or DST,Default maximum for the category — confirm per product.,,,,,,,,,,,
decoration,MP-0153,,,,,,,,,,,,,,,,,,,,,,,,,,,,,,,,,,,,screen,front,300,400,4,Vector,Default maximum for the category — confirm per product.,,,,,,,,,,,
decoration,MP-0153,,,,,,,,,,,,,,,,,,,,,,,,,,,,,,,,,,,,screen,back,320,420,4,Vector,Default maximum for the category — confirm per product.,,,,,,,,,,,
decoration,MP-0153,,,,,,,,,,,,,,,,,,,,,,,,,,,,,,,,,,,,screen,left_chest,100,100,4,Vector,Default maximum for the category — confirm per product.,,,,,,,,,,,
decoration,MP-0153,,,,,,,,,,,,,,,,,,,,,,,,,,,,,,,,,,,,screen,sleeve,80,300,4,Vector,Default maximum for the category — confirm per product.,,,,,,,,,,,
decoration,MP-0153,,,,,,,,,,,,,,,,,,,,,,,,,,,,,,,,,,,,dtf,front,300,400,4,Vector,Default maximum for the category — confirm per product.,,,,,,,,,,,
decoration,MP-0153,,,,,,,,,,,,,,,,,,,,,,,,,,,,,,,,,,,,dtf,back,320,420,4,Vector,Default maximum for the category — confirm per product.,,,,,,,,,,,
decoration,MP-0153,,,,,,,,,,,,,,,,,,,,,,,,,,,,,,,,,,,,dtf,left_chest,100,100,4,Vector,Default maximum for the category — confirm per product.,,,,,,,,,,,
decoration,MP-0153,,,,,,,,,,,,,,,,,,,,,,,,,,,,,,,,,,,,dtf,sleeve,80,300,4,Vector,Default maximum for the category — confirm per product.,,,,,,,,,,,
decoration,MP-0153,,,,,,,,,,,,,,,,,,,,,,,,,,,,,,,,,,,,dtg,front,300,400,4,Vector,Default maximum for the category — confirm per product.,,,,,,,,,,,
decoration,MP-0153,,,,,,,,,,,,,,,,,,,,,,,,,,,,,,,,,,,,dtg,back,320,420,4,Vector,Default maximum for the category — confirm per product.,,,,,,,,,,,
decoration,MP-0153,,,,,,,,,,,,,,,,,,,,,,,,,,,,,,,,,,,,dtg,left_chest,100,100,4,Vector,Default maximum for the category — confirm per product.,,,,,,,,,,,
decoration,MP-0153,,,,,,,,,,,,,,,,,,,,,,,,,,,,,,,,,,,,dtg,sleeve,80,300,4,Vector,Default maximum for the category — confirm per product.,,,,,,,,,,,
product,MP-0154,freestyler-vintage,Freestyler Vintage,T-shirts,published,25,EUR,34.52,31.36,28.33,25.91,24.76,12.55,3,5,c161|c732|c109|c733|c158|c157|c162|c140,XXS|XS|S|M|L|XL|XXL|3XL,embroidery|screen|dtf|dtg,front|back|left_chest|sleeve,yes,"Shell: Single Jersey, 100% Cotton - Organic Open End Carded, Garment washed, Garment dyed","Shell: Single Jersey, 100% Cotton - Organic Open End Carded, Garment washed, Garment dyed",240,,,,Stanley/Stella,STTU073,,,,,,,,,,,,,,,cost 12.55; worst-case decoration 5.86 at 100; market blank 15.67; ours 1.81x market,,,,,,,,,,,
variant,MP-0154,,,,published,,,,,,,,,,,,,,,,,,,,,,,,c161,MP0154-C161,0.00,,,,,,,,,,,,,,,,,,,,,,,
variant,MP-0154,,,,published,,,,,,,,,,,,,,,,,,,,,,,,c732,MP0154-C732,0.00,,,,,,,,,,,,,,,,,,,,,,,
variant,MP-0154,,,,published,,,,,,,,,,,,,,,,,,,,,,,,c109,MP0154-C109,0.00,,,,,,,,,,,,,,,,,,,,,,,
variant,MP-0154,,,,published,,,,,,,,,,,,,,,,,,,,,,,,c733,MP0154-C733,0.00,,,,,,,,,,,,,,,,,,,,,,,
variant,MP-0154,,,,published,,,,,,,,,,,,,,,,,,,,,,,,c158,MP0154-C158,0.00,,,,,,,,,,,,,,,,,,,,,,,
variant,MP-0154,,,,published,,,,,,,,,,,,,,,,,,,,,,,,c157,MP0154-C157,0.00,,,,,,,,,,,,,,,,,,,,,,,
variant,MP-0154,,,,published,,,,,,,,,,,,,,,,,,,,,,,,c162,MP0154-C162,0.00,,,,,,,,,,,,,,,,,,,,,,,
variant,MP-0154,,,,published,,,,,,,,,,,,,,,,,,,,,,,,c140,MP0154-C140,0.00,,,,,,,,,,,,,,,,,,,,,,,
image,MP-0154,,,,,,,,,,,,,,,,,,,,,,,,,,,,,,,,,"https://res.cloudinary.com/www-stanleystella-com/image/upload/c_lpad,w_1600,f_auto,q_auto/v1/TechnicalNames/SFM0_STTU073_C161.jpg?_i=AB",Freestyler Vintage in G. Dyed Purple Love,1,,,,,,,,,,,,,,,,,,
image,MP-0154,,,,,,,,,,,,,,,,,,,,,,,,,,,,c732,,,,,"https://res.cloudinary.com/www-stanleystella-com/image/upload/c_lpad,w_1600,f_auto,q_auto/v1/TechnicalNames/PFD0_STTU073_C732.jpg?_i=AB",Freestyler Vintage in G. Dyed Blue Stone,2,,,,,,,,,,,,,,,,,,
image,MP-0154,,,,,,,,,,,,,,,,,,,,,,,,,,,,c109,,,,,"https://res.cloudinary.com/www-stanleystella-com/image/upload/c_lpad,w_1600,f_auto,q_auto/v1/TechnicalNames/PBM0_STTU073_C109.jpg?_i=AB",Freestyler Vintage in G. Dyed Khaki,3,,,,,,,,,,,,,,,,,,
image,MP-0154,,,,,,,,,,,,,,,,,,,,,,,,,,,,c733,,,,,"https://res.cloudinary.com/www-stanleystella-com/image/upload/c_lpad,w_1600,f_auto,q_auto/v1/TechnicalNames/PFD0_STTU073_C733.jpg?_i=AB",Freestyler Vintage in G. Dyed Latte,4,,,,,,,,,,,,,,,,,,
image,MP-0154,,,,,,,,,,,,,,,,,,,,,,,,,,,,c158,,,,,"https://res.cloudinary.com/www-stanleystella-com/image/upload/c_lpad,w_1600,f_auto,q_auto/v1/TechnicalNames/SBM0_STTU073_C158.jpg?_i=AB",Freestyler Vintage in G. Dyed Blue Grey,5,,,,,,,,,,,,,,,,,,
image,MP-0154,,,,,,,,,,,,,,,,,,,,,,,,,,,,c157,,,,,"https://res.cloudinary.com/www-stanleystella-com/image/upload/c_lpad,w_1600,f_auto,q_auto/v1/TechnicalNames/SBM0_STTU073_C157.jpg?_i=AB",Freestyler Vintage in G. Dyed Misty Grey,6,,,,,,,,,,,,,,,,,,
image,MP-0154,,,,,,,,,,,,,,,,,,,,,,,,,,,,c162,,,,,"https://res.cloudinary.com/www-stanleystella-com/image/upload/c_lpad,w_1600,f_auto,q_auto/v1/TechnicalNames/SBM0_STTU073_C162.jpg?_i=AB",Freestyler Vintage in G. Dyed Anthracite,7,,,,,,,,,,,,,,,,,,
image,MP-0154,,,,,,,,,,,,,,,,,,,,,,,,,,,,c140,,,,,"https://res.cloudinary.com/www-stanleystella-com/image/upload/c_lpad,w_1600,f_auto,q_auto/v1/TechnicalNames/PFD0_STTU073_C140.jpg?_i=AB",Freestyler Vintage in G. Dyed Black Rock,8,,,,,,,,,,,,,,,,,,
decoration,MP-0154,,,,,,,,,,,,,,,,,,,,,,,,,,,,,,,,,,,,embroidery,front,160,160,6,Vector or DST,Default maximum for the category — confirm per product.,,,,,,,,,,,
decoration,MP-0154,,,,,,,,,,,,,,,,,,,,,,,,,,,,,,,,,,,,embroidery,back,200,200,6,Vector or DST,Default maximum for the category — confirm per product.,,,,,,,,,,,
decoration,MP-0154,,,,,,,,,,,,,,,,,,,,,,,,,,,,,,,,,,,,embroidery,left_chest,90,90,6,Vector or DST,Default maximum for the category — confirm per product.,,,,,,,,,,,
decoration,MP-0154,,,,,,,,,,,,,,,,,,,,,,,,,,,,,,,,,,,,embroidery,sleeve,70,70,6,Vector or DST,Default maximum for the category — confirm per product.,,,,,,,,,,,
decoration,MP-0154,,,,,,,,,,,,,,,,,,,,,,,,,,,,,,,,,,,,screen,front,300,400,4,Vector,Default maximum for the category — confirm per product.,,,,,,,,,,,
decoration,MP-0154,,,,,,,,,,,,,,,,,,,,,,,,,,,,,,,,,,,,screen,back,320,420,4,Vector,Default maximum for the category — confirm per product.,,,,,,,,,,,
decoration,MP-0154,,,,,,,,,,,,,,,,,,,,,,,,,,,,,,,,,,,,screen,left_chest,100,100,4,Vector,Default maximum for the category — confirm per product.,,,,,,,,,,,
decoration,MP-0154,,,,,,,,,,,,,,,,,,,,,,,,,,,,,,,,,,,,screen,sleeve,80,300,4,Vector,Default maximum for the category — confirm per product.,,,,,,,,,,,
decoration,MP-0154,,,,,,,,,,,,,,,,,,,,,,,,,,,,,,,,,,,,dtf,front,300,400,4,Vector,Default maximum for the category — confirm per product.,,,,,,,,,,,
decoration,MP-0154,,,,,,,,,,,,,,,,,,,,,,,,,,,,,,,,,,,,dtf,back,320,420,4,Vector,Default maximum for the category — confirm per product.,,,,,,,,,,,
decoration,MP-0154,,,,,,,,,,,,,,,,,,,,,,,,,,,,,,,,,,,,dtf,left_chest,100,100,4,Vector,Default maximum for the category — confirm per product.,,,,,,,,,,,
decoration,MP-0154,,,,,,,,,,,,,,,,,,,,,,,,,,,,,,,,,,,,dtf,sleeve,80,300,4,Vector,Default maximum for the category — confirm per product.,,,,,,,,,,,
decoration,MP-0154,,,,,,,,,,,,,,,,,,,,,,,,,,,,,,,,,,,,dtg,front,300,400,4,Vector,Default maximum for the category — confirm per product.,,,,,,,,,,,
decoration,MP-0154,,,,,,,,,,,,,,,,,,,,,,,,,,,,,,,,,,,,dtg,back,320,420,4,Vector,Default maximum for the category — confirm per product.,,,,,,,,,,,
decoration,MP-0154,,,,,,,,,,,,,,,,,,,,,,,,,,,,,,,,,,,,dtg,left_chest,100,100,4,Vector,Default maximum for the category — confirm per product.,,,,,,,,,,,
decoration,MP-0154,,,,,,,,,,,,,,,,,,,,,,,,,,,,,,,,,,,,dtg,sleeve,80,300,4,Vector,Default maximum for the category — confirm per product.,,,,,,,,,,,
product,MP-0155,hazener,Hazener,T-shirts,published,25,EUR,,,,,,,3,5,c173|c002|c001,XXS|XS|S|M|L|XL|XXL|3XL,embroidery|screen|dtf|dtg,front|back|left_chest|sleeve,yes,"Shell: Interlock, 100% Cotton - Organic Ring Spun Combed, Fabric washed","Shell: Interlock, 100% Cotton - Organic Ring Spun Combed, Fabric washed",370,,,,Stanley/Stella,STTU277,,,,,,,,,,,,,,,No supplier cost on file — quote on inquiry.,,,,,,,,,,,
variant,MP-0155,,,,published,,,,,,,,,,,,,,,,,,,,,,,,c173,MP0155-C173,0.00,,,,,,,,,,,,,,,,,,,,,,,
variant,MP-0155,,,,published,,,,,,,,,,,,,,,,,,,,,,,,c002,MP0155-C002,0.00,,,,,,,,,,,,,,,,,,,,,,,
variant,MP-0155,,,,published,,,,,,,,,,,,,,,,,,,,,,,,c001,MP0155-C001,0.00,,,,,,,,,,,,,,,,,,,,,,,
image,MP-0155,,,,,,,,,,,,,,,,,,,,,,,,,,,,,,,,,"https://res.cloudinary.com/www-stanleystella-com/image/upload/c_lpad,w_1600,f_auto,q_auto/v1/TechnicalNames/SFM0_STTU277_C173.jpg?_i=AB",Hazener in Pebble Blue,1,,,,,,,,,,,,,,,,,,
image,MP-0155,,,,,,,,,,,,,,,,,,,,,,,,,,,,c002,,,,,"https://res.cloudinary.com/www-stanleystella-com/image/upload/c_lpad,w_1600,f_auto,q_auto/v1/TechnicalNames/PBM0_STTU277_C002.jpg?_i=AB",Hazener in Black,2,,,,,,,,,,,,,,,,,,
image,MP-0155,,,,,,,,,,,,,,,,,,,,,,,,,,,,c001,,,,,"https://res.cloudinary.com/www-stanleystella-com/image/upload/c_lpad,w_1600,f_auto,q_auto/v1/TechnicalNames/DFM1_STTU277_C001.jpg?_i=AB",Hazener in White,3,,,,,,,,,,,,,,,,,,
decoration,MP-0155,,,,,,,,,,,,,,,,,,,,,,,,,,,,,,,,,,,,embroidery,front,160,160,6,Vector or DST,Default maximum for the category — confirm per product.,,,,,,,,,,,
decoration,MP-0155,,,,,,,,,,,,,,,,,,,,,,,,,,,,,,,,,,,,embroidery,back,200,200,6,Vector or DST,Default maximum for the category — confirm per product.,,,,,,,,,,,
decoration,MP-0155,,,,,,,,,,,,,,,,,,,,,,,,,,,,,,,,,,,,embroidery,left_chest,90,90,6,Vector or DST,Default maximum for the category — confirm per product.,,,,,,,,,,,
decoration,MP-0155,,,,,,,,,,,,,,,,,,,,,,,,,,,,,,,,,,,,embroidery,sleeve,70,70,6,Vector or DST,Default maximum for the category — confirm per product.,,,,,,,,,,,
decoration,MP-0155,,,,,,,,,,,,,,,,,,,,,,,,,,,,,,,,,,,,screen,front,300,400,4,Vector,Default maximum for the category — confirm per product.,,,,,,,,,,,
decoration,MP-0155,,,,,,,,,,,,,,,,,,,,,,,,,,,,,,,,,,,,screen,back,320,420,4,Vector,Default maximum for the category — confirm per product.,,,,,,,,,,,
decoration,MP-0155,,,,,,,,,,,,,,,,,,,,,,,,,,,,,,,,,,,,screen,left_chest,100,100,4,Vector,Default maximum for the category — confirm per product.,,,,,,,,,,,
decoration,MP-0155,,,,,,,,,,,,,,,,,,,,,,,,,,,,,,,,,,,,screen,sleeve,80,300,4,Vector,Default maximum for the category — confirm per product.,,,,,,,,,,,
decoration,MP-0155,,,,,,,,,,,,,,,,,,,,,,,,,,,,,,,,,,,,dtf,front,300,400,4,Vector,Default maximum for the category — confirm per product.,,,,,,,,,,,
decoration,MP-0155,,,,,,,,,,,,,,,,,,,,,,,,,,,,,,,,,,,,dtf,back,320,420,4,Vector,Default maximum for the category — confirm per product.,,,,,,,,,,,
decoration,MP-0155,,,,,,,,,,,,,,,,,,,,,,,,,,,,,,,,,,,,dtf,left_chest,100,100,4,Vector,Default maximum for the category — confirm per product.,,,,,,,,,,,
decoration,MP-0155,,,,,,,,,,,,,,,,,,,,,,,,,,,,,,,,,,,,dtf,sleeve,80,300,4,Vector,Default maximum for the category — confirm per product.,,,,,,,,,,,
decoration,MP-0155,,,,,,,,,,,,,,,,,,,,,,,,,,,,,,,,,,,,dtg,front,300,400,4,Vector,Default maximum for the category — confirm per product.,,,,,,,,,,,
decoration,MP-0155,,,,,,,,,,,,,,,,,,,,,,,,,,,,,,,,,,,,dtg,back,320,420,4,Vector,Default maximum for the category — confirm per product.,,,,,,,,,,,
decoration,MP-0155,,,,,,,,,,,,,,,,,,,,,,,,,,,,,,,,,,,,dtg,left_chest,100,100,4,Vector,Default maximum for the category — confirm per product.,,,,,,,,,,,
decoration,MP-0155,,,,,,,,,,,,,,,,,,,,,,,,,,,,,,,,,,,,dtg,sleeve,80,300,4,Vector,Default maximum for the category — confirm per product.,,,,,,,,,,,
product,MP-0156,hypster,Hypster,T-shirts,published,25,EUR,28.13,24.97,21.94,19.53,18.38,8.40,3,5,c002|c001|c727|c054|c153|c152|c138,XXS|XS|S|M|L|XL|XXL|3XL,embroidery|screen|dtf|dtg,front|back|left_chest|sleeve,yes,"Shell: Single Jersey, 50% Cotton - Organic Ring Spun Carded,50% Cotton - Recycled Ring Spun Carded, Fabric washed","Shell: Single Jersey, 50% Cotton - Organic Ring Spun Carded,50% Cotton - Recycled Ring Spun Carded, Fabric washed",200,,,,Stanley/Stella,STTU258,,,,,,,,,,,,,,,cost 8.40; worst-case decoration 5.86 at 100; market blank 10.51; ours 2.09x market,,,,,,,,,,,
variant,MP-0156,,,,published,,,,,,,,,,,,,,,,,,,,,,,,c002,MP0156-C002,0.00,,,,,,,,,,,,,,,,,,,,,,,
variant,MP-0156,,,,published,,,,,,,,,,,,,,,,,,,,,,,,c001,MP0156-C001,0.00,,,,,,,,,,,,,,,,,,,,,,,
variant,MP-0156,,,,published,,,,,,,,,,,,,,,,,,,,,,,,c727,MP0156-C727,0.00,,,,,,,,,,,,,,,,,,,,,,,
variant,MP-0156,,,,published,,,,,,,,,,,,,,,,,,,,,,,,c054,MP0156-C054,0.00,,,,,,,,,,,,,,,,,,,,,,,
variant,MP-0156,,,,published,,,,,,,,,,,,,,,,,,,,,,,,c153,MP0156-C153,0.00,,,,,,,,,,,,,,,,,,,,,,,
variant,MP-0156,,,,published,,,,,,,,,,,,,,,,,,,,,,,,c152,MP0156-C152,0.00,,,,,,,,,,,,,,,,,,,,,,,
variant,MP-0156,,,,published,,,,,,,,,,,,,,,,,,,,,,,,c138,MP0156-C138,0.00,,,,,,,,,,,,,,,,,,,,,,,
image,MP-0156,,,,,,,,,,,,,,,,,,,,,,,,,,,,,,,,,"https://res.cloudinary.com/www-stanleystella-com/image/upload/c_lpad,w_1600,f_auto,q_auto/v1/TechnicalNames/SBM0_STTU258_C002.jpg?_i=AB",Hypster in Black,1,,,,,,,,,,,,,,,,,,
image,MP-0156,,,,,,,,,,,,,,,,,,,,,,,,,,,,c001,,,,,"https://res.cloudinary.com/www-stanleystella-com/image/upload/c_lpad,w_1600,f_auto,q_auto/v1/TechnicalNames/SBM0_STTU258_C001.jpg?_i=AB",Hypster in White,2,,,,,,,,,,,,,,,,,,
image,MP-0156,,,,,,,,,,,,,,,,,,,,,,,,,,,,c727,,,,,"https://res.cloudinary.com/www-stanleystella-com/image/upload/c_lpad,w_1600,f_auto,q_auto/v1/TechnicalNames/SBM0_STTU258_C727.jpg?_i=AB",Hypster in French Navy,3,,,,,,,,,,,,,,,,,,
image,MP-0156,,,,,,,,,,,,,,,,,,,,,,,,,,,,c054,,,,,"https://res.cloudinary.com/www-stanleystella-com/image/upload/c_lpad,w_1600,f_auto,q_auto/v1/TechnicalNames/SBM0_STTU258_C054.jpg?_i=AB",Hypster in Natural Raw,4,,,,,,,,,,,,,,,,,,
image,MP-0156,,,,,,,,,,,,,,,,,,,,,,,,,,,,c153,,,,,"https://res.cloudinary.com/www-stanleystella-com/image/upload/c_lpad,w_1600,f_auto,q_auto/v1/TechnicalNames/SBM0_STTU258_C153.jpg?_i=AB",Hypster in Faded Olive,5,,,,,,,,,,,,,,,,,,
image,MP-0156,,,,,,,,,,,,,,,,,,,,,,,,,,,,c152,,,,,"https://res.cloudinary.com/www-stanleystella-com/image/upload/c_lpad,w_1600,f_auto,q_auto/v1/TechnicalNames/SFM0_STTU258_C152.jpg?_i=AB",Hypster in Grounded Beige,6,,,,,,,,,,,,,,,,,,
image,MP-0156,,,,,,,,,,,,,,,,,,,,,,,,,,,,c138,,,,,"https://res.cloudinary.com/www-stanleystella-com/image/upload/c_lpad,w_1600,f_auto,q_auto/v1/TechnicalNames/SBM0_STTU258_C138.jpg?_i=AB",Hypster in Misty Grey,7,,,,,,,,,,,,,,,,,,
decoration,MP-0156,,,,,,,,,,,,,,,,,,,,,,,,,,,,,,,,,,,,embroidery,front,160,160,6,Vector or DST,Default maximum for the category — confirm per product.,,,,,,,,,,,
decoration,MP-0156,,,,,,,,,,,,,,,,,,,,,,,,,,,,,,,,,,,,embroidery,back,200,200,6,Vector or DST,Default maximum for the category — confirm per product.,,,,,,,,,,,
decoration,MP-0156,,,,,,,,,,,,,,,,,,,,,,,,,,,,,,,,,,,,embroidery,left_chest,90,90,6,Vector or DST,Default maximum for the category — confirm per product.,,,,,,,,,,,
decoration,MP-0156,,,,,,,,,,,,,,,,,,,,,,,,,,,,,,,,,,,,embroidery,sleeve,70,70,6,Vector or DST,Default maximum for the category — confirm per product.,,,,,,,,,,,
decoration,MP-0156,,,,,,,,,,,,,,,,,,,,,,,,,,,,,,,,,,,,screen,front,300,400,4,Vector,Default maximum for the category — confirm per product.,,,,,,,,,,,
decoration,MP-0156,,,,,,,,,,,,,,,,,,,,,,,,,,,,,,,,,,,,screen,back,320,420,4,Vector,Default maximum for the category — confirm per product.,,,,,,,,,,,
decoration,MP-0156,,,,,,,,,,,,,,,,,,,,,,,,,,,,,,,,,,,,screen,left_chest,100,100,4,Vector,Default maximum for the category — confirm per product.,,,,,,,,,,,
decoration,MP-0156,,,,,,,,,,,,,,,,,,,,,,,,,,,,,,,,,,,,screen,sleeve,80,300,4,Vector,Default maximum for the category — confirm per product.,,,,,,,,,,,
decoration,MP-0156,,,,,,,,,,,,,,,,,,,,,,,,,,,,,,,,,,,,dtf,front,300,400,4,Vector,Default maximum for the category — confirm per product.,,,,,,,,,,,
decoration,MP-0156,,,,,,,,,,,,,,,,,,,,,,,,,,,,,,,,,,,,dtf,back,320,420,4,Vector,Default maximum for the category — confirm per product.,,,,,,,,,,,
decoration,MP-0156,,,,,,,,,,,,,,,,,,,,,,,,,,,,,,,,,,,,dtf,left_chest,100,100,4,Vector,Default maximum for the category — confirm per product.,,,,,,,,,,,
decoration,MP-0156,,,,,,,,,,,,,,,,,,,,,,,,,,,,,,,,,,,,dtf,sleeve,80,300,4,Vector,Default maximum for the category — confirm per product.,,,,,,,,,,,
decoration,MP-0156,,,,,,,,,,,,,,,,,,,,,,,,,,,,,,,,,,,,dtg,front,300,400,4,Vector,Default maximum for the category — confirm per product.,,,,,,,,,,,
decoration,MP-0156,,,,,,,,,,,,,,,,,,,,,,,,,,,,,,,,,,,,dtg,back,320,420,4,Vector,Default maximum for the category — confirm per product.,,,,,,,,,,,
decoration,MP-0156,,,,,,,,,,,,,,,,,,,,,,,,,,,,,,,,,,,,dtg,left_chest,100,100,4,Vector,Default maximum for the category — confirm per product.,,,,,,,,,,,
decoration,MP-0156,,,,,,,,,,,,,,,,,,,,,,,,,,,,,,,,,,,,dtg,sleeve,80,300,4,Vector,Default maximum for the category — confirm per product.,,,,,,,,,,,
product,MP-0157,mini-creator-2-0,Mini Creator 2.0,T-shirts,published,25,EUR,22.82,19.66,16.63,14.22,13.07,4.95,3,5,c002|c001|c727|c250|c054|c143|c101|c005|c360|c244|c004|c063|c230|c149|c145|c053|c089|c702|c724|c357|c137|c100|c036|c060|c223|c356|c078|c048|c730|c147|c253,3-4/98-104cm|5-6/110-116cm|7-8/122-128cm|9-11/134-146cm|12-13/152-158cm,embroidery|screen|dtf|dtg,front|back|left_chest|sleeve,yes,"Shell: Single Jersey, 100% Cotton - Organic Ring Spun Combed, Fabric washed","Shell: Single Jersey, 100% Cotton - Organic Ring Spun Combed, Fabric washed",155,,,,Stanley/Stella,STTK184,,,,,,,,,,,,,,,cost 4.95; worst-case decoration 5.86 at 100; market blank 5.02; ours 3.31x market,,,,,,,,,,,
variant,MP-0157,,,,published,,,,,,,,,,,,,,,,,,,,,,,,c002,MP0157-C002,0.00,,,,,,,,,,,,,,,,,,,,,,,
variant,MP-0157,,,,published,,,,,,,,,,,,,,,,,,,,,,,,c001,MP0157-C001,0.00,,,,,,,,,,,,,,,,,,,,,,,
variant,MP-0157,,,,published,,,,,,,,,,,,,,,,,,,,,,,,c727,MP0157-C727,0.00,,,,,,,,,,,,,,,,,,,,,,,
variant,MP-0157,,,,published,,,,,,,,,,,,,,,,,,,,,,,,c250,MP0157-C250,0.00,,,,,,,,,,,,,,,,,,,,,,,
variant,MP-0157,,,,published,,,,,,,,,,,,,,,,,,,,,,,,c054,MP0157-C054,0.00,,,,,,,,,,,,,,,,,,,,,,,
variant,MP-0157,,,,published,,,,,,,,,,,,,,,,,,,,,,,,c143,MP0157-C143,0.00,,,,,,,,,,,,,,,,,,,,,,,
variant,MP-0157,,,,published,,,,,,,,,,,,,,,,,,,,,,,,c101,MP0157-C101,0.00,,,,,,,,,,,,,,,,,,,,,,,
variant,MP-0157,,,,published,,,,,,,,,,,,,,,,,,,,,,,,c005,MP0157-C005,0.00,,,,,,,,,,,,,,,,,,,,,,,
variant,MP-0157,,,,published,,,,,,,,,,,,,,,,,,,,,,,,c360,MP0157-C360,0.00,,,,,,,,,,,,,,,,,,,,,,,
variant,MP-0157,,,,published,,,,,,,,,,,,,,,,,,,,,,,,c244,MP0157-C244,0.00,,,,,,,,,,,,,,,,,,,,,,,
variant,MP-0157,,,,published,,,,,,,,,,,,,,,,,,,,,,,,c004,MP0157-C004,0.00,,,,,,,,,,,,,,,,,,,,,,,
variant,MP-0157,,,,published,,,,,,,,,,,,,,,,,,,,,,,,c063,MP0157-C063,0.00,,,,,,,,,,,,,,,,,,,,,,,
variant,MP-0157,,,,published,,,,,,,,,,,,,,,,,,,,,,,,c230,MP0157-C230,0.00,,,,,,,,,,,,,,,,,,,,,,,
variant,MP-0157,,,,published,,,,,,,,,,,,,,,,,,,,,,,,c149,MP0157-C149,0.00,,,,,,,,,,,,,,,,,,,,,,,
variant,MP-0157,,,,published,,,,,,,,,,,,,,,,,,,,,,,,c145,MP0157-C145,0.00,,,,,,,,,,,,,,,,,,,,,,,
variant,MP-0157,,,,published,,,,,,,,,,,,,,,,,,,,,,,,c053,MP0157-C053,0.00,,,,,,,,,,,,,,,,,,,,,,,
variant,MP-0157,,,,published,,,,,,,,,,,,,,,,,,,,,,,,c089,MP0157-C089,0.00,,,,,,,,,,,,,,,,,,,,,,,
variant,MP-0157,,,,published,,,,,,,,,,,,,,,,,,,,,,,,c702,MP0157-C702,0.00,,,,,,,,,,,,,,,,,,,,,,,
variant,MP-0157,,,,published,,,,,,,,,,,,,,,,,,,,,,,,c724,MP0157-C724,0.00,,,,,,,,,,,,,,,,,,,,,,,
variant,MP-0157,,,,published,,,,,,,,,,,,,,,,,,,,,,,,c357,MP0157-C357,0.00,,,,,,,,,,,,,,,,,,,,,,,
variant,MP-0157,,,,published,,,,,,,,,,,,,,,,,,,,,,,,c137,MP0157-C137,0.00,,,,,,,,,,,,,,,,,,,,,,,
variant,MP-0157,,,,published,,,,,,,,,,,,,,,,,,,,,,,,c100,MP0157-C100,0.00,,,,,,,,,,,,,,,,,,,,,,,
variant,MP-0157,,,,published,,,,,,,,,,,,,,,,,,,,,,,,c036,MP0157-C036,0.00,,,,,,,,,,,,,,,,,,,,,,,
variant,MP-0157,,,,published,,,,,,,,,,,,,,,,,,,,,,,,c060,MP0157-C060,0.00,,,,,,,,,,,,,,,,,,,,,,,
variant,MP-0157,,,,published,,,,,,,,,,,,,,,,,,,,,,,,c223,MP0157-C223,0.00,,,,,,,,,,,,,,,,,,,,,,,
variant,MP-0157,,,,published,,,,,,,,,,,,,,,,,,,,,,,,c356,MP0157-C356,0.00,,,,,,,,,,,,,,,,,,,,,,,
variant,MP-0157,,,,published,,,,,,,,,,,,,,,,,,,,,,,,c078,MP0157-C078,0.00,,,,,,,,,,,,,,,,,,,,,,,
variant,MP-0157,,,,published,,,,,,,,,,,,,,,,,,,,,,,,c048,MP0157-C048,0.00,,,,,,,,,,,,,,,,,,,,,,,
variant,MP-0157,,,,published,,,,,,,,,,,,,,,,,,,,,,,,c730,MP0157-C730,0.00,,,,,,,,,,,,,,,,,,,,,,,
variant,MP-0157,,,,published,,,,,,,,,,,,,,,,,,,,,,,,c147,MP0157-C147,0.00,,,,,,,,,,,,,,,,,,,,,,,
variant,MP-0157,,,,published,,,,,,,,,,,,,,,,,,,,,,,,c253,MP0157-C253,0.00,,,,,,,,,,,,,,,,,,,,,,,
image,MP-0157,,,,,,,,,,,,,,,,,,,,,,,,,,,,,,,,,"https://res.cloudinary.com/www-stanleystella-com/image/upload/c_lpad,w_1600,f_auto,q_auto/v1/TechnicalNames/PFD0_STTK184_C002.jpg?_i=AB",Mini Creator 2.0 in Black,1,,,,,,,,,,,,,,,,,,
image,MP-0157,,,,,,,,,,,,,,,,,,,,,,,,,,,,c001,,,,,"https://res.cloudinary.com/www-stanleystella-com/image/upload/c_lpad,w_1600,f_auto,q_auto/v1/TechnicalNames/PFD0_STTK184_C001.jpg?_i=AB",Mini Creator 2.0 in White,2,,,,,,,,,,,,,,,,,,
image,MP-0157,,,,,,,,,,,,,,,,,,,,,,,,,,,,c727,,,,,"https://res.cloudinary.com/www-stanleystella-com/image/upload/c_lpad,w_1600,f_auto,q_auto/v1/TechnicalNames/PFD0_STTK184_C727.jpg?_i=AB",Mini Creator 2.0 in French Navy,3,,,,,,,,,,,,,,,,,,
image,MP-0157,,,,,,,,,,,,,,,,,,,,,,,,,,,,c250,,,,,"https://res.cloudinary.com/www-stanleystella-com/image/upload/c_lpad,w_1600,f_auto,q_auto/v1/TechnicalNames/PFD0_STTK184_C250.jpg?_i=AB",Mini Creator 2.0 in Heather Grey,4,,,,,,,,,,,,,,,,,,
image,MP-0157,,,,,,,,,,,,,,,,,,,,,,,,,,,,c054,,,,,"https://res.cloudinary.com/www-stanleystella-com/image/upload/c_lpad,w_1600,f_auto,q_auto/v1/TechnicalNames/PFD0_STTK184_C054.jpg?_i=AB",Mini Creator 2.0 in Natural Raw,5,,,,,,,,,,,,,,,,,,
image,MP-0157,,,,,,,,,,,,,,,,,,,,,,,,,,,,c143,,,,,"https://res.cloudinary.com/www-stanleystella-com/image/upload/c_lpad,w_1600,f_auto,q_auto/v1/TechnicalNames/PFD0_STTK184_C143.jpg?_i=AB",Mini Creator 2.0 in Fiesta,6,,,,,,,,,,,,,,,,,,
image,MP-0157,,,,,,,,,,,,,,,,,,,,,,,,,,,,c101,,,,,"https://res.cloudinary.com/www-stanleystella-com/image/upload/c_lpad,w_1600,f_auto,q_auto/v1/TechnicalNames/PFD0_STTK184_C101.jpg?_i=AB",Mini Creator 2.0 in Fraiche Peche,7,,,,,,,,,,,,,,,,,,
image,MP-0157,,,,,,,,,,,,,,,,,,,,,,,,,,,,c005,,,,,"https://res.cloudinary.com/www-stanleystella-com/image/upload/c_lpad,w_1600,f_auto,q_auto/v1/TechnicalNames/PFD0_STTK184_C005.jpg?_i=AB",Mini Creator 2.0 in Cotton Pink,8,,,,,,,,,,,,,,,,,,
image,MP-0157,,,,,,,,,,,,,,,,,,,,,,,,,,,,c360,,,,,"https://res.cloudinary.com/www-stanleystella-com/image/upload/c_lpad,w_1600,f_auto,q_auto/v1/TechnicalNames/PBM0_STTK184_C360.jpg?_i=AB",Mini Creator 2.0 in Pink Joy,9,,,,,,,,,,,,,,,,,,
image,MP-0157,,,,,,,,,,,,,,,,,,,,,,,,,,,,c244,,,,,"https://res.cloudinary.com/www-stanleystella-com/image/upload/c_lpad,w_1600,f_auto,q_auto/v1/TechnicalNames/PFD0_STTK184_C244.jpg?_i=AB",Mini Creator 2.0 in Burgundy,10,,,,,,,,,,,,,,,,,,
image,MP-0157,,,,,,,,,,,,,,,,,,,,,,,,,,,,c004,,,,,"https://res.cloudinary.com/www-stanleystella-com/image/upload/c_lpad,w_1600,f_auto,q_auto/v1/TechnicalNames/PFD0_STTK184_C004.jpg?_i=AB",Mini Creator 2.0 in Red,11,,,,,,,,,,,,,,,,,,
image,MP-0157,,,,,,,,,,,,,,,,,,,,,,,,,,,,c063,,,,,"https://res.cloudinary.com/www-stanleystella-com/image/upload/c_lpad,w_1600,f_auto,q_auto/v1/TechnicalNames/PFD0_STTK184_C063.jpg?_i=AB",Mini Creator 2.0 in Lavender,12,,,,,,,,,,,,,,,,,,
image,MP-0157,,,,,,,,,,,,,,,,,,,,,,,,,,,,c230,,,,,"https://res.cloudinary.com/www-stanleystella-com/image/upload/c_lpad,w_1600,f_auto,q_auto/v1/TechnicalNames/PFD0_STTK184_C230.jpg?_i=AB",Mini Creator 2.0 in Royal Blue,13,,,,,,,,,,,,,,,,,,
image,MP-0157,,,,,,,,,,,,,,,,,,,,,,,,,,,,c149,,,,,"https://res.cloudinary.com/www-stanleystella-com/image/upload/c_lpad,w_1600,f_auto,q_auto/v1/TechnicalNames/PFD0_STTK184_C149.jpg?_i=AB",Mini Creator 2.0 in Blue soul,14,,,,,,,,,,,,,,,,,,
image,MP-0157,,,,,,,,,,,,,,,,,,,,,,,,,,,,c145,,,,,"https://res.cloudinary.com/www-stanleystella-com/image/upload/c_lpad,w_1600,f_auto,q_auto/v1/TechnicalNames/PFD0_STTK184_C145.jpg?_i=AB",Mini Creator 2.0 in Aqua Blue,15,,,,,,,,,,,,,,,,,,
image,MP-0157,,,,,,,,,,,,,,,,,,,,,,,,,,,,c053,,,,,"https://res.cloudinary.com/www-stanleystella-com/image/upload/c_lpad,w_1600,f_auto,q_auto/v1/TechnicalNames/PFD0_STTK184_C053.jpg?_i=AB",Mini Creator 2.0 in Bright Blue,16,,,,,,,,,,,,,,,,,,
image,MP-0157,,,,,,,,,,,,,,,,,,,,,,,,,,,,c089,,,,,"https://res.cloudinary.com/www-stanleystella-com/image/upload/c_lpad,w_1600,f_auto,q_auto/v1/TechnicalNames/PFD0_STTK184_C089.jpg?_i=AB",Mini Creator 2.0 in Aloe,17,,,,,,,,,,,,,,,,,,
image,MP-0157,,,,,,,,,,,,,,,,,,,,,,,,,,,,c702,,,,,"https://res.cloudinary.com/www-stanleystella-com/image/upload/c_lpad,w_1600,f_auto,q_auto/v1/TechnicalNames/PBM0_STTK184_C702.jpg?_i=AB",Mini Creator 2.0 in Stargazer,18,,,,,,,,,,,,,,,,,,
image,MP-0157,,,,,,,,,,,,,,,,,,,,,,,,,,,,c724,,,,,"https://res.cloudinary.com/www-stanleystella-com/image/upload/c_lpad,w_1600,f_auto,q_auto/v1/TechnicalNames/PFD0_STTK184_C724.jpg?_i=AB",Mini Creator 2.0 in Caribbean Blue,19,,,,,,,,,,,,,,,,,,
image,MP-0157,,,,,,,,,,,,,,,,,,,,,,,,,,,,c357,,,,,"https://res.cloudinary.com/www-stanleystella-com/image/upload/c_lpad,w_1600,f_auto,q_auto/v1/TechnicalNames/PBM0_STTK184_C357.jpg?_i=AB",Mini Creator 2.0 in Pool Blue,20,,,,,,,,,,,,,,,,,,
image,MP-0157,,,,,,,,,,,,,,,,,,,,,,,,,,,,c137,,,,,"https://res.cloudinary.com/www-stanleystella-com/image/upload/c_lpad,w_1600,f_auto,q_auto/v1/TechnicalNames/SFM0_STTK184_C137.jpg?_i=AB",Mini Creator 2.0 in Verdant Green,21,,,,,,,,,,,,,,,,,,
image,MP-0157,,,,,,,,,,,,,,,,,,,,,,,,,,,,c100,,,,,"https://res.cloudinary.com/www-stanleystella-com/image/upload/c_lpad,w_1600,f_auto,q_auto/v1/TechnicalNames/PFD0_STTK184_C100.jpg?_i=AB",Mini Creator 2.0 in Go Green,22,,,,,,,,,,,,,,,,,,
image,MP-0157,,,,,,,,,,,,,,,,,,,,,,,,,,,,c036,,,,,"https://res.cloudinary.com/www-stanleystella-com/image/upload/c_lpad,w_1600,f_auto,q_auto/v1/TechnicalNames/PFD0_STTK184_C036.jpg?_i=AB",Mini Creator 2.0 in Glazed Green,23,,,,,,,,,,,,,,,,,,
image,MP-0157,,,,,,,,,,,,,,,,,,,,,,,,,,,,c060,,,,,"https://res.cloudinary.com/www-stanleystella-com/image/upload/c_lpad,w_1600,f_auto,q_auto/v1/TechnicalNames/PFD0_STTK184_C060.jpg?_i=AB",Mini Creator 2.0 in Teal Monstera,24,,,,,,,,,,,,,,,,,,
image,MP-0157,,,,,,,,,,,,,,,,,,,,,,,,,,,,c223,,,,,"https://res.cloudinary.com/www-stanleystella-com/image/upload/c_lpad,w_1600,f_auto,q_auto/v1/TechnicalNames/PFD0_STTK184_C223.jpg?_i=AB",Mini Creator 2.0 in Khaki,25,,,,,,,,,,,,,,,,,,
image,MP-0157,,,,,,,,,,,,,,,,,,,,,,,,,,,,c356,,,,,"https://res.cloudinary.com/www-stanleystella-com/image/upload/c_lpad,w_1600,f_auto,q_auto/v1/TechnicalNames/PBM0_STTK184_C356.jpg?_i=AB",Mini Creator 2.0 in Viva Yellow,26,,,,,,,,,,,,,,,,,,
image,MP-0157,,,,,,,,,,,,,,,,,,,,,,,,,,,,c078,,,,,"https://res.cloudinary.com/www-stanleystella-com/image/upload/c_lpad,w_1600,f_auto,q_auto/v1/TechnicalNames/PFD0_STTK184_C078.jpg?_i=AB",Mini Creator 2.0 in Butter,27,,,,,,,,,,,,,,,,,,
image,MP-0157,,,,,,,,,,,,,,,,,,,,,,,,,,,,c048,,,,,"https://res.cloudinary.com/www-stanleystella-com/image/upload/c_lpad,w_1600,f_auto,q_auto/v1/TechnicalNames/PFD0_STTK184_C048.jpg?_i=AB",Mini Creator 2.0 in Ochre,28,,,,,,,,,,,,,,,,,,
image,MP-0157,,,,,,,,,,,,,,,,,,,,,,,,,,,,c730,,,,,"https://res.cloudinary.com/www-stanleystella-com/image/upload/c_lpad,w_1600,f_auto,q_auto/v1/TechnicalNames/PBM0_STTK184_C730.jpg?_i=AB",Mini Creator 2.0 in Heritage Brown,29,,,,,,,,,,,,,,,,,,
image,MP-0157,,,,,,,,,,,,,,,,,,,,,,,,,,,,c147,,,,,"https://res.cloudinary.com/www-stanleystella-com/image/upload/c_lpad,w_1600,f_auto,q_auto/v1/TechnicalNames/PFD0_STTK184_C147.jpg?_i=AB",Mini Creator 2.0 in Eco-Heather,30,,,,,,,,,,,,,,,,,,
image,MP-0157,,,,,,,,,,,,,,,,,,,,,,,,,,,,c253,,,,,"https://res.cloudinary.com/www-stanleystella-com/image/upload/c_lpad,w_1600,f_auto,q_auto/v1/TechnicalNames/PFD0_STTK184_C253.jpg?_i=AB",Mini Creator 2.0 in Anthracite,31,,,,,,,,,,,,,,,,,,
decoration,MP-0157,,,,,,,,,,,,,,,,,,,,,,,,,,,,,,,,,,,,embroidery,front,160,160,6,Vector or DST,Default maximum for the category — confirm per product.,,,,,,,,,,,
decoration,MP-0157,,,,,,,,,,,,,,,,,,,,,,,,,,,,,,,,,,,,embroidery,back,200,200,6,Vector or DST,Default maximum for the category — confirm per product.,,,,,,,,,,,
decoration,MP-0157,,,,,,,,,,,,,,,,,,,,,,,,,,,,,,,,,,,,embroidery,left_chest,90,90,6,Vector or DST,Default maximum for the category — confirm per product.,,,,,,,,,,,
decoration,MP-0157,,,,,,,,,,,,,,,,,,,,,,,,,,,,,,,,,,,,embroidery,sleeve,70,70,6,Vector or DST,Default maximum for the category — confirm per product.,,,,,,,,,,,
decoration,MP-0157,,,,,,,,,,,,,,,,,,,,,,,,,,,,,,,,,,,,screen,front,300,400,4,Vector,Default maximum for the category — confirm per product.,,,,,,,,,,,
decoration,MP-0157,,,,,,,,,,,,,,,,,,,,,,,,,,,,,,,,,,,,screen,back,320,420,4,Vector,Default maximum for the category — confirm per product.,,,,,,,,,,,
decoration,MP-0157,,,,,,,,,,,,,,,,,,,,,,,,,,,,,,,,,,,,screen,left_chest,100,100,4,Vector,Default maximum for the category — confirm per product.,,,,,,,,,,,
decoration,MP-0157,,,,,,,,,,,,,,,,,,,,,,,,,,,,,,,,,,,,screen,sleeve,80,300,4,Vector,Default maximum for the category — confirm per product.,,,,,,,,,,,
decoration,MP-0157,,,,,,,,,,,,,,,,,,,,,,,,,,,,,,,,,,,,dtf,front,300,400,4,Vector,Default maximum for the category — confirm per product.,,,,,,,,,,,
decoration,MP-0157,,,,,,,,,,,,,,,,,,,,,,,,,,,,,,,,,,,,dtf,back,320,420,4,Vector,Default maximum for the category — confirm per product.,,,,,,,,,,,
decoration,MP-0157,,,,,,,,,,,,,,,,,,,,,,,,,,,,,,,,,,,,dtf,left_chest,100,100,4,Vector,Default maximum for the category — confirm per product.,,,,,,,,,,,
decoration,MP-0157,,,,,,,,,,,,,,,,,,,,,,,,,,,,,,,,,,,,dtf,sleeve,80,300,4,Vector,Default maximum for the category — confirm per product.,,,,,,,,,,,
decoration,MP-0157,,,,,,,,,,,,,,,,,,,,,,,,,,,,,,,,,,,,dtg,front,300,400,4,Vector,Default maximum for the category — confirm per product.,,,,,,,,,,,
decoration,MP-0157,,,,,,,,,,,,,,,,,,,,,,,,,,,,,,,,,,,,dtg,back,320,420,4,Vector,Default maximum for the category — confirm per product.,,,,,,,,,,,
decoration,MP-0157,,,,,,,,,,,,,,,,,,,,,,,,,,,,,,,,,,,,dtg,left_chest,100,100,4,Vector,Default maximum for the category — confirm per product.,,,,,,,,,,,
decoration,MP-0157,,,,,,,,,,,,,,,,,,,,,,,,,,,,,,,,,,,,dtg,sleeve,80,300,4,Vector,Default maximum for the category — confirm per product.,,,,,,,,,,,
product,MP-0158,re-creator,RE-Creator,T-shirts,published,25,EUR,23.75,20.59,17.56,15.14,13.99,5.55,3,5,c601|c602|c600,XXS|XS|S|M|L|XL|XXL|3XL,embroidery|screen|dtf|dtg,front|back|left_chest|sleeve,yes,"Shell: Single Jersey, 50% Cotton - Recycled Open End,50% Cotton - Organic Raw Open End, Fabric washed","Shell: Single Jersey, 50% Cotton - Recycled Open End,50% Cotton - Organic Raw Open End, Fabric washed",180,,,,Stanley/Stella,STTU787,,,,,,,,,,,,,,,cost 5.55; worst-case decoration 5.86 at 100; market blank 6.96; ours 2.52x market,,,,,,,,,,,
variant,MP-0158,,,,published,,,,,,,,,,,,,,,,,,,,,,,,c601,MP0158-C601,0.00,,,,,,,,,,,,,,,,,,,,,,,
variant,MP-0158,,,,published,,,,,,,,,,,,,,,,,,,,,,,,c602,MP0158-C602,0.00,,,,,,,,,,,,,,,,,,,,,,,
variant,MP-0158,,,,published,,,,,,,,,,,,,,,,,,,,,,,,c600,MP0158-C600,0.00,,,,,,,,,,,,,,,,,,,,,,,
image,MP-0158,,,,,,,,,,,,,,,,,,,,,,,,,,,,,,,,,"https://res.cloudinary.com/www-stanleystella-com/image/upload/c_lpad,w_1600,f_auto,q_auto/v1/TechnicalNames/SFM3_STTU787_C601.jpg?_i=AB",RE-Creator in RE-Navy,1,,,,,,,,,,,,,,,,,,
image,MP-0158,,,,,,,,,,,,,,,,,,,,,,,,,,,,c602,,,,,"https://res.cloudinary.com/www-stanleystella-com/image/upload/c_lpad,w_1600,f_auto,q_auto/v1/TechnicalNames/SFM3_STTU787_C602.jpg?_i=AB",RE-Creator in RE-White,2,,,,,,,,,,,,,,,,,,
image,MP-0158,,,,,,,,,,,,,,,,,,,,,,,,,,,,c600,,,,,"https://res.cloudinary.com/www-stanleystella-com/image/upload/c_lpad,w_1600,f_auto,q_auto/v1/TechnicalNames/SFM3_STTU787_C600.jpg?_i=AB",RE-Creator in RE-Black,3,,,,,,,,,,,,,,,,,,
decoration,MP-0158,,,,,,,,,,,,,,,,,,,,,,,,,,,,,,,,,,,,embroidery,front,160,160,6,Vector or DST,Default maximum for the category — confirm per product.,,,,,,,,,,,
decoration,MP-0158,,,,,,,,,,,,,,,,,,,,,,,,,,,,,,,,,,,,embroidery,back,200,200,6,Vector or DST,Default maximum for the category — confirm per product.,,,,,,,,,,,
decoration,MP-0158,,,,,,,,,,,,,,,,,,,,,,,,,,,,,,,,,,,,embroidery,left_chest,90,90,6,Vector or DST,Default maximum for the category — confirm per product.,,,,,,,,,,,
decoration,MP-0158,,,,,,,,,,,,,,,,,,,,,,,,,,,,,,,,,,,,embroidery,sleeve,70,70,6,Vector or DST,Default maximum for the category — confirm per product.,,,,,,,,,,,
decoration,MP-0158,,,,,,,,,,,,,,,,,,,,,,,,,,,,,,,,,,,,screen,front,300,400,4,Vector,Default maximum for the category — confirm per product.,,,,,,,,,,,
decoration,MP-0158,,,,,,,,,,,,,,,,,,,,,,,,,,,,,,,,,,,,screen,back,320,420,4,Vector,Default maximum for the category — confirm per product.,,,,,,,,,,,
decoration,MP-0158,,,,,,,,,,,,,,,,,,,,,,,,,,,,,,,,,,,,screen,left_chest,100,100,4,Vector,Default maximum for the category — confirm per product.,,,,,,,,,,,
decoration,MP-0158,,,,,,,,,,,,,,,,,,,,,,,,,,,,,,,,,,,,screen,sleeve,80,300,4,Vector,Default maximum for the category — confirm per product.,,,,,,,,,,,
decoration,MP-0158,,,,,,,,,,,,,,,,,,,,,,,,,,,,,,,,,,,,dtf,front,300,400,4,Vector,Default maximum for the category — confirm per product.,,,,,,,,,,,
decoration,MP-0158,,,,,,,,,,,,,,,,,,,,,,,,,,,,,,,,,,,,dtf,back,320,420,4,Vector,Default maximum for the category — confirm per product.,,,,,,,,,,,
decoration,MP-0158,,,,,,,,,,,,,,,,,,,,,,,,,,,,,,,,,,,,dtf,left_chest,100,100,4,Vector,Default maximum for the category — confirm per product.,,,,,,,,,,,
decoration,MP-0158,,,,,,,,,,,,,,,,,,,,,,,,,,,,,,,,,,,,dtf,sleeve,80,300,4,Vector,Default maximum for the category — confirm per product.,,,,,,,,,,,
decoration,MP-0158,,,,,,,,,,,,,,,,,,,,,,,,,,,,,,,,,,,,dtg,front,300,400,4,Vector,Default maximum for the category — confirm per product.,,,,,,,,,,,
decoration,MP-0158,,,,,,,,,,,,,,,,,,,,,,,,,,,,,,,,,,,,dtg,back,320,420,4,Vector,Default maximum for the category — confirm per product.,,,,,,,,,,,
decoration,MP-0158,,,,,,,,,,,,,,,,,,,,,,,,,,,,,,,,,,,,dtg,left_chest,100,100,4,Vector,Default maximum for the category — confirm per product.,,,,,,,,,,,
decoration,MP-0158,,,,,,,,,,,,,,,,,,,,,,,,,,,,,,,,,,,,dtg,sleeve,80,300,4,Vector,Default maximum for the category — confirm per product.,,,,,,,,,,,
product,MP-0159,reeser,Reeser,T-shirts,published,25,EUR,,,,,,,3,5,c172|c171|c002|c001|c727|c361,XXS|XS|S|M|L|XL|XXL|3XL,embroidery|screen|dtf|dtg,front|back|left_chest|sleeve,yes,"Shell: Single Jersey, 50% Cotton - Organic Open End Carded,50%Cotton - Recycled Open End Carded, Fabric washed","Shell: Single Jersey, 50% Cotton - Organic Open End Carded,50%Cotton - Recycled Open End Carded, Fabric washed",220,,,,Stanley/Stella,STTU272,,,,,,,,,,,,,,,No supplier cost on file — quote on inquiry.,,,,,,,,,,,
variant,MP-0159,,,,published,,,,,,,,,,,,,,,,,,,,,,,,c172,MP0159-C172,0.00,,,,,,,,,,,,,,,,,,,,,,,
variant,MP-0159,,,,published,,,,,,,,,,,,,,,,,,,,,,,,c171,MP0159-C171,0.00,,,,,,,,,,,,,,,,,,,,,,,
variant,MP-0159,,,,published,,,,,,,,,,,,,,,,,,,,,,,,c002,MP0159-C002,0.00,,,,,,,,,,,,,,,,,,,,,,,
variant,MP-0159,,,,published,,,,,,,,,,,,,,,,,,,,,,,,c001,MP0159-C001,0.00,,,,,,,,,,,,,,,,,,,,,,,
variant,MP-0159,,,,published,,,,,,,,,,,,,,,,,,,,,,,,c727,MP0159-C727,0.00,,,,,,,,,,,,,,,,,,,,,,,
variant,MP-0159,,,,published,,,,,,,,,,,,,,,,,,,,,,,,c361,MP0159-C361,0.00,,,,,,,,,,,,,,,,,,,,,,,
image,MP-0159,,,,,,,,,,,,,,,,,,,,,,,,,,,,,,,,,"https://res.cloudinary.com/www-stanleystella-com/image/upload/c_lpad,w_1600,f_auto,q_auto/v1/TechnicalNames/DFC0_STTU272_C172.jpg?_i=AB",Reeser in Passionate Red,1,,,,,,,,,,,,,,,,,,
image,MP-0159,,,,,,,,,,,,,,,,,,,,,,,,,,,,c171,,,,,"https://res.cloudinary.com/www-stanleystella-com/image/upload/c_lpad,w_1600,f_auto,q_auto/v1/TechnicalNames/SFM0_STTU272_C171.jpg?_i=AB",Reeser in Mosstone,2,,,,,,,,,,,,,,,,,,
image,MP-0159,,,,,,,,,,,,,,,,,,,,,,,,,,,,c002,,,,,"https://res.cloudinary.com/www-stanleystella-com/image/upload/c_lpad,w_1600,f_auto,q_auto/v1/TechnicalNames/SBC0_STTU272_C002.jpg?_i=AB",Reeser in Black,3,,,,,,,,,,,,,,,,,,
image,MP-0159,,,,,,,,,,,,,,,,,,,,,,,,,,,,c001,,,,,"https://res.cloudinary.com/www-stanleystella-com/image/upload/c_lpad,w_1600,f_auto,q_auto/v1/TechnicalNames/SBC0_STTU272_C001.jpg?_i=AB",Reeser in White,4,,,,,,,,,,,,,,,,,,
image,MP-0159,,,,,,,,,,,,,,,,,,,,,,,,,,,,c727,,,,,"https://res.cloudinary.com/www-stanleystella-com/image/upload/c_lpad,w_1600,f_auto,q_auto/v1/TechnicalNames/SBC0_STTU272_C727.jpg?_i=AB",Reeser in French Navy,5,,,,,,,,,,,,,,,,,,
image,MP-0159,,,,,,,,,,,,,,,,,,,,,,,,,,,,c361,,,,,"https://res.cloudinary.com/www-stanleystella-com/image/upload/c_lpad,w_1600,f_auto,q_auto/v1/TechnicalNames/SBC0_STTU272_C361.jpg?_i=AB",Reeser in Cream,6,,,,,,,,,,,,,,,,,,
decoration,MP-0159,,,,,,,,,,,,,,,,,,,,,,,,,,,,,,,,,,,,embroidery,front,160,160,6,Vector or DST,Default maximum for the category — confirm per product.,,,,,,,,,,,
decoration,MP-0159,,,,,,,,,,,,,,,,,,,,,,,,,,,,,,,,,,,,embroidery,back,200,200,6,Vector or DST,Default maximum for the category — confirm per product.,,,,,,,,,,,
decoration,MP-0159,,,,,,,,,,,,,,,,,,,,,,,,,,,,,,,,,,,,embroidery,left_chest,90,90,6,Vector or DST,Default maximum for the category — confirm per product.,,,,,,,,,,,
decoration,MP-0159,,,,,,,,,,,,,,,,,,,,,,,,,,,,,,,,,,,,embroidery,sleeve,70,70,6,Vector or DST,Default maximum for the category — confirm per product.,,,,,,,,,,,
decoration,MP-0159,,,,,,,,,,,,,,,,,,,,,,,,,,,,,,,,,,,,screen,front,300,400,4,Vector,Default maximum for the category — confirm per product.,,,,,,,,,,,
decoration,MP-0159,,,,,,,,,,,,,,,,,,,,,,,,,,,,,,,,,,,,screen,back,320,420,4,Vector,Default maximum for the category — confirm per product.,,,,,,,,,,,
decoration,MP-0159,,,,,,,,,,,,,,,,,,,,,,,,,,,,,,,,,,,,screen,left_chest,100,100,4,Vector,Default maximum for the category — confirm per product.,,,,,,,,,,,
decoration,MP-0159,,,,,,,,,,,,,,,,,,,,,,,,,,,,,,,,,,,,screen,sleeve,80,300,4,Vector,Default maximum for the category — confirm per product.,,,,,,,,,,,
decoration,MP-0159,,,,,,,,,,,,,,,,,,,,,,,,,,,,,,,,,,,,dtf,front,300,400,4,Vector,Default maximum for the category — confirm per product.,,,,,,,,,,,
decoration,MP-0159,,,,,,,,,,,,,,,,,,,,,,,,,,,,,,,,,,,,dtf,back,320,420,4,Vector,Default maximum for the category — confirm per product.,,,,,,,,,,,
decoration,MP-0159,,,,,,,,,,,,,,,,,,,,,,,,,,,,,,,,,,,,dtf,left_chest,100,100,4,Vector,Default maximum for the category — confirm per product.,,,,,,,,,,,
decoration,MP-0159,,,,,,,,,,,,,,,,,,,,,,,,,,,,,,,,,,,,dtf,sleeve,80,300,4,Vector,Default maximum for the category — confirm per product.,,,,,,,,,,,
decoration,MP-0159,,,,,,,,,,,,,,,,,,,,,,,,,,,,,,,,,,,,dtg,front,300,400,4,Vector,Default maximum for the category — confirm per product.,,,,,,,,,,,
decoration,MP-0159,,,,,,,,,,,,,,,,,,,,,,,,,,,,,,,,,,,,dtg,back,320,420,4,Vector,Default maximum for the category — confirm per product.,,,,,,,,,,,
decoration,MP-0159,,,,,,,,,,,,,,,,,,,,,,,,,,,,,,,,,,,,dtg,left_chest,100,100,4,Vector,Default maximum for the category — confirm per product.,,,,,,,,,,,
decoration,MP-0159,,,,,,,,,,,,,,,,,,,,,,,,,,,,,,,,,,,,dtg,sleeve,80,300,4,Vector,Default maximum for the category — confirm per product.,,,,,,,,,,,
product,MP-0160,rocker,Rocker,T-shirts,published,25,EUR,24.64,21.48,18.45,16.03,14.89,6.13,3,5,c002|c001|c727|c250|c253,XXS|XS|S|M|L|XL|XXL|3XL|4XL|5XL,embroidery|screen|dtf|dtg,front|back|left_chest|sleeve,yes,"Shell: Single Jersey, 100% Cotton - Organic Ring Spun Combed, Fabric washed","Shell: Single Jersey, 100% Cotton - Organic Ring Spun Combed, Fabric washed",150,,,,Stanley/Stella,STTU758,,,,,,,,,,,,,,,cost 6.13; worst-case decoration 5.86 at 100; market blank 4.93; ours 3.75x market,,,,,,,,,,,
variant,MP-0160,,,,published,,,,,,,,,,,,,,,,,,,,,,,,c002,MP0160-C002,0.00,,,,,,,,,,,,,,,,,,,,,,,
variant,MP-0160,,,,published,,,,,,,,,,,,,,,,,,,,,,,,c001,MP0160-C001,0.00,,,,,,,,,,,,,,,,,,,,,,,
variant,MP-0160,,,,published,,,,,,,,,,,,,,,,,,,,,,,,c727,MP0160-C727,0.00,,,,,,,,,,,,,,,,,,,,,,,
variant,MP-0160,,,,published,,,,,,,,,,,,,,,,,,,,,,,,c250,MP0160-C250,0.00,,,,,,,,,,,,,,,,,,,,,,,
variant,MP-0160,,,,published,,,,,,,,,,,,,,,,,,,,,,,,c253,MP0160-C253,0.00,,,,,,,,,,,,,,,,,,,,,,,
image,MP-0160,,,,,,,,,,,,,,,,,,,,,,,,,,,,,,,,,"https://res.cloudinary.com/www-stanleystella-com/image/upload/c_lpad,w_1600,f_auto,q_auto/v1/TechnicalNames/SFM7_STTU758_C002.jpg?_i=AB",Rocker in Black,1,,,,,,,,,,,,,,,,,,
image,MP-0160,,,,,,,,,,,,,,,,,,,,,,,,,,,,c001,,,,,"https://res.cloudinary.com/www-stanleystella-com/image/upload/c_lpad,w_1600,f_auto,q_auto/v1/TechnicalNames/PFM0_STTU758_C001.jpg?_i=AB",Rocker in White,2,,,,,,,,,,,,,,,,,,
image,MP-0160,,,,,,,,,,,,,,,,,,,,,,,,,,,,c727,,,,,"https://res.cloudinary.com/www-stanleystella-com/image/upload/c_lpad,w_1600,f_auto,q_auto/v1/TechnicalNames/PFM0_STTU758_C727.jpg?_i=AB",Rocker in French Navy,3,,,,,,,,,,,,,,,,,,
image,MP-0160,,,,,,,,,,,,,,,,,,,,,,,,,,,,c250,,,,,"https://res.cloudinary.com/www-stanleystella-com/image/upload/c_lpad,w_1600,f_auto,q_auto/v1/TechnicalNames/SFM0_STTU758_C250.jpg?_i=AB",Rocker in Heather Grey,4,,,,,,,,,,,,,,,,,,
image,MP-0160,,,,,,,,,,,,,,,,,,,,,,,,,,,,c253,,,,,"https://res.cloudinary.com/www-stanleystella-com/image/upload/c_lpad,w_1600,f_auto,q_auto/v1/TechnicalNames/SFM3_STTU758_C253.jpg?_i=AB",Rocker in Anthracite,5,,,,,,,,,,,,,,,,,,
decoration,MP-0160,,,,,,,,,,,,,,,,,,,,,,,,,,,,,,,,,,,,embroidery,front,160,160,6,Vector or DST,Default maximum for the category — confirm per product.,,,,,,,,,,,
decoration,MP-0160,,,,,,,,,,,,,,,,,,,,,,,,,,,,,,,,,,,,embroidery,back,200,200,6,Vector or DST,Default maximum for the category — confirm per product.,,,,,,,,,,,
decoration,MP-0160,,,,,,,,,,,,,,,,,,,,,,,,,,,,,,,,,,,,embroidery,left_chest,90,90,6,Vector or DST,Default maximum for the category — confirm per product.,,,,,,,,,,,
decoration,MP-0160,,,,,,,,,,,,,,,,,,,,,,,,,,,,,,,,,,,,embroidery,sleeve,70,70,6,Vector or DST,Default maximum for the category — confirm per product.,,,,,,,,,,,
decoration,MP-0160,,,,,,,,,,,,,,,,,,,,,,,,,,,,,,,,,,,,screen,front,300,400,4,Vector,Default maximum for the category — confirm per product.,,,,,,,,,,,
decoration,MP-0160,,,,,,,,,,,,,,,,,,,,,,,,,,,,,,,,,,,,screen,back,320,420,4,Vector,Default maximum for the category — confirm per product.,,,,,,,,,,,
decoration,MP-0160,,,,,,,,,,,,,,,,,,,,,,,,,,,,,,,,,,,,screen,left_chest,100,100,4,Vector,Default maximum for the category — confirm per product.,,,,,,,,,,,
decoration,MP-0160,,,,,,,,,,,,,,,,,,,,,,,,,,,,,,,,,,,,screen,sleeve,80,300,4,Vector,Default maximum for the category — confirm per product.,,,,,,,,,,,
decoration,MP-0160,,,,,,,,,,,,,,,,,,,,,,,,,,,,,,,,,,,,dtf,front,300,400,4,Vector,Default maximum for the category — confirm per product.,,,,,,,,,,,
decoration,MP-0160,,,,,,,,,,,,,,,,,,,,,,,,,,,,,,,,,,,,dtf,back,320,420,4,Vector,Default maximum for the category — confirm per product.,,,,,,,,,,,
decoration,MP-0160,,,,,,,,,,,,,,,,,,,,,,,,,,,,,,,,,,,,dtf,left_chest,100,100,4,Vector,Default maximum for the category — confirm per product.,,,,,,,,,,,
decoration,MP-0160,,,,,,,,,,,,,,,,,,,,,,,,,,,,,,,,,,,,dtf,sleeve,80,300,4,Vector,Default maximum for the category — confirm per product.,,,,,,,,,,,
decoration,MP-0160,,,,,,,,,,,,,,,,,,,,,,,,,,,,,,,,,,,,dtg,front,300,400,4,Vector,Default maximum for the category — confirm per product.,,,,,,,,,,,
decoration,MP-0160,,,,,,,,,,,,,,,,,,,,,,,,,,,,,,,,,,,,dtg,back,320,420,4,Vector,Default maximum for the category — confirm per product.,,,,,,,,,,,
decoration,MP-0160,,,,,,,,,,,,,,,,,,,,,,,,,,,,,,,,,,,,dtg,left_chest,100,100,4,Vector,Default maximum for the category — confirm per product.,,,,,,,,,,,
decoration,MP-0160,,,,,,,,,,,,,,,,,,,,,,,,,,,,,,,,,,,,dtg,sleeve,80,300,4,Vector,Default maximum for the category — confirm per product.,,,,,,,,,,,
product,MP-0161,shifts-dry,Shifts Dry,T-shirts,published,25,EUR,,,,,,,3,5,c001|c054|c002|c087|c702|c088|c727|c250,XXS|XS|S|M|L|XL|XXL|3XL,embroidery|screen|dtf|dtg,front|back|left_chest|sleeve,yes,"Shell: Single Jersey, 100% Cotton - Organic Ring Spun Combed, Dry Handfeel","Shell: Single Jersey, 100% Cotton - Organic Ring Spun Combed, Dry Handfeel",200,,,,Stanley/Stella,STTM558,,,,,,,,,,,,,,,No supplier cost on file — quote on inquiry.,,,,,,,,,,,
variant,MP-0161,,,,published,,,,,,,,,,,,,,,,,,,,,,,,c001,MP0161-C001,0.00,,,,,,,,,,,,,,,,,,,,,,,
variant,MP-0161,,,,published,,,,,,,,,,,,,,,,,,,,,,,,c054,MP0161-C054,0.00,,,,,,,,,,,,,,,,,,,,,,,
variant,MP-0161,,,,published,,,,,,,,,,,,,,,,,,,,,,,,c002,MP0161-C002,0.00,,,,,,,,,,,,,,,,,,,,,,,
variant,MP-0161,,,,published,,,,,,,,,,,,,,,,,,,,,,,,c087,MP0161-C087,0.00,,,,,,,,,,,,,,,,,,,,,,,
variant,MP-0161,,,,published,,,,,,,,,,,,,,,,,,,,,,,,c702,MP0161-C702,0.00,,,,,,,,,,,,,,,,,,,,,,,
variant,MP-0161,,,,published,,,,,,,,,,,,,,,,,,,,,,,,c088,MP0161-C088,0.00,,,,,,,,,,,,,,,,,,,,,,,
variant,MP-0161,,,,published,,,,,,,,,,,,,,,,,,,,,,,,c727,MP0161-C727,0.00,,,,,,,,,,,,,,,,,,,,,,,
variant,MP-0161,,,,published,,,,,,,,,,,,,,,,,,,,,,,,c250,MP0161-C250,0.00,,,,,,,,,,,,,,,,,,,,,,,
image,MP-0161,,,,,,,,,,,,,,,,,,,,,,,,,,,,,,,,,"https://res.cloudinary.com/www-stanleystella-com/image/upload/c_lpad,w_1600,f_auto,q_auto/v1/TechnicalNames/DFM0_STTM558_C702.jpg?_i=AB",Shifts Dry in Stargazer,1,,,,,,,,,,,,,,,,,,
decoration,MP-0161,,,,,,,,,,,,,,,,,,,,,,,,,,,,,,,,,,,,embroidery,front,160,160,6,Vector or DST,Default maximum for the category — confirm per product.,,,,,,,,,,,
decoration,MP-0161,,,,,,,,,,,,,,,,,,,,,,,,,,,,,,,,,,,,embroidery,back,200,200,6,Vector or DST,Default maximum for the category — confirm per product.,,,,,,,,,,,
decoration,MP-0161,,,,,,,,,,,,,,,,,,,,,,,,,,,,,,,,,,,,embroidery,left_chest,90,90,6,Vector or DST,Default maximum for the category — confirm per product.,,,,,,,,,,,
decoration,MP-0161,,,,,,,,,,,,,,,,,,,,,,,,,,,,,,,,,,,,embroidery,sleeve,70,70,6,Vector or DST,Default maximum for the category — confirm per product.,,,,,,,,,,,
decoration,MP-0161,,,,,,,,,,,,,,,,,,,,,,,,,,,,,,,,,,,,screen,front,300,400,4,Vector,Default maximum for the category — confirm per product.,,,,,,,,,,,
decoration,MP-0161,,,,,,,,,,,,,,,,,,,,,,,,,,,,,,,,,,,,screen,back,320,420,4,Vector,Default maximum for the category — confirm per product.,,,,,,,,,,,
decoration,MP-0161,,,,,,,,,,,,,,,,,,,,,,,,,,,,,,,,,,,,screen,left_chest,100,100,4,Vector,Default maximum for the category — confirm per product.,,,,,,,,,,,
decoration,MP-0161,,,,,,,,,,,,,,,,,,,,,,,,,,,,,,,,,,,,screen,sleeve,80,300,4,Vector,Default maximum for the category — confirm per product.,,,,,,,,,,,
decoration,MP-0161,,,,,,,,,,,,,,,,,,,,,,,,,,,,,,,,,,,,dtf,front,300,400,4,Vector,Default maximum for the category — confirm per product.,,,,,,,,,,,
decoration,MP-0161,,,,,,,,,,,,,,,,,,,,,,,,,,,,,,,,,,,,dtf,back,320,420,4,Vector,Default maximum for the category — confirm per product.,,,,,,,,,,,
decoration,MP-0161,,,,,,,,,,,,,,,,,,,,,,,,,,,,,,,,,,,,dtf,left_chest,100,100,4,Vector,Default maximum for the category — confirm per product.,,,,,,,,,,,
decoration,MP-0161,,,,,,,,,,,,,,,,,,,,,,,,,,,,,,,,,,,,dtf,sleeve,80,300,4,Vector,Default maximum for the category — confirm per product.,,,,,,,,,,,
decoration,MP-0161,,,,,,,,,,,,,,,,,,,,,,,,,,,,,,,,,,,,dtg,front,300,400,4,Vector,Default maximum for the category — confirm per product.,,,,,,,,,,,
decoration,MP-0161,,,,,,,,,,,,,,,,,,,,,,,,,,,,,,,,,,,,dtg,back,320,420,4,Vector,Default maximum for the category — confirm per product.,,,,,,,,,,,
decoration,MP-0161,,,,,,,,,,,,,,,,,,,,,,,,,,,,,,,,,,,,dtg,left_chest,100,100,4,Vector,Default maximum for the category — confirm per product.,,,,,,,,,,,
decoration,MP-0161,,,,,,,,,,,,,,,,,,,,,,,,,,,,,,,,,,,,dtg,sleeve,80,300,4,Vector,Default maximum for the category — confirm per product.,,,,,,,,,,,
product,MP-0162,sparker-2-0,Sparker 2.0,T-shirts,published,25,EUR,31.52,28.36,25.33,22.91,21.76,10.60,3,5,c002|c001|c727|c250|c054|c143|c142|c129|c086|c134|c115|c088|c728|c089|c702|c357|c036|c144|c223|c730|c135|c112|c358|c018|c147|c138|c253,XXS|XS|S|M|L|XL|XXL|3XL,embroidery|screen|dtf|dtg,front|back|left_chest|sleeve,yes,"Shell: Loose Knit Single Jersey, 100% Cotton - Organic Ring Spun Carded, Panel washed","Shell: Loose Knit Single Jersey, 100% Cotton - Organic Ring Spun Carded, Panel washed",215,,,,Stanley/Stella,STTU171,,,,,,,,,,,,,,,cost 10.60; worst-case decoration 5.86 at 100; market blank 10.75; ours 2.36x market,,,,,,,,,,,
variant,MP-0162,,,,published,,,,,,,,,,,,,,,,,,,,,,,,c002,MP0162-C002,0.00,,,,,,,,,,,,,,,,,,,,,,,
variant,MP-0162,,,,published,,,,,,,,,,,,,,,,,,,,,,,,c001,MP0162-C001,0.00,,,,,,,,,,,,,,,,,,,,,,,
variant,MP-0162,,,,published,,,,,,,,,,,,,,,,,,,,,,,,c727,MP0162-C727,0.00,,,,,,,,,,,,,,,,,,,,,,,
variant,MP-0162,,,,published,,,,,,,,,,,,,,,,,,,,,,,,c250,MP0162-C250,0.00,,,,,,,,,,,,,,,,,,,,,,,
variant,MP-0162,,,,published,,,,,,,,,,,,,,,,,,,,,,,,c054,MP0162-C054,0.00,,,,,,,,,,,,,,,,,,,,,,,
variant,MP-0162,,,,published,,,,,,,,,,,,,,,,,,,,,,,,c143,MP0162-C143,0.00,,,,,,,,,,,,,,,,,,,,,,,
variant,MP-0162,,,,published,,,,,,,,,,,,,,,,,,,,,,,,c142,MP0162-C142,0.00,,,,,,,,,,,,,,,,,,,,,,,
variant,MP-0162,,,,published,,,,,,,,,,,,,,,,,,,,,,,,c129,MP0162-C129,0.00,,,,,,,,,,,,,,,,,,,,,,,
variant,MP-0162,,,,published,,,,,,,,,,,,,,,,,,,,,,,,c086,MP0162-C086,0.00,,,,,,,,,,,,,,,,,,,,,,,
variant,MP-0162,,,,published,,,,,,,,,,,,,,,,,,,,,,,,c134,MP0162-C134,0.00,,,,,,,,,,,,,,,,,,,,,,,
variant,MP-0162,,,,published,,,,,,,,,,,,,,,,,,,,,,,,c115,MP0162-C115,0.00,,,,,,,,,,,,,,,,,,,,,,,
variant,MP-0162,,,,published,,,,,,,,,,,,,,,,,,,,,,,,c088,MP0162-C088,0.00,,,,,,,,,,,,,,,,,,,,,,,
variant,MP-0162,,,,published,,,,,,,,,,,,,,,,,,,,,,,,c728,MP0162-C728,0.00,,,,,,,,,,,,,,,,,,,,,,,
variant,MP-0162,,,,published,,,,,,,,,,,,,,,,,,,,,,,,c089,MP0162-C089,0.00,,,,,,,,,,,,,,,,,,,,,,,
variant,MP-0162,,,,published,,,,,,,,,,,,,,,,,,,,,,,,c702,MP0162-C702,0.00,,,,,,,,,,,,,,,,,,,,,,,
variant,MP-0162,,,,published,,,,,,,,,,,,,,,,,,,,,,,,c357,MP0162-C357,0.00,,,,,,,,,,,,,,,,,,,,,,,
variant,MP-0162,,,,published,,,,,,,,,,,,,,,,,,,,,,,,c036,MP0162-C036,0.00,,,,,,,,,,,,,,,,,,,,,,,
variant,MP-0162,,,,published,,,,,,,,,,,,,,,,,,,,,,,,c144,MP0162-C144,0.00,,,,,,,,,,,,,,,,,,,,,,,
variant,MP-0162,,,,published,,,,,,,,,,,,,,,,,,,,,,,,c223,MP0162-C223,0.00,,,,,,,,,,,,,,,,,,,,,,,
variant,MP-0162,,,,published,,,,,,,,,,,,,,,,,,,,,,,,c730,MP0162-C730,0.00,,,,,,,,,,,,,,,,,,,,,,,
variant,MP-0162,,,,published,,,,,,,,,,,,,,,,,,,,,,,,c135,MP0162-C135,0.00,,,,,,,,,,,,,,,,,,,,,,,
variant,MP-0162,,,,published,,,,,,,,,,,,,,,,,,,,,,,,c112,MP0162-C112,0.00,,,,,,,,,,,,,,,,,,,,,,,
variant,MP-0162,,,,published,,,,,,,,,,,,,,,,,,,,,,,,c358,MP0162-C358,0.00,,,,,,,,,,,,,,,,,,,,,,,
variant,MP-0162,,,,published,,,,,,,,,,,,,,,,,,,,,,,,c018,MP0162-C018,0.00,,,,,,,,,,,,,,,,,,,,,,,
variant,MP-0162,,,,published,,,,,,,,,,,,,,,,,,,,,,,,c147,MP0162-C147,0.00,,,,,,,,,,,,,,,,,,,,,,,
variant,MP-0162,,,,published,,,,,,,,,,,,,,,,,,,,,,,,c138,MP0162-C138,0.00,,,,,,,,,,,,,,,,,,,,,,,
variant,MP-0162,,,,published,,,,,,,,,,,,,,,,,,,,,,,,c253,MP0162-C253,0.00,,,,,,,,,,,,,,,,,,,,,,,
image,MP-0162,,,,,,,,,,,,,,,,,,,,,,,,,,,,,,,,,"https://res.cloudinary.com/www-stanleystella-com/image/upload/c_lpad,w_1600,f_auto,q_auto/v1/TechnicalNames/PFD0_STTU171_C002.jpg?_i=AB",Sparker 2.0 in Black,1,,,,,,,,,,,,,,,,,,
image,MP-0162,,,,,,,,,,,,,,,,,,,,,,,,,,,,c001,,,,,"https://res.cloudinary.com/www-stanleystella-com/image/upload/c_lpad,w_1600,f_auto,q_auto/v1/TechnicalNames/PFD0_STTU171_C001.jpg?_i=AB",Sparker 2.0 in White,2,,,,,,,,,,,,,,,,,,
image,MP-0162,,,,,,,,,,,,,,,,,,,,,,,,,,,,c727,,,,,"https://res.cloudinary.com/www-stanleystella-com/image/upload/c_lpad,w_1600,f_auto,q_auto/v1/TechnicalNames/PFD0_STTU171_C727.jpg?_i=AB",Sparker 2.0 in French Navy,3,,,,,,,,,,,,,,,,,,
image,MP-0162,,,,,,,,,,,,,,,,,,,,,,,,,,,,c250,,,,,"https://res.cloudinary.com/www-stanleystella-com/image/upload/c_lpad,w_1600,f_auto,q_auto/v1/TechnicalNames/PFD0_STTU171_C250.jpg?_i=AB",Sparker 2.0 in Heather Grey,4,,,,,,,,,,,,,,,,,,
image,MP-0162,,,,,,,,,,,,,,,,,,,,,,,,,,,,c054,,,,,"https://res.cloudinary.com/www-stanleystella-com/image/upload/c_lpad,w_1600,f_auto,q_auto/v1/TechnicalNames/PFD0_STTU171_C054.jpg?_i=AB",Sparker 2.0 in Natural Raw,5,,,,,,,,,,,,,,,,,,
image,MP-0162,,,,,,,,,,,,,,,,,,,,,,,,,,,,c143,,,,,"https://res.cloudinary.com/www-stanleystella-com/image/upload/c_lpad,w_1600,f_auto,q_auto/v1/TechnicalNames/PFD0_STTU171_C143.jpg?_i=AB",Sparker 2.0 in Fiesta,6,,,,,,,,,,,,,,,,,,
image,MP-0162,,,,,,,,,,,,,,,,,,,,,,,,,,,,c142,,,,,"https://res.cloudinary.com/www-stanleystella-com/image/upload/c_lpad,w_1600,f_auto,q_auto/v1/TechnicalNames/PFD0_STTU171_C142.jpg?_i=AB",Sparker 2.0 in Nispero,7,,,,,,,,,,,,,,,,,,
image,MP-0162,,,,,,,,,,,,,,,,,,,,,,,,,,,,c129,,,,,"https://res.cloudinary.com/www-stanleystella-com/image/upload/c_lpad,w_1600,f_auto,q_auto/v1/TechnicalNames/PFD0_STTU171_C129.jpg?_i=AB",Sparker 2.0 in Bubble Pink,8,,,,,,,,,,,,,,,,,,
image,MP-0162,,,,,,,,,,,,,,,,,,,,,,,,,,,,c086,,,,,"https://res.cloudinary.com/www-stanleystella-com/image/upload/c_lpad,w_1600,f_auto,q_auto/v1/TechnicalNames/PFD0_STTU171_C086.jpg?_i=AB",Sparker 2.0 in Red Earth,9,,,,,,,,,,,,,,,,,,
image,MP-0162,,,,,,,,,,,,,,,,,,,,,,,,,,,,c134,,,,,"https://res.cloudinary.com/www-stanleystella-com/image/upload/c_lpad,w_1600,f_auto,q_auto/v1/TechnicalNames/SFM1_STTU171_C134.jpg?_i=AB",Sparker 2.0 in Violet,10,,,,,,,,,,,,,,,,,,
image,MP-0162,,,,,,,,,,,,,,,,,,,,,,,,,,,,c115,,,,,"https://res.cloudinary.com/www-stanleystella-com/image/upload/c_lpad,w_1600,f_auto,q_auto/v1/TechnicalNames/PBM0_STTU171_C115.jpg?_i=AB",Sparker 2.0 in Purple Love,11,,,,,,,,,,,,,,,,,,
image,MP-0162,,,,,,,,,,,,,,,,,,,,,,,,,,,,c088,,,,,"https://res.cloudinary.com/www-stanleystella-com/image/upload/c_lpad,w_1600,f_auto,q_auto/v1/TechnicalNames/PFD0_STTU171_C088.jpg?_i=AB",Sparker 2.0 in Worker Blue,12,,,,,,,,,,,,,,,,,,
image,MP-0162,,,,,,,,,,,,,,,,,,,,,,,,,,,,c728,,,,,"https://res.cloudinary.com/www-stanleystella-com/image/upload/c_lpad,w_1600,f_auto,q_auto/v1/TechnicalNames/SBM0_STTU171_C728.jpg?_i=AB",Sparker 2.0 in Blue Ice,13,,,,,,,,,,,,,,,,,,
image,MP-0162,,,,,,,,,,,,,,,,,,,,,,,,,,,,c089,,,,,"https://res.cloudinary.com/www-stanleystella-com/image/upload/c_lpad,w_1600,f_auto,q_auto/v1/TechnicalNames/PFD0_STTU171_C089.jpg?_i=AB",Sparker 2.0 in Aloe,14,,,,,,,,,,,,,,,,,,
image,MP-0162,,,,,,,,,,,,,,,,,,,,,,,,,,,,c702,,,,,"https://res.cloudinary.com/www-stanleystella-com/image/upload/c_lpad,w_1600,f_auto,q_auto/v1/TechnicalNames/PFD0_STTU171_C702.jpg?_i=AB",Sparker 2.0 in Stargazer,15,,,,,,,,,,,,,,,,,,
image,MP-0162,,,,,,,,,,,,,,,,,,,,,,,,,,,,c357,,,,,"https://res.cloudinary.com/www-stanleystella-com/image/upload/c_lpad,w_1600,f_auto,q_auto/v1/TechnicalNames/PBM0_STTU171_C357.jpg?_i=AB",Sparker 2.0 in Pool Blue,16,,,,,,,,,,,,,,,,,,
image,MP-0162,,,,,,,,,,,,,,,,,,,,,,,,,,,,c036,,,,,"https://res.cloudinary.com/www-stanleystella-com/image/upload/c_lpad,w_1600,f_auto,q_auto/v1/TechnicalNames/PFD0_STTU171_C036.jpg?_i=AB",Sparker 2.0 in Glazed Green,17,,,,,,,,,,,,,,,,,,
image,MP-0162,,,,,,,,,,,,,,,,,,,,,,,,,,,,c144,,,,,"https://res.cloudinary.com/www-stanleystella-com/image/upload/c_lpad,w_1600,f_auto,q_auto/v1/TechnicalNames/PFD0_STTU171_C144.jpg?_i=AB",Sparker 2.0 in Green Bay,18,,,,,,,,,,,,,,,,,,
image,MP-0162,,,,,,,,,,,,,,,,,,,,,,,,,,,,c223,,,,,"https://res.cloudinary.com/www-stanleystella-com/image/upload/c_lpad,w_1600,f_auto,q_auto/v1/TechnicalNames/SBM0_STTU171_C223.jpg?_i=AB",Sparker 2.0 in Khaki,19,,,,,,,,,,,,,,,,,,
image,MP-0162,,,,,,,,,,,,,,,,,,,,,,,,,,,,c730,,,,,"https://res.cloudinary.com/www-stanleystella-com/image/upload/c_lpad,w_1600,f_auto,q_auto/v1/TechnicalNames/DFM0_STTU171_C730.jpg?_i=AB",Sparker 2.0 in Heritage Brown,20,,,,,,,,,,,,,,,,,,
image,MP-0162,,,,,,,,,,,,,,,,,,,,,,,,,,,,c135,,,,,"https://res.cloudinary.com/www-stanleystella-com/image/upload/c_lpad,w_1600,f_auto,q_auto/v1/TechnicalNames/PBM0_STTU171_C135.jpg?_i=AB",Sparker 2.0 in Mocha,21,,,,,,,,,,,,,,,,,,
image,MP-0162,,,,,,,,,,,,,,,,,,,,,,,,,,,,c112,,,,,"https://res.cloudinary.com/www-stanleystella-com/image/upload/c_lpad,w_1600,f_auto,q_auto/v1/TechnicalNames/PFD0_STTU171_C112.jpg?_i=AB",Sparker 2.0 in Latte,22,,,,,,,,,,,,,,,,,,
image,MP-0162,,,,,,,,,,,,,,,,,,,,,,,,,,,,c358,,,,,"https://res.cloudinary.com/www-stanleystella-com/image/upload/c_lpad,w_1600,f_auto,q_auto/v1/TechnicalNames/PBM0_STTU171_C358.jpg?_i=AB",Sparker 2.0 in Stone,23,,,,,,,,,,,,,,,,,,
image,MP-0162,,,,,,,,,,,,,,,,,,,,,,,,,,,,c018,,,,,"https://res.cloudinary.com/www-stanleystella-com/image/upload/c_lpad,w_1600,f_auto,q_auto/v1/TechnicalNames/PFD0_STTU171_C018.jpg?_i=AB",Sparker 2.0 in Off White,24,,,,,,,,,,,,,,,,,,
image,MP-0162,,,,,,,,,,,,,,,,,,,,,,,,,,,,c147,,,,,"https://res.cloudinary.com/www-stanleystella-com/image/upload/c_lpad,w_1600,f_auto,q_auto/v1/TechnicalNames/PFD0_STTU171_C147.jpg?_i=AB",Sparker 2.0 in Eco-Heather,25,,,,,,,,,,,,,,,,,,
image,MP-0162,,,,,,,,,,,,,,,,,,,,,,,,,,,,c138,,,,,"https://res.cloudinary.com/www-stanleystella-com/image/upload/c_lpad,w_1600,f_auto,q_auto/v1/TechnicalNames/SFM0_STTU171_C138.jpg?_i=AB",Sparker 2.0 in Misty Grey,26,,,,,,,,,,,,,,,,,,
image,MP-0162,,,,,,,,,,,,,,,,,,,,,,,,,,,,c253,,,,,"https://res.cloudinary.com/www-stanleystella-com/image/upload/c_lpad,w_1600,f_auto,q_auto/v1/TechnicalNames/PFD0_STTU171_C253.jpg?_i=AB",Sparker 2.0 in Anthracite,27,,,,,,,,,,,,,,,,,,
decoration,MP-0162,,,,,,,,,,,,,,,,,,,,,,,,,,,,,,,,,,,,embroidery,front,160,160,6,Vector or DST,Default maximum for the category — confirm per product.,,,,,,,,,,,
decoration,MP-0162,,,,,,,,,,,,,,,,,,,,,,,,,,,,,,,,,,,,embroidery,back,200,200,6,Vector or DST,Default maximum for the category — confirm per product.,,,,,,,,,,,
decoration,MP-0162,,,,,,,,,,,,,,,,,,,,,,,,,,,,,,,,,,,,embroidery,left_chest,90,90,6,Vector or DST,Default maximum for the category — confirm per product.,,,,,,,,,,,
decoration,MP-0162,,,,,,,,,,,,,,,,,,,,,,,,,,,,,,,,,,,,embroidery,sleeve,70,70,6,Vector or DST,Default maximum for the category — confirm per product.,,,,,,,,,,,
decoration,MP-0162,,,,,,,,,,,,,,,,,,,,,,,,,,,,,,,,,,,,screen,front,300,400,4,Vector,Default maximum for the category — confirm per product.,,,,,,,,,,,
decoration,MP-0162,,,,,,,,,,,,,,,,,,,,,,,,,,,,,,,,,,,,screen,back,320,420,4,Vector,Default maximum for the category — confirm per product.,,,,,,,,,,,
decoration,MP-0162,,,,,,,,,,,,,,,,,,,,,,,,,,,,,,,,,,,,screen,left_chest,100,100,4,Vector,Default maximum for the category — confirm per product.,,,,,,,,,,,
decoration,MP-0162,,,,,,,,,,,,,,,,,,,,,,,,,,,,,,,,,,,,screen,sleeve,80,300,4,Vector,Default maximum for the category — confirm per product.,,,,,,,,,,,
decoration,MP-0162,,,,,,,,,,,,,,,,,,,,,,,,,,,,,,,,,,,,dtf,front,300,400,4,Vector,Default maximum for the category — confirm per product.,,,,,,,,,,,
decoration,MP-0162,,,,,,,,,,,,,,,,,,,,,,,,,,,,,,,,,,,,dtf,back,320,420,4,Vector,Default maximum for the category — confirm per product.,,,,,,,,,,,
decoration,MP-0162,,,,,,,,,,,,,,,,,,,,,,,,,,,,,,,,,,,,dtf,left_chest,100,100,4,Vector,Default maximum for the category — confirm per product.,,,,,,,,,,,
decoration,MP-0162,,,,,,,,,,,,,,,,,,,,,,,,,,,,,,,,,,,,dtf,sleeve,80,300,4,Vector,Default maximum for the category — confirm per product.,,,,,,,,,,,
decoration,MP-0162,,,,,,,,,,,,,,,,,,,,,,,,,,,,,,,,,,,,dtg,front,300,400,4,Vector,Default maximum for the category — confirm per product.,,,,,,,,,,,
decoration,MP-0162,,,,,,,,,,,,,,,,,,,,,,,,,,,,,,,,,,,,dtg,back,320,420,4,Vector,Default maximum for the category — confirm per product.,,,,,,,,,,,
decoration,MP-0162,,,,,,,,,,,,,,,,,,,,,,,,,,,,,,,,,,,,dtg,left_chest,100,100,4,Vector,Default maximum for the category — confirm per product.,,,,,,,,,,,
decoration,MP-0162,,,,,,,,,,,,,,,,,,,,,,,,,,,,,,,,,,,,dtg,sleeve,80,300,4,Vector,Default maximum for the category — confirm per product.,,,,,,,,,,,
product,MP-0163,stanley-presenter,Stanley Presenter,T-shirts,published,25,EUR,26.67,23.51,20.48,18.06,16.92,7.45,3,5,c002|c001|c727,S|M|L|XL|XXL,embroidery|screen|dtf|dtg,front|back|left_chest|sleeve,yes,"Shell: Single Jersey, 100% Cotton - Organic Ring Spun Combed, Fabric washed","Shell: Single Jersey, 100% Cotton - Organic Ring Spun Combed, Fabric washed",155,,,,Stanley/Stella,STTM562,,,,,,,,,,,,,,,cost 7.45; worst-case decoration 5.86 at 100; market blank 9.39; ours 2.18x market,,,,,,,,,,,
variant,MP-0163,,,,published,,,,,,,,,,,,,,,,,,,,,,,,c002,MP0163-C002,0.00,,,,,,,,,,,,,,,,,,,,,,,
variant,MP-0163,,,,published,,,,,,,,,,,,,,,,,,,,,,,,c001,MP0163-C001,0.00,,,,,,,,,,,,,,,,,,,,,,,
variant,MP-0163,,,,published,,,,,,,,,,,,,,,,,,,,,,,,c727,MP0163-C727,0.00,,,,,,,,,,,,,,,,,,,,,,,
image,MP-0163,,,,,,,,,,,,,,,,,,,,,,,,,,,,,,,,,"https://res.cloudinary.com/www-stanleystella-com/image/upload/c_lpad,w_1600,f_auto,q_auto/v1/TechnicalNames/SFM0_STTM562_C002.jpg?_i=AB",Stanley Presenter in Black,1,,,,,,,,,,,,,,,,,,
image,MP-0163,,,,,,,,,,,,,,,,,,,,,,,,,,,,c001,,,,,"https://res.cloudinary.com/www-stanleystella-com/image/upload/c_lpad,w_1600,f_auto,q_auto/v1/TechnicalNames/SBC0_STTM562_C001.jpg?_i=AB",Stanley Presenter in White,2,,,,,,,,,,,,,,,,,,
image,MP-0163,,,,,,,,,,,,,,,,,,,,,,,,,,,,c727,,,,,"https://res.cloudinary.com/www-stanleystella-com/image/upload/c_lpad,w_1600,f_auto,q_auto/v1/TechnicalNames/SBC0_STTM562_C727.jpg?_i=AB",Stanley Presenter in French Navy,3,,,,,,,,,,,,,,,,,,
decoration,MP-0163,,,,,,,,,,,,,,,,,,,,,,,,,,,,,,,,,,,,embroidery,front,160,160,6,Vector or DST,Default maximum for the category — confirm per product.,,,,,,,,,,,
decoration,MP-0163,,,,,,,,,,,,,,,,,,,,,,,,,,,,,,,,,,,,embroidery,back,200,200,6,Vector or DST,Default maximum for the category — confirm per product.,,,,,,,,,,,
decoration,MP-0163,,,,,,,,,,,,,,,,,,,,,,,,,,,,,,,,,,,,embroidery,left_chest,90,90,6,Vector or DST,Default maximum for the category — confirm per product.,,,,,,,,,,,
decoration,MP-0163,,,,,,,,,,,,,,,,,,,,,,,,,,,,,,,,,,,,embroidery,sleeve,70,70,6,Vector or DST,Default maximum for the category — confirm per product.,,,,,,,,,,,
decoration,MP-0163,,,,,,,,,,,,,,,,,,,,,,,,,,,,,,,,,,,,screen,front,300,400,4,Vector,Default maximum for the category — confirm per product.,,,,,,,,,,,
decoration,MP-0163,,,,,,,,,,,,,,,,,,,,,,,,,,,,,,,,,,,,screen,back,320,420,4,Vector,Default maximum for the category — confirm per product.,,,,,,,,,,,
decoration,MP-0163,,,,,,,,,,,,,,,,,,,,,,,,,,,,,,,,,,,,screen,left_chest,100,100,4,Vector,Default maximum for the category — confirm per product.,,,,,,,,,,,
decoration,MP-0163,,,,,,,,,,,,,,,,,,,,,,,,,,,,,,,,,,,,screen,sleeve,80,300,4,Vector,Default maximum for the category — confirm per product.,,,,,,,,,,,
decoration,MP-0163,,,,,,,,,,,,,,,,,,,,,,,,,,,,,,,,,,,,dtf,front,300,400,4,Vector,Default maximum for the category — confirm per product.,,,,,,,,,,,
decoration,MP-0163,,,,,,,,,,,,,,,,,,,,,,,,,,,,,,,,,,,,dtf,back,320,420,4,Vector,Default maximum for the category — confirm per product.,,,,,,,,,,,
decoration,MP-0163,,,,,,,,,,,,,,,,,,,,,,,,,,,,,,,,,,,,dtf,left_chest,100,100,4,Vector,Default maximum for the category — confirm per product.,,,,,,,,,,,
decoration,MP-0163,,,,,,,,,,,,,,,,,,,,,,,,,,,,,,,,,,,,dtf,sleeve,80,300,4,Vector,Default maximum for the category — confirm per product.,,,,,,,,,,,
decoration,MP-0163,,,,,,,,,,,,,,,,,,,,,,,,,,,,,,,,,,,,dtg,front,300,400,4,Vector,Default maximum for the category — confirm per product.,,,,,,,,,,,
decoration,MP-0163,,,,,,,,,,,,,,,,,,,,,,,,,,,,,,,,,,,,dtg,back,320,420,4,Vector,Default maximum for the category — confirm per product.,,,,,,,,,,,
decoration,MP-0163,,,,,,,,,,,,,,,,,,,,,,,,,,,,,,,,,,,,dtg,left_chest,100,100,4,Vector,Default maximum for the category — confirm per product.,,,,,,,,,,,
decoration,MP-0163,,,,,,,,,,,,,,,,,,,,,,,,,,,,,,,,,,,,dtg,sleeve,80,300,4,Vector,Default maximum for the category — confirm per product.,,,,,,,,,,,
product,MP-0164,stanley-shuffler,Stanley Shuffler,T-shirts,published,25,EUR,,,,,,,3,5,c001|c002|c727|c250,S|M|L|XL|XXL|3XL,embroidery|screen|dtf|dtg,front|back|left_chest|sleeve,yes,"Shell: Single Jersey, 100% Cotton - Organic Ring Spun Combed, Fabric washed","Shell: Single Jersey, 100% Cotton - Organic Ring Spun Combed, Fabric washed",180,,,,Stanley/Stella,STTM560,,,,,,,,,,,,,,,No supplier cost on file — quote on inquiry.,,,,,,,,,,,
variant,MP-0164,,,,published,,,,,,,,,,,,,,,,,,,,,,,,c001,MP0164-C001,0.00,,,,,,,,,,,,,,,,,,,,,,,
variant,MP-0164,,,,published,,,,,,,,,,,,,,,,,,,,,,,,c002,MP0164-C002,0.00,,,,,,,,,,,,,,,,,,,,,,,
variant,MP-0164,,,,published,,,,,,,,,,,,,,,,,,,,,,,,c727,MP0164-C727,0.00,,,,,,,,,,,,,,,,,,,,,,,
variant,MP-0164,,,,published,,,,,,,,,,,,,,,,,,,,,,,,c250,MP0164-C250,0.00,,,,,,,,,,,,,,,,,,,,,,,
image,MP-0164,,,,,,,,,,,,,,,,,,,,,,,,,,,,,,,,,"https://res.cloudinary.com/www-stanleystella-com/image/upload/c_lpad,w_1600,f_auto,q_auto/v1/TechnicalNames/SFM0_STTM560_C250.jpg?_i=AB",Stanley Shuffler in Heather Grey,1,,,,,,,,,,,,,,,,,,
decoration,MP-0164,,,,,,,,,,,,,,,,,,,,,,,,,,,,,,,,,,,,embroidery,front,160,160,6,Vector or DST,Default maximum for the category — confirm per product.,,,,,,,,,,,
decoration,MP-0164,,,,,,,,,,,,,,,,,,,,,,,,,,,,,,,,,,,,embroidery,back,200,200,6,Vector or DST,Default maximum for the category — confirm per product.,,,,,,,,,,,
decoration,MP-0164,,,,,,,,,,,,,,,,,,,,,,,,,,,,,,,,,,,,embroidery,left_chest,90,90,6,Vector or DST,Default maximum for the category — confirm per product.,,,,,,,,,,,
decoration,MP-0164,,,,,,,,,,,,,,,,,,,,,,,,,,,,,,,,,,,,embroidery,sleeve,70,70,6,Vector or DST,Default maximum for the category — confirm per product.,,,,,,,,,,,
decoration,MP-0164,,,,,,,,,,,,,,,,,,,,,,,,,,,,,,,,,,,,screen,front,300,400,4,Vector,Default maximum for the category — confirm per product.,,,,,,,,,,,
decoration,MP-0164,,,,,,,,,,,,,,,,,,,,,,,,,,,,,,,,,,,,screen,back,320,420,4,Vector,Default maximum for the category — confirm per product.,,,,,,,,,,,
decoration,MP-0164,,,,,,,,,,,,,,,,,,,,,,,,,,,,,,,,,,,,screen,left_chest,100,100,4,Vector,Default maximum for the category — confirm per product.,,,,,,,,,,,
decoration,MP-0164,,,,,,,,,,,,,,,,,,,,,,,,,,,,,,,,,,,,screen,sleeve,80,300,4,Vector,Default maximum for the category — confirm per product.,,,,,,,,,,,
decoration,MP-0164,,,,,,,,,,,,,,,,,,,,,,,,,,,,,,,,,,,,dtf,front,300,400,4,Vector,Default maximum for the category — confirm per product.,,,,,,,,,,,
decoration,MP-0164,,,,,,,,,,,,,,,,,,,,,,,,,,,,,,,,,,,,dtf,back,320,420,4,Vector,Default maximum for the category — confirm per product.,,,,,,,,,,,
decoration,MP-0164,,,,,,,,,,,,,,,,,,,,,,,,,,,,,,,,,,,,dtf,left_chest,100,100,4,Vector,Default maximum for the category — confirm per product.,,,,,,,,,,,
decoration,MP-0164,,,,,,,,,,,,,,,,,,,,,,,,,,,,,,,,,,,,dtf,sleeve,80,300,4,Vector,Default maximum for the category — confirm per product.,,,,,,,,,,,
decoration,MP-0164,,,,,,,,,,,,,,,,,,,,,,,,,,,,,,,,,,,,dtg,front,300,400,4,Vector,Default maximum for the category — confirm per product.,,,,,,,,,,,
decoration,MP-0164,,,,,,,,,,,,,,,,,,,,,,,,,,,,,,,,,,,,dtg,back,320,420,4,Vector,Default maximum for the category — confirm per product.,,,,,,,,,,,
decoration,MP-0164,,,,,,,,,,,,,,,,,,,,,,,,,,,,,,,,,,,,dtg,left_chest,100,100,4,Vector,Default maximum for the category — confirm per product.,,,,,,,,,,,
decoration,MP-0164,,,,,,,,,,,,,,,,,,,,,,,,,,,,,,,,,,,,dtg,sleeve,80,300,4,Vector,Default maximum for the category — confirm per product.,,,,,,,,,,,
product,MP-0165,stanley-stancer,Stanley Stancer,T-shirts,published,25,EUR,24.06,20.89,17.87,15.45,14.30,5.75,3,5,c002|c001|c727|c250|c054,S|M|L|XL|XXL|3XL,embroidery|screen|dtf|dtg,front|back|left_chest|sleeve,yes,"Shell: Single Jersey, 100% Cotton - Organic Ring Spun Combed, Fabric washed","Shell: Single Jersey, 100% Cotton - Organic Ring Spun Combed, Fabric washed",180,,,,Stanley/Stella,STTM961,,,,,,,,,,,,,,,cost 5.75; worst-case decoration 5.86 at 100; market blank 6.50; ours 2.75x market,,,,,,,,,,,
variant,MP-0165,,,,published,,,,,,,,,,,,,,,,,,,,,,,,c002,MP0165-C002,0.00,,,,,,,,,,,,,,,,,,,,,,,
variant,MP-0165,,,,published,,,,,,,,,,,,,,,,,,,,,,,,c001,MP0165-C001,0.00,,,,,,,,,,,,,,,,,,,,,,,
variant,MP-0165,,,,published,,,,,,,,,,,,,,,,,,,,,,,,c727,MP0165-C727,0.00,,,,,,,,,,,,,,,,,,,,,,,
variant,MP-0165,,,,published,,,,,,,,,,,,,,,,,,,,,,,,c250,MP0165-C250,0.00,,,,,,,,,,,,,,,,,,,,,,,
variant,MP-0165,,,,published,,,,,,,,,,,,,,,,,,,,,,,,c054,MP0165-C054,0.00,,,,,,,,,,,,,,,,,,,,,,,
image,MP-0165,,,,,,,,,,,,,,,,,,,,,,,,,,,,,,,,,"https://res.cloudinary.com/www-stanleystella-com/image/upload/c_lpad,w_1600,f_auto,q_auto/v1/TechnicalNames/SBM0_STTM961_C002.jpg?_i=AB",Stanley Stancer in Black,1,,,,,,,,,,,,,,,,,,
image,MP-0165,,,,,,,,,,,,,,,,,,,,,,,,,,,,c001,,,,,"https://res.cloudinary.com/www-stanleystella-com/image/upload/c_lpad,w_1600,f_auto,q_auto/v1/TechnicalNames/PBM0_STTM961_C001.jpg?_i=AB",Stanley Stancer in White,2,,,,,,,,,,,,,,,,,,
image,MP-0165,,,,,,,,,,,,,,,,,,,,,,,,,,,,c727,,,,,"https://res.cloudinary.com/www-stanleystella-com/image/upload/c_lpad,w_1600,f_auto,q_auto/v1/TechnicalNames/PBM0_STTM961_C727.jpg?_i=AB",Stanley Stancer in French Navy,3,,,,,,,,,,,,,,,,,,
image,MP-0165,,,,,,,,,,,,,,,,,,,,,,,,,,,,c250,,,,,"https://res.cloudinary.com/www-stanleystella-com/image/upload/c_lpad,w_1600,f_auto,q_auto/v1/TechnicalNames/PBM0_STTM961_C250.jpg?_i=AB",Stanley Stancer in Heather Grey,4,,,,,,,,,,,,,,,,,,
image,MP-0165,,,,,,,,,,,,,,,,,,,,,,,,,,,,c054,,,,,"https://res.cloudinary.com/www-stanleystella-com/image/upload/c_lpad,w_1600,f_auto,q_auto/v1/TechnicalNames/SFM0_STTM961_C054.jpg?_i=AB",Stanley Stancer in Natural Raw,5,,,,,,,,,,,,,,,,,,
decoration,MP-0165,,,,,,,,,,,,,,,,,,,,,,,,,,,,,,,,,,,,embroidery,front,160,160,6,Vector or DST,Default maximum for the category — confirm per product.,,,,,,,,,,,
decoration,MP-0165,,,,,,,,,,,,,,,,,,,,,,,,,,,,,,,,,,,,embroidery,back,200,200,6,Vector or DST,Default maximum for the category — confirm per product.,,,,,,,,,,,
decoration,MP-0165,,,,,,,,,,,,,,,,,,,,,,,,,,,,,,,,,,,,embroidery,left_chest,90,90,6,Vector or DST,Default maximum for the category — confirm per product.,,,,,,,,,,,
decoration,MP-0165,,,,,,,,,,,,,,,,,,,,,,,,,,,,,,,,,,,,embroidery,sleeve,70,70,6,Vector or DST,Default maximum for the category — confirm per product.,,,,,,,,,,,
decoration,MP-0165,,,,,,,,,,,,,,,,,,,,,,,,,,,,,,,,,,,,screen,front,300,400,4,Vector,Default maximum for the category — confirm per product.,,,,,,,,,,,
decoration,MP-0165,,,,,,,,,,,,,,,,,,,,,,,,,,,,,,,,,,,,screen,back,320,420,4,Vector,Default maximum for the category — confirm per product.,,,,,,,,,,,
decoration,MP-0165,,,,,,,,,,,,,,,,,,,,,,,,,,,,,,,,,,,,screen,left_chest,100,100,4,Vector,Default maximum for the category — confirm per product.,,,,,,,,,,,
decoration,MP-0165,,,,,,,,,,,,,,,,,,,,,,,,,,,,,,,,,,,,screen,sleeve,80,300,4,Vector,Default maximum for the category — confirm per product.,,,,,,,,,,,
decoration,MP-0165,,,,,,,,,,,,,,,,,,,,,,,,,,,,,,,,,,,,dtf,front,300,400,4,Vector,Default maximum for the category — confirm per product.,,,,,,,,,,,
decoration,MP-0165,,,,,,,,,,,,,,,,,,,,,,,,,,,,,,,,,,,,dtf,back,320,420,4,Vector,Default maximum for the category — confirm per product.,,,,,,,,,,,
decoration,MP-0165,,,,,,,,,,,,,,,,,,,,,,,,,,,,,,,,,,,,dtf,left_chest,100,100,4,Vector,Default maximum for the category — confirm per product.,,,,,,,,,,,
decoration,MP-0165,,,,,,,,,,,,,,,,,,,,,,,,,,,,,,,,,,,,dtf,sleeve,80,300,4,Vector,Default maximum for the category — confirm per product.,,,,,,,,,,,
decoration,MP-0165,,,,,,,,,,,,,,,,,,,,,,,,,,,,,,,,,,,,dtg,front,300,400,4,Vector,Default maximum for the category — confirm per product.,,,,,,,,,,,
decoration,MP-0165,,,,,,,,,,,,,,,,,,,,,,,,,,,,,,,,,,,,dtg,back,320,420,4,Vector,Default maximum for the category — confirm per product.,,,,,,,,,,,
decoration,MP-0165,,,,,,,,,,,,,,,,,,,,,,,,,,,,,,,,,,,,dtg,left_chest,100,100,4,Vector,Default maximum for the category — confirm per product.,,,,,,,,,,,
decoration,MP-0165,,,,,,,,,,,,,,,,,,,,,,,,,,,,,,,,,,,,dtg,sleeve,80,300,4,Vector,Default maximum for the category — confirm per product.,,,,,,,,,,,
product,MP-0166,stella-ava,Stella Ava,T-shirts,published,25,EUR,23.52,20.36,17.33,14.91,13.76,5.40,3,5,c002|c001|c727|c054|c005|c149|c089|c146,XS|S|M|L|XL|XXL,embroidery|screen|dtf|dtg,front|back|left_chest|sleeve,yes,"Shell: Single Jersey, 100% Cotton - Organic Ring Spun Carded, Panel washed","Shell: Single Jersey, 100% Cotton - Organic Ring Spun Carded, Panel washed",180,,,,Stanley/Stella,STTW963,,,,,,,,,,,,,,,cost 5.40; worst-case decoration 5.86 at 100; market blank 6.04; ours 2.87x market,,,,,,,,,,,
variant,MP-0166,,,,published,,,,,,,,,,,,,,,,,,,,,,,,c002,MP0166-C002,0.00,,,,,,,,,,,,,,,,,,,,,,,
variant,MP-0166,,,,published,,,,,,,,,,,,,,,,,,,,,,,,c001,MP0166-C001,0.00,,,,,,,,,,,,,,,,,,,,,,,
variant,MP-0166,,,,published,,,,,,,,,,,,,,,,,,,,,,,,c727,MP0166-C727,0.00,,,,,,,,,,,,,,,,,,,,,,,
variant,MP-0166,,,,published,,,,,,,,,,,,,,,,,,,,,,,,c054,MP0166-C054,0.00,,,,,,,,,,,,,,,,,,,,,,,
variant,MP-0166,,,,published,,,,,,,,,,,,,,,,,,,,,,,,c005,MP0166-C005,0.00,,,,,,,,,,,,,,,,,,,,,,,
variant,MP-0166,,,,published,,,,,,,,,,,,,,,,,,,,,,,,c149,MP0166-C149,0.00,,,,,,,,,,,,,,,,,,,,,,,
variant,MP-0166,,,,published,,,,,,,,,,,,,,,,,,,,,,,,c089,MP0166-C089,0.00,,,,,,,,,,,,,,,,,,,,,,,
variant,MP-0166,,,,published,,,,,,,,,,,,,,,,,,,,,,,,c146,MP0166-C146,0.00,,,,,,,,,,,,,,,,,,,,,,,
image,MP-0166,,,,,,,,,,,,,,,,,,,,,,,,,,,,,,,,,"https://res.cloudinary.com/www-stanleystella-com/image/upload/c_lpad,w_1600,f_auto,q_auto/v1/TechnicalNames/PBM0_STTW963_C002.jpg?_i=AB",Stella Ava in Black,1,,,,,,,,,,,,,,,,,,
image,MP-0166,,,,,,,,,,,,,,,,,,,,,,,,,,,,c001,,,,,"https://res.cloudinary.com/www-stanleystella-com/image/upload/c_lpad,w_1600,f_auto,q_auto/v1/TechnicalNames/PBM0_STTW963_C001.jpg?_i=AB",Stella Ava in White,2,,,,,,,,,,,,,,,,,,
image,MP-0166,,,,,,,,,,,,,,,,,,,,,,,,,,,,c727,,,,,"https://res.cloudinary.com/www-stanleystella-com/image/upload/c_lpad,w_1600,f_auto,q_auto/v1/TechnicalNames/DFM0_STTW963_C727.jpg?_i=AB",Stella Ava in French Navy,3,,,,,,,,,,,,,,,,,,
image,MP-0166,,,,,,,,,,,,,,,,,,,,,,,,,,,,c054,,,,,"https://res.cloudinary.com/www-stanleystella-com/image/upload/c_lpad,w_1600,f_auto,q_auto/v1/TechnicalNames/PBM0_STTW963_C054.jpg?_i=AB",Stella Ava in Natural Raw,4,,,,,,,,,,,,,,,,,,
image,MP-0166,,,,,,,,,,,,,,,,,,,,,,,,,,,,c005,,,,,"https://res.cloudinary.com/www-stanleystella-com/image/upload/c_lpad,w_1600,f_auto,q_auto/v1/TechnicalNames/PBM0_STTW963_C005.jpg?_i=AB",Stella Ava in Cotton Pink,5,,,,,,,,,,,,,,,,,,
image,MP-0166,,,,,,,,,,,,,,,,,,,,,,,,,,,,c149,,,,,"https://res.cloudinary.com/www-stanleystella-com/image/upload/c_lpad,w_1600,f_auto,q_auto/v1/TechnicalNames/PBM0_STTW963_C149.jpg?_i=AB",Stella Ava in Blue soul,6,,,,,,,,,,,,,,,,,,
image,MP-0166,,,,,,,,,,,,,,,,,,,,,,,,,,,,c089,,,,,"https://res.cloudinary.com/www-stanleystella-com/image/upload/c_lpad,w_1600,f_auto,q_auto/v1/TechnicalNames/PBM0_STTW963_C089.jpg?_i=AB",Stella Ava in Aloe,7,,,,,,,,,,,,,,,,,,
image,MP-0166,,,,,,,,,,,,,,,,,,,,,,,,,,,,c146,,,,,"https://res.cloudinary.com/www-stanleystella-com/image/upload/c_lpad,w_1600,f_auto,q_auto/v1/TechnicalNames/PBM0_STTW963_C146.jpg?_i=AB",Stella Ava in Cool Heather Grey,8,,,,,,,,,,,,,,,,,,
decoration,MP-0166,,,,,,,,,,,,,,,,,,,,,,,,,,,,,,,,,,,,embroidery,front,160,160,6,Vector or DST,Default maximum for the category — confirm per product.,,,,,,,,,,,
decoration,MP-0166,,,,,,,,,,,,,,,,,,,,,,,,,,,,,,,,,,,,embroidery,back,200,200,6,Vector or DST,Default maximum for the category — confirm per product.,,,,,,,,,,,
decoration,MP-0166,,,,,,,,,,,,,,,,,,,,,,,,,,,,,,,,,,,,embroidery,left_chest,90,90,6,Vector or DST,Default maximum for the category — confirm per product.,,,,,,,,,,,
decoration,MP-0166,,,,,,,,,,,,,,,,,,,,,,,,,,,,,,,,,,,,embroidery,sleeve,70,70,6,Vector or DST,Default maximum for the category — confirm per product.,,,,,,,,,,,
decoration,MP-0166,,,,,,,,,,,,,,,,,,,,,,,,,,,,,,,,,,,,screen,front,300,400,4,Vector,Default maximum for the category — confirm per product.,,,,,,,,,,,
decoration,MP-0166,,,,,,,,,,,,,,,,,,,,,,,,,,,,,,,,,,,,screen,back,320,420,4,Vector,Default maximum for the category — confirm per product.,,,,,,,,,,,
decoration,MP-0166,,,,,,,,,,,,,,,,,,,,,,,,,,,,,,,,,,,,screen,left_chest,100,100,4,Vector,Default maximum for the category — confirm per product.,,,,,,,,,,,
decoration,MP-0166,,,,,,,,,,,,,,,,,,,,,,,,,,,,,,,,,,,,screen,sleeve,80,300,4,Vector,Default maximum for the category — confirm per product.,,,,,,,,,,,
decoration,MP-0166,,,,,,,,,,,,,,,,,,,,,,,,,,,,,,,,,,,,dtf,front,300,400,4,Vector,Default maximum for the category — confirm per product.,,,,,,,,,,,
decoration,MP-0166,,,,,,,,,,,,,,,,,,,,,,,,,,,,,,,,,,,,dtf,back,320,420,4,Vector,Default maximum for the category — confirm per product.,,,,,,,,,,,
decoration,MP-0166,,,,,,,,,,,,,,,,,,,,,,,,,,,,,,,,,,,,dtf,left_chest,100,100,4,Vector,Default maximum for the category — confirm per product.,,,,,,,,,,,
decoration,MP-0166,,,,,,,,,,,,,,,,,,,,,,,,,,,,,,,,,,,,dtf,sleeve,80,300,4,Vector,Default maximum for the category — confirm per product.,,,,,,,,,,,
decoration,MP-0166,,,,,,,,,,,,,,,,,,,,,,,,,,,,,,,,,,,,dtg,front,300,400,4,Vector,Default maximum for the category — confirm per product.,,,,,,,,,,,
decoration,MP-0166,,,,,,,,,,,,,,,,,,,,,,,,,,,,,,,,,,,,dtg,back,320,420,4,Vector,Default maximum for the category — confirm per product.,,,,,,,,,,,
decoration,MP-0166,,,,,,,,,,,,,,,,,,,,,,,,,,,,,,,,,,,,dtg,left_chest,100,100,4,Vector,Default maximum for the category — confirm per product.,,,,,,,,,,,
decoration,MP-0166,,,,,,,,,,,,,,,,,,,,,,,,,,,,,,,,,,,,dtg,sleeve,80,300,4,Vector,Default maximum for the category — confirm per product.,,,,,,,,,,,
product,MP-0167,stella-collider,Stella Collider,T-shirts,published,25,EUR,30.90,27.74,24.71,22.29,21.15,10.20,3,5,c002|c001|c727|c250|c084|c057|c078,XS|S|M|L|XL|XXL,embroidery|screen|dtf|dtg,front|back|left_chest|sleeve,yes,"Shell: Single Jersey, 100% Cotton - Organic Ring Spun Combed, Fabric washed","Shell: Single Jersey, 100% Cotton - Organic Ring Spun Combed, Fabric washed",155,,,,Stanley/Stella,STTW089,,,,,,,,,,,,,,,cost 10.20; worst-case decoration 5.86 at 100; market blank 9.40; ours 2.63x market,,,,,,,,,,,
variant,MP-0167,,,,published,,,,,,,,,,,,,,,,,,,,,,,,c002,MP0167-C002,0.00,,,,,,,,,,,,,,,,,,,,,,,
variant,MP-0167,,,,published,,,,,,,,,,,,,,,,,,,,,,,,c001,MP0167-C001,0.00,,,,,,,,,,,,,,,,,,,,,,,
variant,MP-0167,,,,published,,,,,,,,,,,,,,,,,,,,,,,,c727,MP0167-C727,0.00,,,,,,,,,,,,,,,,,,,,,,,
variant,MP-0167,,,,published,,,,,,,,,,,,,,,,,,,,,,,,c250,MP0167-C250,0.00,,,,,,,,,,,,,,,,,,,,,,,
variant,MP-0167,,,,published,,,,,,,,,,,,,,,,,,,,,,,,c084,MP0167-C084,0.00,,,,,,,,,,,,,,,,,,,,,,,
variant,MP-0167,,,,published,,,,,,,,,,,,,,,,,,,,,,,,c057,MP0167-C057,0.00,,,,,,,,,,,,,,,,,,,,,,,
variant,MP-0167,,,,published,,,,,,,,,,,,,,,,,,,,,,,,c078,MP0167-C078,0.00,,,,,,,,,,,,,,,,,,,,,,,
image,MP-0167,,,,,,,,,,,,,,,,,,,,,,,,,,,,,,,,,"https://res.cloudinary.com/www-stanleystella-com/image/upload/c_lpad,w_1600,f_auto,q_auto/v1/TechnicalNames/SFD1_STTW089_C002.jpg?_i=AB",Stella Collider in Black,1,,,,,,,,,,,,,,,,,,
image,MP-0167,,,,,,,,,,,,,,,,,,,,,,,,,,,,c001,,,,,"https://res.cloudinary.com/www-stanleystella-com/image/upload/c_lpad,w_1600,f_auto,q_auto/v1/TechnicalNames/SFD1_STTW089_C001.jpg?_i=AB",Stella Collider in White,2,,,,,,,,,,,,,,,,,,
image,MP-0167,,,,,,,,,,,,,,,,,,,,,,,,,,,,c727,,,,,"https://res.cloudinary.com/www-stanleystella-com/image/upload/c_lpad,w_1600,f_auto,q_auto/v1/TechnicalNames/SFD1_STTW089_C727.jpg?_i=AB",Stella Collider in French Navy,3,,,,,,,,,,,,,,,,,,
image,MP-0167,,,,,,,,,,,,,,,,,,,,,,,,,,,,c250,,,,,"https://res.cloudinary.com/www-stanleystella-com/image/upload/c_lpad,w_1600,f_auto,q_auto/v1/TechnicalNames/SFD1_STTW089_C250.jpg?_i=AB",Stella Collider in Heather Grey,4,,,,,,,,,,,,,,,,,,
image,MP-0167,,,,,,,,,,,,,,,,,,,,,,,,,,,,c084,,,,,"https://res.cloudinary.com/www-stanleystella-com/image/upload/c_lpad,w_1600,f_auto,q_auto/v1/TechnicalNames/SFD1_STTW089_C084.jpg?_i=AB",Stella Collider in Heather Rainbow,5,,,,,,,,,,,,,,,,,,
image,MP-0167,,,,,,,,,,,,,,,,,,,,,,,,,,,,c057,,,,,"https://res.cloudinary.com/www-stanleystella-com/image/upload/c_lpad,w_1600,f_auto,q_auto/v1/TechnicalNames/SFD1_STTW089_C057.jpg?_i=AB",Stella Collider in Serene Blue,6,,,,,,,,,,,,,,,,,,
image,MP-0167,,,,,,,,,,,,,,,,,,,,,,,,,,,,c078,,,,,"https://res.cloudinary.com/www-stanleystella-com/image/upload/c_lpad,w_1600,f_auto,q_auto/v1/TechnicalNames/SFM5_STTW089_C078.jpg?_i=AB",Stella Collider in Butter,7,,,,,,,,,,,,,,,,,,
decoration,MP-0167,,,,,,,,,,,,,,,,,,,,,,,,,,,,,,,,,,,,embroidery,front,160,160,6,Vector or DST,Default maximum for the category — confirm per product.,,,,,,,,,,,
decoration,MP-0167,,,,,,,,,,,,,,,,,,,,,,,,,,,,,,,,,,,,embroidery,back,200,200,6,Vector or DST,Default maximum for the category — confirm per product.,,,,,,,,,,,
decoration,MP-0167,,,,,,,,,,,,,,,,,,,,,,,,,,,,,,,,,,,,embroidery,left_chest,90,90,6,Vector or DST,Default maximum for the category — confirm per product.,,,,,,,,,,,
decoration,MP-0167,,,,,,,,,,,,,,,,,,,,,,,,,,,,,,,,,,,,embroidery,sleeve,70,70,6,Vector or DST,Default maximum for the category — confirm per product.,,,,,,,,,,,
decoration,MP-0167,,,,,,,,,,,,,,,,,,,,,,,,,,,,,,,,,,,,screen,front,300,400,4,Vector,Default maximum for the category — confirm per product.,,,,,,,,,,,
decoration,MP-0167,,,,,,,,,,,,,,,,,,,,,,,,,,,,,,,,,,,,screen,back,320,420,4,Vector,Default maximum for the category — confirm per product.,,,,,,,,,,,
decoration,MP-0167,,,,,,,,,,,,,,,,,,,,,,,,,,,,,,,,,,,,screen,left_chest,100,100,4,Vector,Default maximum for the category — confirm per product.,,,,,,,,,,,
decoration,MP-0167,,,,,,,,,,,,,,,,,,,,,,,,,,,,,,,,,,,,screen,sleeve,80,300,4,Vector,Default maximum for the category — confirm per product.,,,,,,,,,,,
decoration,MP-0167,,,,,,,,,,,,,,,,,,,,,,,,,,,,,,,,,,,,dtf,front,300,400,4,Vector,Default maximum for the category — confirm per product.,,,,,,,,,,,
decoration,MP-0167,,,,,,,,,,,,,,,,,,,,,,,,,,,,,,,,,,,,dtf,back,320,420,4,Vector,Default maximum for the category — confirm per product.,,,,,,,,,,,
decoration,MP-0167,,,,,,,,,,,,,,,,,,,,,,,,,,,,,,,,,,,,dtf,left_chest,100,100,4,Vector,Default maximum for the category — confirm per product.,,,,,,,,,,,
decoration,MP-0167,,,,,,,,,,,,,,,,,,,,,,,,,,,,,,,,,,,,dtf,sleeve,80,300,4,Vector,Default maximum for the category — confirm per product.,,,,,,,,,,,
decoration,MP-0167,,,,,,,,,,,,,,,,,,,,,,,,,,,,,,,,,,,,dtg,front,300,400,4,Vector,Default maximum for the category — confirm per product.,,,,,,,,,,,
decoration,MP-0167,,,,,,,,,,,,,,,,,,,,,,,,,,,,,,,,,,,,dtg,back,320,420,4,Vector,Default maximum for the category — confirm per product.,,,,,,,,,,,
decoration,MP-0167,,,,,,,,,,,,,,,,,,,,,,,,,,,,,,,,,,,,dtg,left_chest,100,100,4,Vector,Default maximum for the category — confirm per product.,,,,,,,,,,,
decoration,MP-0167,,,,,,,,,,,,,,,,,,,,,,,,,,,,,,,,,,,,dtg,sleeve,80,300,4,Vector,Default maximum for the category — confirm per product.,,,,,,,,,,,
product,MP-0168,stella-dancer,Stella Dancer,T-shirts,published,25,EUR,,,,,,,3,5,c001|c002|c053|c101|c727,XS|S|M|L|XL,embroidery|screen|dtf|dtg,front|back|left_chest|sleeve,yes,"Shell: Single Jersey, 100% Cotton - Organic Ring Spun Combed, Fabric washed","Shell: Single Jersey, 100% Cotton - Organic Ring Spun Combed, Fabric washed",120,,,,Stanley/Stella,STTW038,,,,,,,,,,,,,,,No supplier cost on file — quote on inquiry.,,,,,,,,,,,
variant,MP-0168,,,,published,,,,,,,,,,,,,,,,,,,,,,,,c001,MP0168-C001,0.00,,,,,,,,,,,,,,,,,,,,,,,
variant,MP-0168,,,,published,,,,,,,,,,,,,,,,,,,,,,,,c002,MP0168-C002,0.00,,,,,,,,,,,,,,,,,,,,,,,
variant,MP-0168,,,,published,,,,,,,,,,,,,,,,,,,,,,,,c053,MP0168-C053,0.00,,,,,,,,,,,,,,,,,,,,,,,
variant,MP-0168,,,,published,,,,,,,,,,,,,,,,,,,,,,,,c101,MP0168-C101,0.00,,,,,,,,,,,,,,,,,,,,,,,
variant,MP-0168,,,,published,,,,,,,,,,,,,,,,,,,,,,,,c727,MP0168-C727,0.00,,,,,,,,,,,,,,,,,,,,,,,
image,MP-0168,,,,,,,,,,,,,,,,,,,,,,,,,,,,,,,,,"https://res.cloudinary.com/www-stanleystella-com/image/upload/c_lpad,w_1600,f_auto,q_auto/v1/TechnicalNames/DFM0_STTW038_C101.jpg?_i=AB",Stella Dancer in Fraiche Peche,1,,,,,,,,,,,,,,,,,,
decoration,MP-0168,,,,,,,,,,,,,,,,,,,,,,,,,,,,,,,,,,,,embroidery,front,160,160,6,Vector or DST,Default maximum for the category — confirm per product.,,,,,,,,,,,
decoration,MP-0168,,,,,,,,,,,,,,,,,,,,,,,,,,,,,,,,,,,,embroidery,back,200,200,6,Vector or DST,Default maximum for the category — confirm per product.,,,,,,,,,,,
decoration,MP-0168,,,,,,,,,,,,,,,,,,,,,,,,,,,,,,,,,,,,embroidery,left_chest,90,90,6,Vector or DST,Default maximum for the category — confirm per product.,,,,,,,,,,,
decoration,MP-0168,,,,,,,,,,,,,,,,,,,,,,,,,,,,,,,,,,,,embroidery,sleeve,70,70,6,Vector or DST,Default maximum for the category — confirm per product.,,,,,,,,,,,
decoration,MP-0168,,,,,,,,,,,,,,,,,,,,,,,,,,,,,,,,,,,,screen,front,300,400,4,Vector,Default maximum for the category — confirm per product.,,,,,,,,,,,
decoration,MP-0168,,,,,,,,,,,,,,,,,,,,,,,,,,,,,,,,,,,,screen,back,320,420,4,Vector,Default maximum for the category — confirm per product.,,,,,,,,,,,
decoration,MP-0168,,,,,,,,,,,,,,,,,,,,,,,,,,,,,,,,,,,,screen,left_chest,100,100,4,Vector,Default maximum for the category — confirm per product.,,,,,,,,,,,
decoration,MP-0168,,,,,,,,,,,,,,,,,,,,,,,,,,,,,,,,,,,,screen,sleeve,80,300,4,Vector,Default maximum for the category — confirm per product.,,,,,,,,,,,
decoration,MP-0168,,,,,,,,,,,,,,,,,,,,,,,,,,,,,,,,,,,,dtf,front,300,400,4,Vector,Default maximum for the category — confirm per product.,,,,,,,,,,,
decoration,MP-0168,,,,,,,,,,,,,,,,,,,,,,,,,,,,,,,,,,,,dtf,back,320,420,4,Vector,Default maximum for the category — confirm per product.,,,,,,,,,,,
decoration,MP-0168,,,,,,,,,,,,,,,,,,,,,,,,,,,,,,,,,,,,dtf,left_chest,100,100,4,Vector,Default maximum for the category — confirm per product.,,,,,,,,,,,
decoration,MP-0168,,,,,,,,,,,,,,,,,,,,,,,,,,,,,,,,,,,,dtf,sleeve,80,300,4,Vector,Default maximum for the category — confirm per product.,,,,,,,,,,,
decoration,MP-0168,,,,,,,,,,,,,,,,,,,,,,,,,,,,,,,,,,,,dtg,front,300,400,4,Vector,Default maximum for the category — confirm per product.,,,,,,,,,,,
decoration,MP-0168,,,,,,,,,,,,,,,,,,,,,,,,,,,,,,,,,,,,dtg,back,320,420,4,Vector,Default maximum for the category — confirm per product.,,,,,,,,,,,
decoration,MP-0168,,,,,,,,,,,,,,,,,,,,,,,,,,,,,,,,,,,,dtg,left_chest,100,100,4,Vector,Default maximum for the category — confirm per product.,,,,,,,,,,,
decoration,MP-0168,,,,,,,,,,,,,,,,,,,,,,,,,,,,,,,,,,,,dtg,sleeve,80,300,4,Vector,Default maximum for the category — confirm per product.,,,,,,,,,,,
product,MP-0169,stella-dreamer,Stella Dreamer,T-shirts,published,25,EUR,,,,,,,3,5,c001|c002,XS|S|M|L|XL|XXL,embroidery|screen|dtf|dtg,front|back|left_chest|sleeve,yes,"Shell: Single Jersey, 100% Cotton - Organic Ring Spun Combed, Fabric washed","Shell: Single Jersey, 100% Cotton - Organic Ring Spun Combed, Fabric washed",120,,,,Stanley/Stella,STTW013,,,,,,,,,,,,,,,No supplier cost on file — quote on inquiry.,,,,,,,,,,,
variant,MP-0169,,,,published,,,,,,,,,,,,,,,,,,,,,,,,c001,MP0169-C001,0.00,,,,,,,,,,,,,,,,,,,,,,,
variant,MP-0169,,,,published,,,,,,,,,,,,,,,,,,,,,,,,c002,MP0169-C002,0.00,,,,,,,,,,,,,,,,,,,,,,,
image,MP-0169,,,,,,,,,,,,,,,,,,,,,,,,,,,,,,,,,"https://res.cloudinary.com/www-stanleystella-com/image/upload/c_lpad,w_1600,f_auto,q_auto/v1/TechnicalNames/SFM6_STTW013_C002.jpg?_i=AB",Stella Dreamer in Black,1,,,,,,,,,,,,,,,,,,
decoration,MP-0169,,,,,,,,,,,,,,,,,,,,,,,,,,,,,,,,,,,,embroidery,front,160,160,6,Vector or DST,Default maximum for the category — confirm per product.,,,,,,,,,,,
decoration,MP-0169,,,,,,,,,,,,,,,,,,,,,,,,,,,,,,,,,,,,embroidery,back,200,200,6,Vector or DST,Default maximum for the category — confirm per product.,,,,,,,,,,,
decoration,MP-0169,,,,,,,,,,,,,,,,,,,,,,,,,,,,,,,,,,,,embroidery,left_chest,90,90,6,Vector or DST,Default maximum for the category — confirm per product.,,,,,,,,,,,
decoration,MP-0169,,,,,,,,,,,,,,,,,,,,,,,,,,,,,,,,,,,,embroidery,sleeve,70,70,6,Vector or DST,Default maximum for the category — confirm per product.,,,,,,,,,,,
decoration,MP-0169,,,,,,,,,,,,,,,,,,,,,,,,,,,,,,,,,,,,screen,front,300,400,4,Vector,Default maximum for the category — confirm per product.,,,,,,,,,,,
decoration,MP-0169,,,,,,,,,,,,,,,,,,,,,,,,,,,,,,,,,,,,screen,back,320,420,4,Vector,Default maximum for the category — confirm per product.,,,,,,,,,,,
decoration,MP-0169,,,,,,,,,,,,,,,,,,,,,,,,,,,,,,,,,,,,screen,left_chest,100,100,4,Vector,Default maximum for the category — confirm per product.,,,,,,,,,,,
decoration,MP-0169,,,,,,,,,,,,,,,,,,,,,,,,,,,,,,,,,,,,screen,sleeve,80,300,4,Vector,Default maximum for the category — confirm per product.,,,,,,,,,,,
decoration,MP-0169,,,,,,,,,,,,,,,,,,,,,,,,,,,,,,,,,,,,dtf,front,300,400,4,Vector,Default maximum for the category — confirm per product.,,,,,,,,,,,
decoration,MP-0169,,,,,,,,,,,,,,,,,,,,,,,,,,,,,,,,,,,,dtf,back,320,420,4,Vector,Default maximum for the category — confirm per product.,,,,,,,,,,,
decoration,MP-0169,,,,,,,,,,,,,,,,,,,,,,,,,,,,,,,,,,,,dtf,left_chest,100,100,4,Vector,Default maximum for the category — confirm per product.,,,,,,,,,,,
decoration,MP-0169,,,,,,,,,,,,,,,,,,,,,,,,,,,,,,,,,,,,dtf,sleeve,80,300,4,Vector,Default maximum for the category — confirm per product.,,,,,,,,,,,
decoration,MP-0169,,,,,,,,,,,,,,,,,,,,,,,,,,,,,,,,,,,,dtg,front,300,400,4,Vector,Default maximum for the category — confirm per product.,,,,,,,,,,,
decoration,MP-0169,,,,,,,,,,,,,,,,,,,,,,,,,,,,,,,,,,,,dtg,back,320,420,4,Vector,Default maximum for the category — confirm per product.,,,,,,,,,,,
decoration,MP-0169,,,,,,,,,,,,,,,,,,,,,,,,,,,,,,,,,,,,dtg,left_chest,100,100,4,Vector,Default maximum for the category — confirm per product.,,,,,,,,,,,
decoration,MP-0169,,,,,,,,,,,,,,,,,,,,,,,,,,,,,,,,,,,,dtg,sleeve,80,300,4,Vector,Default maximum for the category — confirm per product.,,,,,,,,,,,
product,MP-0170,stella-ella,Stella Ella,T-shirts,published,25,EUR,24.52,21.36,18.33,15.91,14.76,6.05,3,5,c002|c001|c727|c250|c054|c142|c005|c359|c149|c089|c702,XS|S|M|L|XL|XXL,embroidery|screen|dtf|dtg,front|back|left_chest|sleeve,yes,"Shell: Loose Knit Single Jersey, 100% Cotton - Organic Ring Spun Carded, Panel washed","Shell: Loose Knit Single Jersey, 100% Cotton - Organic Ring Spun Carded, Panel washed",180,,,,Stanley/Stella,STTW174,,,,,,,,,,,,,,,cost 6.05; worst-case decoration 5.86 at 100; market blank 6.87; ours 2.67x market,,,,,,,,,,,
variant,MP-0170,,,,published,,,,,,,,,,,,,,,,,,,,,,,,c002,MP0170-C002,0.00,,,,,,,,,,,,,,,,,,,,,,,
variant,MP-0170,,,,published,,,,,,,,,,,,,,,,,,,,,,,,c001,MP0170-C001,0.00,,,,,,,,,,,,,,,,,,,,,,,
variant,MP-0170,,,,published,,,,,,,,,,,,,,,,,,,,,,,,c727,MP0170-C727,0.00,,,,,,,,,,,,,,,,,,,,,,,
variant,MP-0170,,,,published,,,,,,,,,,,,,,,,,,,,,,,,c250,MP0170-C250,0.00,,,,,,,,,,,,,,,,,,,,,,,
variant,MP-0170,,,,published,,,,,,,,,,,,,,,,,,,,,,,,c054,MP0170-C054,0.00,,,,,,,,,,,,,,,,,,,,,,,
variant,MP-0170,,,,published,,,,,,,,,,,,,,,,,,,,,,,,c142,MP0170-C142,0.00,,,,,,,,,,,,,,,,,,,,,,,
variant,MP-0170,,,,published,,,,,,,,,,,,,,,,,,,,,,,,c005,MP0170-C005,0.00,,,,,,,,,,,,,,,,,,,,,,,
variant,MP-0170,,,,published,,,,,,,,,,,,,,,,,,,,,,,,c359,MP0170-C359,0.00,,,,,,,,,,,,,,,,,,,,,,,
variant,MP-0170,,,,published,,,,,,,,,,,,,,,,,,,,,,,,c149,MP0170-C149,0.00,,,,,,,,,,,,,,,,,,,,,,,
variant,MP-0170,,,,published,,,,,,,,,,,,,,,,,,,,,,,,c089,MP0170-C089,0.00,,,,,,,,,,,,,,,,,,,,,,,
variant,MP-0170,,,,published,,,,,,,,,,,,,,,,,,,,,,,,c702,MP0170-C702,0.00,,,,,,,,,,,,,,,,,,,,,,,
image,MP-0170,,,,,,,,,,,,,,,,,,,,,,,,,,,,,,,,,"https://res.cloudinary.com/www-stanleystella-com/image/upload/c_lpad,w_1600,f_auto,q_auto/v1/TechnicalNames/PFD0_STTW174_C002.jpg?_i=AB",Stella Ella in Black,1,,,,,,,,,,,,,,,,,,
image,MP-0170,,,,,,,,,,,,,,,,,,,,,,,,,,,,c001,,,,,"https://res.cloudinary.com/www-stanleystella-com/image/upload/c_lpad,w_1600,f_auto,q_auto/v1/TechnicalNames/PFD0_STTW174_C001.jpg?_i=AB",Stella Ella in White,2,,,,,,,,,,,,,,,,,,
image,MP-0170,,,,,,,,,,,,,,,,,,,,,,,,,,,,c727,,,,,"https://res.cloudinary.com/www-stanleystella-com/image/upload/c_lpad,w_1600,f_auto,q_auto/v1/TechnicalNames/PFD0_STTW174_C727.jpg?_i=AB",Stella Ella in French Navy,3,,,,,,,,,,,,,,,,,,
image,MP-0170,,,,,,,,,,,,,,,,,,,,,,,,,,,,c250,,,,,"https://res.cloudinary.com/www-stanleystella-com/image/upload/c_lpad,w_1600,f_auto,q_auto/v1/TechnicalNames/PFD0_STTW174_C250.jpg?_i=AB",Stella Ella in Heather Grey,4,,,,,,,,,,,,,,,,,,
image,MP-0170,,,,,,,,,,,,,,,,,,,,,,,,,,,,c054,,,,,"https://res.cloudinary.com/www-stanleystella-com/image/upload/c_lpad,w_1600,f_auto,q_auto/v1/TechnicalNames/PFD0_STTW174_C054.jpg?_i=AB",Stella Ella in Natural Raw,5,,,,,,,,,,,,,,,,,,
image,MP-0170,,,,,,,,,,,,,,,,,,,,,,,,,,,,c142,,,,,"https://res.cloudinary.com/www-stanleystella-com/image/upload/c_lpad,w_1600,f_auto,q_auto/v1/TechnicalNames/DFM0_STTW174_C142.jpg?_i=AB",Stella Ella in Nispero,6,,,,,,,,,,,,,,,,,,
image,MP-0170,,,,,,,,,,,,,,,,,,,,,,,,,,,,c005,,,,,"https://res.cloudinary.com/www-stanleystella-com/image/upload/c_lpad,w_1600,f_auto,q_auto/v1/TechnicalNames/PFD0_STTW174_C005.jpg?_i=AB",Stella Ella in Cotton Pink,7,,,,,,,,,,,,,,,,,,
image,MP-0170,,,,,,,,,,,,,,,,,,,,,,,,,,,,c359,,,,,"https://res.cloudinary.com/www-stanleystella-com/image/upload/c_lpad,w_1600,f_auto,q_auto/v1/TechnicalNames/PFM0_STTW174_C359.jpg?_i=AB",Stella Ella in Dusk,8,,,,,,,,,,,,,,,,,,
image,MP-0170,,,,,,,,,,,,,,,,,,,,,,,,,,,,c149,,,,,"https://res.cloudinary.com/www-stanleystella-com/image/upload/c_lpad,w_1600,f_auto,q_auto/v1/TechnicalNames/PFD0_STTW174_C149.jpg?_i=AB",Stella Ella in Blue soul,9,,,,,,,,,,,,,,,,,,
image,MP-0170,,,,,,,,,,,,,,,,,,,,,,,,,,,,c089,,,,,"https://res.cloudinary.com/www-stanleystella-com/image/upload/c_lpad,w_1600,f_auto,q_auto/v1/TechnicalNames/PFD0_STTW174_C089.jpg?_i=AB",Stella Ella in Aloe,10,,,,,,,,,,,,,,,,,,
image,MP-0170,,,,,,,,,,,,,,,,,,,,,,,,,,,,c702,,,,,"https://res.cloudinary.com/www-stanleystella-com/image/upload/c_lpad,w_1600,f_auto,q_auto/v1/TechnicalNames/PFD0_STTW174_C702.jpg?_i=AB",Stella Ella in Stargazer,11,,,,,,,,,,,,,,,,,,
decoration,MP-0170,,,,,,,,,,,,,,,,,,,,,,,,,,,,,,,,,,,,embroidery,front,160,160,6,Vector or DST,Default maximum for the category — confirm per product.,,,,,,,,,,,
decoration,MP-0170,,,,,,,,,,,,,,,,,,,,,,,,,,,,,,,,,,,,embroidery,back,200,200,6,Vector or DST,Default maximum for the category — confirm per product.,,,,,,,,,,,
decoration,MP-0170,,,,,,,,,,,,,,,,,,,,,,,,,,,,,,,,,,,,embroidery,left_chest,90,90,6,Vector or DST,Default maximum for the category — confirm per product.,,,,,,,,,,,
decoration,MP-0170,,,,,,,,,,,,,,,,,,,,,,,,,,,,,,,,,,,,embroidery,sleeve,70,70,6,Vector or DST,Default maximum for the category — confirm per product.,,,,,,,,,,,
decoration,MP-0170,,,,,,,,,,,,,,,,,,,,,,,,,,,,,,,,,,,,screen,front,300,400,4,Vector,Default maximum for the category — confirm per product.,,,,,,,,,,,
decoration,MP-0170,,,,,,,,,,,,,,,,,,,,,,,,,,,,,,,,,,,,screen,back,320,420,4,Vector,Default maximum for the category — confirm per product.,,,,,,,,,,,
decoration,MP-0170,,,,,,,,,,,,,,,,,,,,,,,,,,,,,,,,,,,,screen,left_chest,100,100,4,Vector,Default maximum for the category — confirm per product.,,,,,,,,,,,
decoration,MP-0170,,,,,,,,,,,,,,,,,,,,,,,,,,,,,,,,,,,,screen,sleeve,80,300,4,Vector,Default maximum for the category — confirm per product.,,,,,,,,,,,
decoration,MP-0170,,,,,,,,,,,,,,,,,,,,,,,,,,,,,,,,,,,,dtf,front,300,400,4,Vector,Default maximum for the category — confirm per product.,,,,,,,,,,,
decoration,MP-0170,,,,,,,,,,,,,,,,,,,,,,,,,,,,,,,,,,,,dtf,back,320,420,4,Vector,Default maximum for the category — confirm per product.,,,,,,,,,,,
decoration,MP-0170,,,,,,,,,,,,,,,,,,,,,,,,,,,,,,,,,,,,dtf,left_chest,100,100,4,Vector,Default maximum for the category — confirm per product.,,,,,,,,,,,
decoration,MP-0170,,,,,,,,,,,,,,,,,,,,,,,,,,,,,,,,,,,,dtf,sleeve,80,300,4,Vector,Default maximum for the category — confirm per product.,,,,,,,,,,,
decoration,MP-0170,,,,,,,,,,,,,,,,,,,,,,,,,,,,,,,,,,,,dtg,front,300,400,4,Vector,Default maximum for the category — confirm per product.,,,,,,,,,,,
decoration,MP-0170,,,,,,,,,,,,,,,,,,,,,,,,,,,,,,,,,,,,dtg,back,320,420,4,Vector,Default maximum for the category — confirm per product.,,,,,,,,,,,
decoration,MP-0170,,,,,,,,,,,,,,,,,,,,,,,,,,,,,,,,,,,,dtg,left_chest,100,100,4,Vector,Default maximum for the category — confirm per product.,,,,,,,,,,,
decoration,MP-0170,,,,,,,,,,,,,,,,,,,,,,,,,,,,,,,,,,,,dtg,sleeve,80,300,4,Vector,Default maximum for the category — confirm per product.,,,,,,,,,,,
product,MP-0171,stella-etta,Stella Etta,T-shirts,published,25,EUR,25.90,22.74,19.71,17.29,16.15,6.95,3,5,c002|c001|c727|c250|c151|c361,XS|S|M|L|XL|XXL,embroidery|screen|dtf|dtg,front|back|left_chest|sleeve,yes,"Shell: Single Jersey, 60% Cotton - Organic Ring Spun Combed,40% Modal, Panel washed","Shell: Single Jersey, 60% Cotton - Organic Ring Spun Combed,40% Modal, Panel washed",155,,,,Stanley/Stella,STTW264,,,,,,,,,,,,,,,cost 6.95; worst-case decoration 5.86 at 100; market blank 8.03; ours 2.45x market,,,,,,,,,,,
variant,MP-0171,,,,published,,,,,,,,,,,,,,,,,,,,,,,,c002,MP0171-C002,0.00,,,,,,,,,,,,,,,,,,,,,,,
variant,MP-0171,,,,published,,,,,,,,,,,,,,,,,,,,,,,,c001,MP0171-C001,0.00,,,,,,,,,,,,,,,,,,,,,,,
variant,MP-0171,,,,published,,,,,,,,,,,,,,,,,,,,,,,,c727,MP0171-C727,0.00,,,,,,,,,,,,,,,,,,,,,,,
variant,MP-0171,,,,published,,,,,,,,,,,,,,,,,,,,,,,,c250,MP0171-C250,0.00,,,,,,,,,,,,,,,,,,,,,,,
variant,MP-0171,,,,published,,,,,,,,,,,,,,,,,,,,,,,,c151,MP0171-C151,0.00,,,,,,,,,,,,,,,,,,,,,,,
variant,MP-0171,,,,published,,,,,,,,,,,,,,,,,,,,,,,,c361,MP0171-C361,0.00,,,,,,,,,,,,,,,,,,,,,,,
image,MP-0171,,,,,,,,,,,,,,,,,,,,,,,,,,,,,,,,,"https://res.cloudinary.com/www-stanleystella-com/image/upload/c_lpad,w_1600,f_auto,q_auto/v1/TechnicalNames/SFM5_STTW264_C002.jpg?_i=AB",Stella Etta in Black,1,,,,,,,,,,,,,,,,,,
image,MP-0171,,,,,,,,,,,,,,,,,,,,,,,,,,,,c001,,,,,"https://res.cloudinary.com/www-stanleystella-com/image/upload/c_lpad,w_1600,f_auto,q_auto/v1/TechnicalNames/SBM5_STTW264_C001.jpg?_i=AB",Stella Etta in White,2,,,,,,,,,,,,,,,,,,
image,MP-0171,,,,,,,,,,,,,,,,,,,,,,,,,,,,c727,,,,,"https://res.cloudinary.com/www-stanleystella-com/image/upload/c_lpad,w_1600,f_auto,q_auto/v1/TechnicalNames/SBM5_STTW264_C727.jpg?_i=AB",Stella Etta in French Navy,3,,,,,,,,,,,,,,,,,,
image,MP-0171,,,,,,,,,,,,,,,,,,,,,,,,,,,,c250,,,,,"https://res.cloudinary.com/www-stanleystella-com/image/upload/c_lpad,w_1600,f_auto,q_auto/v1/TechnicalNames/SBM5_STTW264_C250.jpg?_i=AB",Stella Etta in Heather Grey,4,,,,,,,,,,,,,,,,,,
image,MP-0171,,,,,,,,,,,,,,,,,,,,,,,,,,,,c151,,,,,"https://res.cloudinary.com/www-stanleystella-com/image/upload/c_lpad,w_1600,f_auto,q_auto/v1/TechnicalNames/SBM5_STTW264_C151.jpg?_i=AB",Stella Etta in Deep Plum,5,,,,,,,,,,,,,,,,,,
image,MP-0171,,,,,,,,,,,,,,,,,,,,,,,,,,,,c361,,,,,"https://res.cloudinary.com/www-stanleystella-com/image/upload/c_lpad,w_1600,f_auto,q_auto/v1/TechnicalNames/SBM5_STTW264_C361.jpg?_i=AB",Stella Etta in Cream,6,,,,,,,,,,,,,,,,,,
decoration,MP-0171,,,,,,,,,,,,,,,,,,,,,,,,,,,,,,,,,,,,embroidery,front,160,160,6,Vector or DST,Default maximum for the category — confirm per product.,,,,,,,,,,,
decoration,MP-0171,,,,,,,,,,,,,,,,,,,,,,,,,,,,,,,,,,,,embroidery,back,200,200,6,Vector or DST,Default maximum for the category — confirm per product.,,,,,,,,,,,
decoration,MP-0171,,,,,,,,,,,,,,,,,,,,,,,,,,,,,,,,,,,,embroidery,left_chest,90,90,6,Vector or DST,Default maximum for the category — confirm per product.,,,,,,,,,,,
decoration,MP-0171,,,,,,,,,,,,,,,,,,,,,,,,,,,,,,,,,,,,embroidery,sleeve,70,70,6,Vector or DST,Default maximum for the category — confirm per product.,,,,,,,,,,,
decoration,MP-0171,,,,,,,,,,,,,,,,,,,,,,,,,,,,,,,,,,,,screen,front,300,400,4,Vector,Default maximum for the category — confirm per product.,,,,,,,,,,,
decoration,MP-0171,,,,,,,,,,,,,,,,,,,,,,,,,,,,,,,,,,,,screen,back,320,420,4,Vector,Default maximum for the category — confirm per product.,,,,,,,,,,,
decoration,MP-0171,,,,,,,,,,,,,,,,,,,,,,,,,,,,,,,,,,,,screen,left_chest,100,100,4,Vector,Default maximum for the category — confirm per product.,,,,,,,,,,,
decoration,MP-0171,,,,,,,,,,,,,,,,,,,,,,,,,,,,,,,,,,,,screen,sleeve,80,300,4,Vector,Default maximum for the category — confirm per product.,,,,,,,,,,,
decoration,MP-0171,,,,,,,,,,,,,,,,,,,,,,,,,,,,,,,,,,,,dtf,front,300,400,4,Vector,Default maximum for the category — confirm per product.,,,,,,,,,,,
decoration,MP-0171,,,,,,,,,,,,,,,,,,,,,,,,,,,,,,,,,,,,dtf,back,320,420,4,Vector,Default maximum for the category — confirm per product.,,,,,,,,,,,
decoration,MP-0171,,,,,,,,,,,,,,,,,,,,,,,,,,,,,,,,,,,,dtf,left_chest,100,100,4,Vector,Default maximum for the category — confirm per product.,,,,,,,,,,,
decoration,MP-0171,,,,,,,,,,,,,,,,,,,,,,,,,,,,,,,,,,,,dtf,sleeve,80,300,4,Vector,Default maximum for the category — confirm per product.,,,,,,,,,,,
decoration,MP-0171,,,,,,,,,,,,,,,,,,,,,,,,,,,,,,,,,,,,dtg,front,300,400,4,Vector,Default maximum for the category — confirm per product.,,,,,,,,,,,
decoration,MP-0171,,,,,,,,,,,,,,,,,,,,,,,,,,,,,,,,,,,,dtg,back,320,420,4,Vector,Default maximum for the category — confirm per product.,,,,,,,,,,,
decoration,MP-0171,,,,,,,,,,,,,,,,,,,,,,,,,,,,,,,,,,,,dtg,left_chest,100,100,4,Vector,Default maximum for the category — confirm per product.,,,,,,,,,,,
decoration,MP-0171,,,,,,,,,,,,,,,,,,,,,,,,,,,,,,,,,,,,dtg,sleeve,80,300,4,Vector,Default maximum for the category — confirm per product.,,,,,,,,,,,
product,MP-0172,stella-expresser-2-0,Stella Expresser 2.0,T-shirts,published,25,EUR,24.67,21.51,18.48,16.06,14.92,6.15,3,5,c002|c001|c727|c250|c054|c143|c005|c244|c004|c134|c359|c230|c728|c149|c089|c702|c137|c144|c223|c133|c361|c146|c253,XS|S|M|L|XL|XXL|3XL,embroidery|screen|dtf|dtg,front|back|left_chest|sleeve,yes,"Shell: Single Jersey, 100% Cotton - Organic Ring Spun Combed, Fabric washed","Shell: Single Jersey, 100% Cotton - Organic Ring Spun Combed, Fabric washed",155,,,,Stanley/Stella,STTW079,,,,,,,,,,,,,,,cost 6.15; worst-case decoration 5.86 at 100; market blank 5.88; ours 3.14x market,,,,,,,,,,,
variant,MP-0172,,,,published,,,,,,,,,,,,,,,,,,,,,,,,c002,MP0172-C002,0.00,,,,,,,,,,,,,,,,,,,,,,,
variant,MP-0172,,,,published,,,,,,,,,,,,,,,,,,,,,,,,c001,MP0172-C001,0.00,,,,,,,,,,,,,,,,,,,,,,,
variant,MP-0172,,,,published,,,,,,,,,,,,,,,,,,,,,,,,c727,MP0172-C727,0.00,,,,,,,,,,,,,,,,,,,,,,,
variant,MP-0172,,,,published,,,,,,,,,,,,,,,,,,,,,,,,c250,MP0172-C250,0.00,,,,,,,,,,,,,,,,,,,,,,,
variant,MP-0172,,,,published,,,,,,,,,,,,,,,,,,,,,,,,c054,MP0172-C054,0.00,,,,,,,,,,,,,,,,,,,,,,,
variant,MP-0172,,,,published,,,,,,,,,,,,,,,,,,,,,,,,c143,MP0172-C143,0.00,,,,,,,,,,,,,,,,,,,,,,,
variant,MP-0172,,,,published,,,,,,,,,,,,,,,,,,,,,,,,c005,MP0172-C005,0.00,,,,,,,,,,,,,,,,,,,,,,,
variant,MP-0172,,,,published,,,,,,,,,,,,,,,,,,,,,,,,c244,MP0172-C244,0.00,,,,,,,,,,,,,,,,,,,,,,,
variant,MP-0172,,,,published,,,,,,,,,,,,,,,,,,,,,,,,c004,MP0172-C004,0.00,,,,,,,,,,,,,,,,,,,,,,,
variant,MP-0172,,,,published,,,,,,,,,,,,,,,,,,,,,,,,c134,MP0172-C134,0.00,,,,,,,,,,,,,,,,,,,,,,,
variant,MP-0172,,,,published,,,,,,,,,,,,,,,,,,,,,,,,c359,MP0172-C359,0.00,,,,,,,,,,,,,,,,,,,,,,,
variant,MP-0172,,,,published,,,,,,,,,,,,,,,,,,,,,,,,c230,MP0172-C230,0.00,,,,,,,,,,,,,,,,,,,,,,,
variant,MP-0172,,,,published,,,,,,,,,,,,,,,,,,,,,,,,c728,MP0172-C728,0.00,,,,,,,,,,,,,,,,,,,,,,,
variant,MP-0172,,,,published,,,,,,,,,,,,,,,,,,,,,,,,c149,MP0172-C149,0.00,,,,,,,,,,,,,,,,,,,,,,,
variant,MP-0172,,,,published,,,,,,,,,,,,,,,,,,,,,,,,c089,MP0172-C089,0.00,,,,,,,,,,,,,,,,,,,,,,,
variant,MP-0172,,,,published,,,,,,,,,,,,,,,,,,,,,,,,c702,MP0172-C702,0.00,,,,,,,,,,,,,,,,,,,,,,,
variant,MP-0172,,,,published,,,,,,,,,,,,,,,,,,,,,,,,c137,MP0172-C137,0.00,,,,,,,,,,,,,,,,,,,,,,,
variant,MP-0172,,,,published,,,,,,,,,,,,,,,,,,,,,,,,c144,MP0172-C144,0.00,,,,,,,,,,,,,,,,,,,,,,,
variant,MP-0172,,,,published,,,,,,,,,,,,,,,,,,,,,,,,c223,MP0172-C223,0.00,,,,,,,,,,,,,,,,,,,,,,,
variant,MP-0172,,,,published,,,,,,,,,,,,,,,,,,,,,,,,c133,MP0172-C133,0.00,,,,,,,,,,,,,,,,,,,,,,,
variant,MP-0172,,,,published,,,,,,,,,,,,,,,,,,,,,,,,c361,MP0172-C361,0.00,,,,,,,,,,,,,,,,,,,,,,,
variant,MP-0172,,,,published,,,,,,,,,,,,,,,,,,,,,,,,c146,MP0172-C146,0.00,,,,,,,,,,,,,,,,,,,,,,,
variant,MP-0172,,,,published,,,,,,,,,,,,,,,,,,,,,,,,c253,MP0172-C253,0.00,,,,,,,,,,,,,,,,,,,,,,,
image,MP-0172,,,,,,,,,,,,,,,,,,,,,,,,,,,,,,,,,"https://res.cloudinary.com/www-stanleystella-com/image/upload/c_lpad,w_1600,f_auto,q_auto/v1/TechnicalNames/SFC5_STTW079_C002.jpg?_i=AB",Stella Expresser 2.0 in Black,1,,,,,,,,,,,,,,,,,,
image,MP-0172,,,,,,,,,,,,,,,,,,,,,,,,,,,,c001,,,,,"https://res.cloudinary.com/www-stanleystella-com/image/upload/c_lpad,w_1600,f_auto,q_auto/v1/TechnicalNames/DFM0_STTW079_C001.jpg?_i=AB",Stella Expresser 2.0 in White,2,,,,,,,,,,,,,,,,,,
image,MP-0172,,,,,,,,,,,,,,,,,,,,,,,,,,,,c727,,,,,"https://res.cloudinary.com/www-stanleystella-com/image/upload/c_lpad,w_1600,f_auto,q_auto/v1/TechnicalNames/SFC5_STTW079_C727.jpg?_i=AB",Stella Expresser 2.0 in French Navy,3,,,,,,,,,,,,,,,,,,
image,MP-0172,,,,,,,,,,,,,,,,,,,,,,,,,,,,c250,,,,,"https://res.cloudinary.com/www-stanleystella-com/image/upload/c_lpad,w_1600,f_auto,q_auto/v1/TechnicalNames/SFC5_STTW079_C250.jpg?_i=AB",Stella Expresser 2.0 in Heather Grey,4,,,,,,,,,,,,,,,,,,
image,MP-0172,,,,,,,,,,,,,,,,,,,,,,,,,,,,c054,,,,,"https://res.cloudinary.com/www-stanleystella-com/image/upload/c_lpad,w_1600,f_auto,q_auto/v1/TechnicalNames/SFC5_STTW079_C054.jpg?_i=AB",Stella Expresser 2.0 in Natural Raw,5,,,,,,,,,,,,,,,,,,
image,MP-0172,,,,,,,,,,,,,,,,,,,,,,,,,,,,c143,,,,,"https://res.cloudinary.com/www-stanleystella-com/image/upload/c_lpad,w_1600,f_auto,q_auto/v1/TechnicalNames/PBM0_STTW079_C143.jpg?_i=AB",Stella Expresser 2.0 in Fiesta,6,,,,,,,,,,,,,,,,,,
image,MP-0172,,,,,,,,,,,,,,,,,,,,,,,,,,,,c005,,,,,"https://res.cloudinary.com/www-stanleystella-com/image/upload/c_lpad,w_1600,f_auto,q_auto/v1/TechnicalNames/PBM0_STTW079_C005.jpg?_i=AB",Stella Expresser 2.0 in Cotton Pink,7,,,,,,,,,,,,,,,,,,
image,MP-0172,,,,,,,,,,,,,,,,,,,,,,,,,,,,c244,,,,,"https://res.cloudinary.com/www-stanleystella-com/image/upload/c_lpad,w_1600,f_auto,q_auto/v1/TechnicalNames/SFC5_STTW079_C244.jpg?_i=AB",Stella Expresser 2.0 in Burgundy,8,,,,,,,,,,,,,,,,,,
image,MP-0172,,,,,,,,,,,,,,,,,,,,,,,,,,,,c004,,,,,"https://res.cloudinary.com/www-stanleystella-com/image/upload/c_lpad,w_1600,f_auto,q_auto/v1/TechnicalNames/SFC5_STTW079_C004.jpg?_i=AB",Stella Expresser 2.0 in Red,9,,,,,,,,,,,,,,,,,,
image,MP-0172,,,,,,,,,,,,,,,,,,,,,,,,,,,,c134,,,,,"https://res.cloudinary.com/www-stanleystella-com/image/upload/c_lpad,w_1600,f_auto,q_auto/v1/TechnicalNames/PBM0_STTW079_C134.jpg?_i=AB",Stella Expresser 2.0 in Violet,10,,,,,,,,,,,,,,,,,,
image,MP-0172,,,,,,,,,,,,,,,,,,,,,,,,,,,,c359,,,,,"https://res.cloudinary.com/www-stanleystella-com/image/upload/c_lpad,w_1600,f_auto,q_auto/v1/TechnicalNames/PBM0_STTW079_C359.jpg?_i=AB",Stella Expresser 2.0 in Dusk,11,,,,,,,,,,,,,,,,,,
image,MP-0172,,,,,,,,,,,,,,,,,,,,,,,,,,,,c230,,,,,"https://res.cloudinary.com/www-stanleystella-com/image/upload/c_lpad,w_1600,f_auto,q_auto/v1/TechnicalNames/PBM0_STTW079_C230.jpg?_i=AB",Stella Expresser 2.0 in Royal Blue,12,,,,,,,,,,,,,,,,,,
image,MP-0172,,,,,,,,,,,,,,,,,,,,,,,,,,,,c728,,,,,"https://res.cloudinary.com/www-stanleystella-com/image/upload/c_lpad,w_1600,f_auto,q_auto/v1/TechnicalNames/PBM0_STTW079_C728.jpg?_i=AB",Stella Expresser 2.0 in Blue Ice,13,,,,,,,,,,,,,,,,,,
image,MP-0172,,,,,,,,,,,,,,,,,,,,,,,,,,,,c149,,,,,"https://res.cloudinary.com/www-stanleystella-com/image/upload/c_lpad,w_1600,f_auto,q_auto/v1/TechnicalNames/PBM0_STTW079_C149.jpg?_i=AB",Stella Expresser 2.0 in Blue soul,14,,,,,,,,,,,,,,,,,,
image,MP-0172,,,,,,,,,,,,,,,,,,,,,,,,,,,,c089,,,,,"https://res.cloudinary.com/www-stanleystella-com/image/upload/c_lpad,w_1600,f_auto,q_auto/v1/TechnicalNames/PBM0_STTW079_C089.jpg?_i=AB",Stella Expresser 2.0 in Aloe,15,,,,,,,,,,,,,,,,,,
image,MP-0172,,,,,,,,,,,,,,,,,,,,,,,,,,,,c702,,,,,"https://res.cloudinary.com/www-stanleystella-com/image/upload/c_lpad,w_1600,f_auto,q_auto/v1/TechnicalNames/SFC5_STTW079_C702.jpg?_i=AB",Stella Expresser 2.0 in Stargazer,16,,,,,,,,,,,,,,,,,,
image,MP-0172,,,,,,,,,,,,,,,,,,,,,,,,,,,,c137,,,,,"https://res.cloudinary.com/www-stanleystella-com/image/upload/c_lpad,w_1600,f_auto,q_auto/v1/TechnicalNames/SBM5_STTW079_C137.jpg?_i=AB",Stella Expresser 2.0 in Verdant Green,17,,,,,,,,,,,,,,,,,,
image,MP-0172,,,,,,,,,,,,,,,,,,,,,,,,,,,,c144,,,,,"https://res.cloudinary.com/www-stanleystella-com/image/upload/c_lpad,w_1600,f_auto,q_auto/v1/TechnicalNames/PBM0_STTW079_C144.jpg?_i=AB",Stella Expresser 2.0 in Green Bay,18,,,,,,,,,,,,,,,,,,
image,MP-0172,,,,,,,,,,,,,,,,,,,,,,,,,,,,c223,,,,,"https://res.cloudinary.com/www-stanleystella-com/image/upload/c_lpad,w_1600,f_auto,q_auto/v1/TechnicalNames/SFC5_STTW079_C223.jpg?_i=AB",Stella Expresser 2.0 in Khaki,19,,,,,,,,,,,,,,,,,,
image,MP-0172,,,,,,,,,,,,,,,,,,,,,,,,,,,,c133,,,,,"https://res.cloudinary.com/www-stanleystella-com/image/upload/c_lpad,w_1600,f_auto,q_auto/v1/TechnicalNames/PBM0_STTW079_C133.jpg?_i=AB",Stella Expresser 2.0 in Lemon Sorbet,20,,,,,,,,,,,,,,,,,,
image,MP-0172,,,,,,,,,,,,,,,,,,,,,,,,,,,,c361,,,,,"https://res.cloudinary.com/www-stanleystella-com/image/upload/c_lpad,w_1600,f_auto,q_auto/v1/TechnicalNames/SFC5_STTW079_C361.jpg?_i=AB",Stella Expresser 2.0 in Cream,21,,,,,,,,,,,,,,,,,,
image,MP-0172,,,,,,,,,,,,,,,,,,,,,,,,,,,,c146,,,,,"https://res.cloudinary.com/www-stanleystella-com/image/upload/c_lpad,w_1600,f_auto,q_auto/v1/TechnicalNames/PBM0_STTW079_C146.jpg?_i=AB",Stella Expresser 2.0 in Cool Heather Grey,22,,,,,,,,,,,,,,,,,,
image,MP-0172,,,,,,,,,,,,,,,,,,,,,,,,,,,,c253,,,,,"https://res.cloudinary.com/www-stanleystella-com/image/upload/c_lpad,w_1600,f_auto,q_auto/v1/TechnicalNames/SFC5_STTW079_C253.jpg?_i=AB",Stella Expresser 2.0 in Anthracite,23,,,,,,,,,,,,,,,,,,
decoration,MP-0172,,,,,,,,,,,,,,,,,,,,,,,,,,,,,,,,,,,,embroidery,front,160,160,6,Vector or DST,Default maximum for the category — confirm per product.,,,,,,,,,,,
decoration,MP-0172,,,,,,,,,,,,,,,,,,,,,,,,,,,,,,,,,,,,embroidery,back,200,200,6,Vector or DST,Default maximum for the category — confirm per product.,,,,,,,,,,,
decoration,MP-0172,,,,,,,,,,,,,,,,,,,,,,,,,,,,,,,,,,,,embroidery,left_chest,90,90,6,Vector or DST,Default maximum for the category — confirm per product.,,,,,,,,,,,
decoration,MP-0172,,,,,,,,,,,,,,,,,,,,,,,,,,,,,,,,,,,,embroidery,sleeve,70,70,6,Vector or DST,Default maximum for the category — confirm per product.,,,,,,,,,,,
decoration,MP-0172,,,,,,,,,,,,,,,,,,,,,,,,,,,,,,,,,,,,screen,front,300,400,4,Vector,Default maximum for the category — confirm per product.,,,,,,,,,,,
decoration,MP-0172,,,,,,,,,,,,,,,,,,,,,,,,,,,,,,,,,,,,screen,back,320,420,4,Vector,Default maximum for the category — confirm per product.,,,,,,,,,,,
decoration,MP-0172,,,,,,,,,,,,,,,,,,,,,,,,,,,,,,,,,,,,screen,left_chest,100,100,4,Vector,Default maximum for the category — confirm per product.,,,,,,,,,,,
decoration,MP-0172,,,,,,,,,,,,,,,,,,,,,,,,,,,,,,,,,,,,screen,sleeve,80,300,4,Vector,Default maximum for the category — confirm per product.,,,,,,,,,,,
decoration,MP-0172,,,,,,,,,,,,,,,,,,,,,,,,,,,,,,,,,,,,dtf,front,300,400,4,Vector,Default maximum for the category — confirm per product.,,,,,,,,,,,
decoration,MP-0172,,,,,,,,,,,,,,,,,,,,,,,,,,,,,,,,,,,,dtf,back,320,420,4,Vector,Default maximum for the category — confirm per product.,,,,,,,,,,,
decoration,MP-0172,,,,,,,,,,,,,,,,,,,,,,,,,,,,,,,,,,,,dtf,left_chest,100,100,4,Vector,Default maximum for the category — confirm per product.,,,,,,,,,,,
decoration,MP-0172,,,,,,,,,,,,,,,,,,,,,,,,,,,,,,,,,,,,dtf,sleeve,80,300,4,Vector,Default maximum for the category — confirm per product.,,,,,,,,,,,
decoration,MP-0172,,,,,,,,,,,,,,,,,,,,,,,,,,,,,,,,,,,,dtg,front,300,400,4,Vector,Default maximum for the category — confirm per product.,,,,,,,,,,,
decoration,MP-0172,,,,,,,,,,,,,,,,,,,,,,,,,,,,,,,,,,,,dtg,back,320,420,4,Vector,Default maximum for the category — confirm per product.,,,,,,,,,,,
decoration,MP-0172,,,,,,,,,,,,,,,,,,,,,,,,,,,,,,,,,,,,dtg,left_chest,100,100,4,Vector,Default maximum for the category — confirm per product.,,,,,,,,,,,
decoration,MP-0172,,,,,,,,,,,,,,,,,,,,,,,,,,,,,,,,,,,,dtg,sleeve,80,300,4,Vector,Default maximum for the category — confirm per product.,,,,,,,,,,,
product,MP-0173,stella-isla,Stella Isla,T-shirts,published,25,EUR,23.75,20.59,17.56,15.14,13.99,5.55,3,5,c002|c001|c727|c250|c054|c005|c149|c702|c223|c078,XS|S|M|L|XL|XXL,embroidery|screen|dtf|dtg,front|back|left_chest|sleeve,yes,"Shell: Single Jersey, 100% Cotton - Organic Ring Spun Combed, Fabric washed","Shell: Single Jersey, 100% Cotton - Organic Ring Spun Combed, Fabric washed",155,,,,Stanley/Stella,STTW176,,,,,,,,,,,,,,,cost 5.55; worst-case decoration 5.86 at 100; market blank 6.21; ours 2.83x market,,,,,,,,,,,
variant,MP-0173,,,,published,,,,,,,,,,,,,,,,,,,,,,,,c002,MP0173-C002,0.00,,,,,,,,,,,,,,,,,,,,,,,
variant,MP-0173,,,,published,,,,,,,,,,,,,,,,,,,,,,,,c001,MP0173-C001,0.00,,,,,,,,,,,,,,,,,,,,,,,
variant,MP-0173,,,,published,,,,,,,,,,,,,,,,,,,,,,,,c727,MP0173-C727,0.00,,,,,,,,,,,,,,,,,,,,,,,
variant,MP-0173,,,,published,,,,,,,,,,,,,,,,,,,,,,,,c250,MP0173-C250,0.00,,,,,,,,,,,,,,,,,,,,,,,
variant,MP-0173,,,,published,,,,,,,,,,,,,,,,,,,,,,,,c054,MP0173-C054,0.00,,,,,,,,,,,,,,,,,,,,,,,
variant,MP-0173,,,,published,,,,,,,,,,,,,,,,,,,,,,,,c005,MP0173-C005,0.00,,,,,,,,,,,,,,,,,,,,,,,
variant,MP-0173,,,,published,,,,,,,,,,,,,,,,,,,,,,,,c149,MP0173-C149,0.00,,,,,,,,,,,,,,,,,,,,,,,
variant,MP-0173,,,,published,,,,,,,,,,,,,,,,,,,,,,,,c702,MP0173-C702,0.00,,,,,,,,,,,,,,,,,,,,,,,
variant,MP-0173,,,,published,,,,,,,,,,,,,,,,,,,,,,,,c223,MP0173-C223,0.00,,,,,,,,,,,,,,,,,,,,,,,
variant,MP-0173,,,,published,,,,,,,,,,,,,,,,,,,,,,,,c078,MP0173-C078,0.00,,,,,,,,,,,,,,,,,,,,,,,
image,MP-0173,,,,,,,,,,,,,,,,,,,,,,,,,,,,,,,,,"https://res.cloudinary.com/www-stanleystella-com/image/upload/c_lpad,w_1600,f_auto,q_auto/v1/TechnicalNames/SFC5_STTW176_C002.jpg?_i=AB",Stella Isla in Black,1,,,,,,,,,,,,,,,,,,
image,MP-0173,,,,,,,,,,,,,,,,,,,,,,,,,,,,c001,,,,,"https://res.cloudinary.com/www-stanleystella-com/image/upload/c_lpad,w_1600,f_auto,q_auto/v1/TechnicalNames/SFC5_STTW176_C001.jpg?_i=AB",Stella Isla in White,2,,,,,,,,,,,,,,,,,,
image,MP-0173,,,,,,,,,,,,,,,,,,,,,,,,,,,,c727,,,,,"https://res.cloudinary.com/www-stanleystella-com/image/upload/c_lpad,w_1600,f_auto,q_auto/v1/TechnicalNames/SFC6_STTW176_C727.jpg?_i=AB",Stella Isla in French Navy,3,,,,,,,,,,,,,,,,,,
image,MP-0173,,,,,,,,,,,,,,,,,,,,,,,,,,,,c250,,,,,"https://res.cloudinary.com/www-stanleystella-com/image/upload/c_lpad,w_1600,f_auto,q_auto/v1/TechnicalNames/SFC5_STTW176_C250.jpg?_i=AB",Stella Isla in Heather Grey,4,,,,,,,,,,,,,,,,,,
image,MP-0173,,,,,,,,,,,,,,,,,,,,,,,,,,,,c054,,,,,"https://res.cloudinary.com/www-stanleystella-com/image/upload/c_lpad,w_1600,f_auto,q_auto/v1/TechnicalNames/SFC5_STTW176_C054.jpg?_i=AB",Stella Isla in Natural Raw,5,,,,,,,,,,,,,,,,,,
image,MP-0173,,,,,,,,,,,,,,,,,,,,,,,,,,,,c005,,,,,"https://res.cloudinary.com/www-stanleystella-com/image/upload/c_lpad,w_1600,f_auto,q_auto/v1/TechnicalNames/PFD0_STTW176_C005.jpg?_i=AB",Stella Isla in Cotton Pink,6,,,,,,,,,,,,,,,,,,
image,MP-0173,,,,,,,,,,,,,,,,,,,,,,,,,,,,c149,,,,,"https://res.cloudinary.com/www-stanleystella-com/image/upload/c_lpad,w_1600,f_auto,q_auto/v1/TechnicalNames/SFM5_STTW176_C149.jpg?_i=AB",Stella Isla in Blue soul,7,,,,,,,,,,,,,,,,,,
image,MP-0173,,,,,,,,,,,,,,,,,,,,,,,,,,,,c702,,,,,"https://res.cloudinary.com/www-stanleystella-com/image/upload/c_lpad,w_1600,f_auto,q_auto/v1/TechnicalNames/SFC6_STTW176_C702.jpg?_i=AB",Stella Isla in Stargazer,8,,,,,,,,,,,,,,,,,,
image,MP-0173,,,,,,,,,,,,,,,,,,,,,,,,,,,,c223,,,,,"https://res.cloudinary.com/www-stanleystella-com/image/upload/c_lpad,w_1600,f_auto,q_auto/v1/TechnicalNames/SFC5_STTW176_C223.jpg?_i=AB",Stella Isla in Khaki,9,,,,,,,,,,,,,,,,,,
image,MP-0173,,,,,,,,,,,,,,,,,,,,,,,,,,,,c078,,,,,"https://res.cloudinary.com/www-stanleystella-com/image/upload/c_lpad,w_1600,f_auto,q_auto/v1/TechnicalNames/PFD0_STTW176_C078.jpg?_i=AB",Stella Isla in Butter,10,,,,,,,,,,,,,,,,,,
decoration,MP-0173,,,,,,,,,,,,,,,,,,,,,,,,,,,,,,,,,,,,embroidery,front,160,160,6,Vector or DST,Default maximum for the category — confirm per product.,,,,,,,,,,,
decoration,MP-0173,,,,,,,,,,,,,,,,,,,,,,,,,,,,,,,,,,,,embroidery,back,200,200,6,Vector or DST,Default maximum for the category — confirm per product.,,,,,,,,,,,
decoration,MP-0173,,,,,,,,,,,,,,,,,,,,,,,,,,,,,,,,,,,,embroidery,left_chest,90,90,6,Vector or DST,Default maximum for the category — confirm per product.,,,,,,,,,,,
decoration,MP-0173,,,,,,,,,,,,,,,,,,,,,,,,,,,,,,,,,,,,embroidery,sleeve,70,70,6,Vector or DST,Default maximum for the category — confirm per product.,,,,,,,,,,,
decoration,MP-0173,,,,,,,,,,,,,,,,,,,,,,,,,,,,,,,,,,,,screen,front,300,400,4,Vector,Default maximum for the category — confirm per product.,,,,,,,,,,,
decoration,MP-0173,,,,,,,,,,,,,,,,,,,,,,,,,,,,,,,,,,,,screen,back,320,420,4,Vector,Default maximum for the category — confirm per product.,,,,,,,,,,,
decoration,MP-0173,,,,,,,,,,,,,,,,,,,,,,,,,,,,,,,,,,,,screen,left_chest,100,100,4,Vector,Default maximum for the category — confirm per product.,,,,,,,,,,,
decoration,MP-0173,,,,,,,,,,,,,,,,,,,,,,,,,,,,,,,,,,,,screen,sleeve,80,300,4,Vector,Default maximum for the category — confirm per product.,,,,,,,,,,,
decoration,MP-0173,,,,,,,,,,,,,,,,,,,,,,,,,,,,,,,,,,,,dtf,front,300,400,4,Vector,Default maximum for the category — confirm per product.,,,,,,,,,,,
decoration,MP-0173,,,,,,,,,,,,,,,,,,,,,,,,,,,,,,,,,,,,dtf,back,320,420,4,Vector,Default maximum for the category — confirm per product.,,,,,,,,,,,
decoration,MP-0173,,,,,,,,,,,,,,,,,,,,,,,,,,,,,,,,,,,,dtf,left_chest,100,100,4,Vector,Default maximum for the category — confirm per product.,,,,,,,,,,,
decoration,MP-0173,,,,,,,,,,,,,,,,,,,,,,,,,,,,,,,,,,,,dtf,sleeve,80,300,4,Vector,Default maximum for the category — confirm per product.,,,,,,,,,,,
decoration,MP-0173,,,,,,,,,,,,,,,,,,,,,,,,,,,,,,,,,,,,dtg,front,300,400,4,Vector,Default maximum for the category — confirm per product.,,,,,,,,,,,
decoration,MP-0173,,,,,,,,,,,,,,,,,,,,,,,,,,,,,,,,,,,,dtg,back,320,420,4,Vector,Default maximum for the category — confirm per product.,,,,,,,,,,,
decoration,MP-0173,,,,,,,,,,,,,,,,,,,,,,,,,,,,,,,,,,,,dtg,left_chest,100,100,4,Vector,Default maximum for the category — confirm per product.,,,,,,,,,,,
decoration,MP-0173,,,,,,,,,,,,,,,,,,,,,,,,,,,,,,,,,,,,dtg,sleeve,80,300,4,Vector,Default maximum for the category — confirm per product.,,,,,,,,,,,
product,MP-0174,stella-mia,Stella Mia,T-shirts,published,25,EUR,23.29,20.13,17.10,14.68,13.53,5.25,3,5,c002|c001|c727|c250|c101|c728|c356,XS|S|M|L|XL|XXL,embroidery|screen|dtf|dtg,front|back|left_chest|sleeve,yes,"Shell: Single Jersey, 100% Cotton - Organic Ring Spun Combed, Fabric washed","Shell: Single Jersey, 100% Cotton - Organic Ring Spun Combed, Fabric washed",155,,,,Stanley/Stella,STTW962,,,,,,,,,,,,,,,cost 5.25; worst-case decoration 5.86 at 100; market blank 5.86; ours 2.92x market,,,,,,,,,,,
variant,MP-0174,,,,published,,,,,,,,,,,,,,,,,,,,,,,,c002,MP0174-C002,0.00,,,,,,,,,,,,,,,,,,,,,,,
variant,MP-0174,,,,published,,,,,,,,,,,,,,,,,,,,,,,,c001,MP0174-C001,0.00,,,,,,,,,,,,,,,,,,,,,,,
variant,MP-0174,,,,published,,,,,,,,,,,,,,,,,,,,,,,,c727,MP0174-C727,0.00,,,,,,,,,,,,,,,,,,,,,,,
variant,MP-0174,,,,published,,,,,,,,,,,,,,,,,,,,,,,,c250,MP0174-C250,0.00,,,,,,,,,,,,,,,,,,,,,,,
variant,MP-0174,,,,published,,,,,,,,,,,,,,,,,,,,,,,,c101,MP0174-C101,0.00,,,,,,,,,,,,,,,,,,,,,,,
variant,MP-0174,,,,published,,,,,,,,,,,,,,,,,,,,,,,,c728,MP0174-C728,0.00,,,,,,,,,,,,,,,,,,,,,,,
variant,MP-0174,,,,published,,,,,,,,,,,,,,,,,,,,,,,,c356,MP0174-C356,0.00,,,,,,,,,,,,,,,,,,,,,,,
image,MP-0174,,,,,,,,,,,,,,,,,,,,,,,,,,,,,,,,,"https://res.cloudinary.com/www-stanleystella-com/image/upload/c_lpad,w_1600,f_auto,q_auto/v1/TechnicalNames/PBM0_STTW962_C002.jpg?_i=AB",Stella Mia in Black,1,,,,,,,,,,,,,,,,,,
image,MP-0174,,,,,,,,,,,,,,,,,,,,,,,,,,,,c001,,,,,"https://res.cloudinary.com/www-stanleystella-com/image/upload/c_lpad,w_1600,f_auto,q_auto/v1/TechnicalNames/PBM0_STTW962_C001.jpg?_i=AB",Stella Mia in White,2,,,,,,,,,,,,,,,,,,
image,MP-0174,,,,,,,,,,,,,,,,,,,,,,,,,,,,c727,,,,,"https://res.cloudinary.com/www-stanleystella-com/image/upload/c_lpad,w_1600,f_auto,q_auto/v1/TechnicalNames/PBM0_STTW962_C727.jpg?_i=AB",Stella Mia in French Navy,3,,,,,,,,,,,,,,,,,,
image,MP-0174,,,,,,,,,,,,,,,,,,,,,,,,,,,,c250,,,,,"https://res.cloudinary.com/www-stanleystella-com/image/upload/c_lpad,w_1600,f_auto,q_auto/v1/TechnicalNames/PBM0_STTW962_C250.jpg?_i=AB",Stella Mia in Heather Grey,4,,,,,,,,,,,,,,,,,,
image,MP-0174,,,,,,,,,,,,,,,,,,,,,,,,,,,,c101,,,,,"https://res.cloudinary.com/www-stanleystella-com/image/upload/c_lpad,w_1600,f_auto,q_auto/v1/TechnicalNames/DFM0_STTW962_C101.jpg?_i=AB",Stella Mia in Fraiche Peche,5,,,,,,,,,,,,,,,,,,
image,MP-0174,,,,,,,,,,,,,,,,,,,,,,,,,,,,c728,,,,,"https://res.cloudinary.com/www-stanleystella-com/image/upload/c_lpad,w_1600,f_auto,q_auto/v1/TechnicalNames/PBM0_STTW962_C728.jpg?_i=AB",Stella Mia in Blue Ice,6,,,,,,,,,,,,,,,,,,
image,MP-0174,,,,,,,,,,,,,,,,,,,,,,,,,,,,c356,,,,,"https://res.cloudinary.com/www-stanleystella-com/image/upload/c_lpad,w_1600,f_auto,q_auto/v1/TechnicalNames/PBM0_STTW962_C356.jpg?_i=AB",Stella Mia in Viva Yellow,7,,,,,,,,,,,,,,,,,,
decoration,MP-0174,,,,,,,,,,,,,,,,,,,,,,,,,,,,,,,,,,,,embroidery,front,160,160,6,Vector or DST,Default maximum for the category — confirm per product.,,,,,,,,,,,
decoration,MP-0174,,,,,,,,,,,,,,,,,,,,,,,,,,,,,,,,,,,,embroidery,back,200,200,6,Vector or DST,Default maximum for the category — confirm per product.,,,,,,,,,,,
decoration,MP-0174,,,,,,,,,,,,,,,,,,,,,,,,,,,,,,,,,,,,embroidery,left_chest,90,90,6,Vector or DST,Default maximum for the category — confirm per product.,,,,,,,,,,,
decoration,MP-0174,,,,,,,,,,,,,,,,,,,,,,,,,,,,,,,,,,,,embroidery,sleeve,70,70,6,Vector or DST,Default maximum for the category — confirm per product.,,,,,,,,,,,
decoration,MP-0174,,,,,,,,,,,,,,,,,,,,,,,,,,,,,,,,,,,,screen,front,300,400,4,Vector,Default maximum for the category — confirm per product.,,,,,,,,,,,
decoration,MP-0174,,,,,,,,,,,,,,,,,,,,,,,,,,,,,,,,,,,,screen,back,320,420,4,Vector,Default maximum for the category — confirm per product.,,,,,,,,,,,
decoration,MP-0174,,,,,,,,,,,,,,,,,,,,,,,,,,,,,,,,,,,,screen,left_chest,100,100,4,Vector,Default maximum for the category — confirm per product.,,,,,,,,,,,
decoration,MP-0174,,,,,,,,,,,,,,,,,,,,,,,,,,,,,,,,,,,,screen,sleeve,80,300,4,Vector,Default maximum for the category — confirm per product.,,,,,,,,,,,
decoration,MP-0174,,,,,,,,,,,,,,,,,,,,,,,,,,,,,,,,,,,,dtf,front,300,400,4,Vector,Default maximum for the category — confirm per product.,,,,,,,,,,,
decoration,MP-0174,,,,,,,,,,,,,,,,,,,,,,,,,,,,,,,,,,,,dtf,back,320,420,4,Vector,Default maximum for the category — confirm per product.,,,,,,,,,,,
decoration,MP-0174,,,,,,,,,,,,,,,,,,,,,,,,,,,,,,,,,,,,dtf,left_chest,100,100,4,Vector,Default maximum for the category — confirm per product.,,,,,,,,,,,
decoration,MP-0174,,,,,,,,,,,,,,,,,,,,,,,,,,,,,,,,,,,,dtf,sleeve,80,300,4,Vector,Default maximum for the category — confirm per product.,,,,,,,,,,,
decoration,MP-0174,,,,,,,,,,,,,,,,,,,,,,,,,,,,,,,,,,,,dtg,front,300,400,4,Vector,Default maximum for the category — confirm per product.,,,,,,,,,,,
decoration,MP-0174,,,,,,,,,,,,,,,,,,,,,,,,,,,,,,,,,,,,dtg,back,320,420,4,Vector,Default maximum for the category — confirm per product.,,,,,,,,,,,
decoration,MP-0174,,,,,,,,,,,,,,,,,,,,,,,,,,,,,,,,,,,,dtg,left_chest,100,100,4,Vector,Default maximum for the category — confirm per product.,,,,,,,,,,,
decoration,MP-0174,,,,,,,,,,,,,,,,,,,,,,,,,,,,,,,,,,,,dtg,sleeve,80,300,4,Vector,Default maximum for the category — confirm per product.,,,,,,,,,,,
product,MP-0175,stella-minter,Stella Minter,T-shirts,published,25,EUR,,,,,,,3,5,c001|c054|c002|c078|c057|c727|c068|c038|c250|c084,XS|S|M|L|XL|XXL,embroidery|screen|dtf|dtg,front|back|left_chest|sleeve,yes,"Shell: Single Jersey, 100% Cotton - Organic Ring Spun Combed, Fabric washed","Shell: Single Jersey, 100% Cotton - Organic Ring Spun Combed, Fabric washed",155,,,,Stanley/Stella,STTW084,,,,,,,,,,,,,,,No supplier cost on file — quote on inquiry.,,,,,,,,,,,
variant,MP-0175,,,,published,,,,,,,,,,,,,,,,,,,,,,,,c001,MP0175-C001,0.00,,,,,,,,,,,,,,,,,,,,,,,
variant,MP-0175,,,,published,,,,,,,,,,,,,,,,,,,,,,,,c054,MP0175-C054,0.00,,,,,,,,,,,,,,,,,,,,,,,
variant,MP-0175,,,,published,,,,,,,,,,,,,,,,,,,,,,,,c002,MP0175-C002,0.00,,,,,,,,,,,,,,,,,,,,,,,
variant,MP-0175,,,,published,,,,,,,,,,,,,,,,,,,,,,,,c078,MP0175-C078,0.00,,,,,,,,,,,,,,,,,,,,,,,
variant,MP-0175,,,,published,,,,,,,,,,,,,,,,,,,,,,,,c057,MP0175-C057,0.00,,,,,,,,,,,,,,,,,,,,,,,
variant,MP-0175,,,,published,,,,,,,,,,,,,,,,,,,,,,,,c727,MP0175-C727,0.00,,,,,,,,,,,,,,,,,,,,,,,
variant,MP-0175,,,,published,,,,,,,,,,,,,,,,,,,,,,,,c068,MP0175-C068,0.00,,,,,,,,,,,,,,,,,,,,,,,
variant,MP-0175,,,,published,,,,,,,,,,,,,,,,,,,,,,,,c038,MP0175-C038,0.00,,,,,,,,,,,,,,,,,,,,,,,
variant,MP-0175,,,,published,,,,,,,,,,,,,,,,,,,,,,,,c250,MP0175-C250,0.00,,,,,,,,,,,,,,,,,,,,,,,
variant,MP-0175,,,,published,,,,,,,,,,,,,,,,,,,,,,,,c084,MP0175-C084,0.00,,,,,,,,,,,,,,,,,,,,,,,
image,MP-0175,,,,,,,,,,,,,,,,,,,,,,,,,,,,,,,,,"https://res.cloudinary.com/www-stanleystella-com/image/upload/c_lpad,w_1600,f_auto,q_auto/v1/TechnicalNames/SFM5_STTW084_C084.jpg?_i=AB",Stella Minter in Heather Rainbow,1,,,,,,,,,,,,,,,,,,
decoration,MP-0175,,,,,,,,,,,,,,,,,,,,,,,,,,,,,,,,,,,,embroidery,front,160,160,6,Vector or DST,Default maximum for the category — confirm per product.,,,,,,,,,,,
decoration,MP-0175,,,,,,,,,,,,,,,,,,,,,,,,,,,,,,,,,,,,embroidery,back,200,200,6,Vector or DST,Default maximum for the category — confirm per product.,,,,,,,,,,,
decoration,MP-0175,,,,,,,,,,,,,,,,,,,,,,,,,,,,,,,,,,,,embroidery,left_chest,90,90,6,Vector or DST,Default maximum for the category — confirm per product.,,,,,,,,,,,
decoration,MP-0175,,,,,,,,,,,,,,,,,,,,,,,,,,,,,,,,,,,,embroidery,sleeve,70,70,6,Vector or DST,Default maximum for the category — confirm per product.,,,,,,,,,,,
decoration,MP-0175,,,,,,,,,,,,,,,,,,,,,,,,,,,,,,,,,,,,screen,front,300,400,4,Vector,Default maximum for the category — confirm per product.,,,,,,,,,,,
decoration,MP-0175,,,,,,,,,,,,,,,,,,,,,,,,,,,,,,,,,,,,screen,back,320,420,4,Vector,Default maximum for the category — confirm per product.,,,,,,,,,,,
decoration,MP-0175,,,,,,,,,,,,,,,,,,,,,,,,,,,,,,,,,,,,screen,left_chest,100,100,4,Vector,Default maximum for the category — confirm per product.,,,,,,,,,,,
decoration,MP-0175,,,,,,,,,,,,,,,,,,,,,,,,,,,,,,,,,,,,screen,sleeve,80,300,4,Vector,Default maximum for the category — confirm per product.,,,,,,,,,,,
decoration,MP-0175,,,,,,,,,,,,,,,,,,,,,,,,,,,,,,,,,,,,dtf,front,300,400,4,Vector,Default maximum for the category — confirm per product.,,,,,,,,,,,
decoration,MP-0175,,,,,,,,,,,,,,,,,,,,,,,,,,,,,,,,,,,,dtf,back,320,420,4,Vector,Default maximum for the category — confirm per product.,,,,,,,,,,,
decoration,MP-0175,,,,,,,,,,,,,,,,,,,,,,,,,,,,,,,,,,,,dtf,left_chest,100,100,4,Vector,Default maximum for the category — confirm per product.,,,,,,,,,,,
decoration,MP-0175,,,,,,,,,,,,,,,,,,,,,,,,,,,,,,,,,,,,dtf,sleeve,80,300,4,Vector,Default maximum for the category — confirm per product.,,,,,,,,,,,
decoration,MP-0175,,,,,,,,,,,,,,,,,,,,,,,,,,,,,,,,,,,,dtg,front,300,400,4,Vector,Default maximum for the category — confirm per product.,,,,,,,,,,,
decoration,MP-0175,,,,,,,,,,,,,,,,,,,,,,,,,,,,,,,,,,,,dtg,back,320,420,4,Vector,Default maximum for the category — confirm per product.,,,,,,,,,,,
decoration,MP-0175,,,,,,,,,,,,,,,,,,,,,,,,,,,,,,,,,,,,dtg,left_chest,100,100,4,Vector,Default maximum for the category — confirm per product.,,,,,,,,,,,
decoration,MP-0175,,,,,,,,,,,,,,,,,,,,,,,,,,,,,,,,,,,,dtg,sleeve,80,300,4,Vector,Default maximum for the category — confirm per product.,,,,,,,,,,,
product,MP-0176,stella-muser,Stella Muser,T-shirts,published,25,EUR,25.59,22.43,19.40,16.99,15.84,6.75,3,5,c172|c173|c002|c001|c727|c250|c054|c143|c142|c101|c005|c129|c244|c004|c355|c063|c115|c088|c728|c149|c145|c156|c702|c136|c137|c144|c735|c223|c356|c155|c730|c135|c018|c146|c147|c731|c253,XS|S|M|L|XL|XXL|3XL,embroidery|screen|dtf|dtg,front|back|left_chest|sleeve,yes,"Shell: Single Jersey, 100% Cotton - Organic Combed Ring Spun / Heather Haze: 70% Organic Cotton - 30% Recycled Cotton, Combed Ring Spun, Fabric washed","Shell: Single Jersey, 100% Cotton - Organic Combed Ring Spun / Heather Haze: 70% Organic Cotton - 30% Recycled Cotton, Combed Ring Spun, Fabric washed",180,,,,Stanley/Stella,STTW172,,,,,,,,,,,,,,,cost 6.75; worst-case decoration 5.86 at 100; market blank 6.79; ours 2.86x market,,,,,,,,,,,
variant,MP-0176,,,,published,,,,,,,,,,,,,,,,,,,,,,,,c172,MP0176-C172,0.00,,,,,,,,,,,,,,,,,,,,,,,
variant,MP-0176,,,,published,,,,,,,,,,,,,,,,,,,,,,,,c173,MP0176-C173,0.00,,,,,,,,,,,,,,,,,,,,,,,
variant,MP-0176,,,,published,,,,,,,,,,,,,,,,,,,,,,,,c002,MP0176-C002,0.00,,,,,,,,,,,,,,,,,,,,,,,
variant,MP-0176,,,,published,,,,,,,,,,,,,,,,,,,,,,,,c001,MP0176-C001,0.00,,,,,,,,,,,,,,,,,,,,,,,
variant,MP-0176,,,,published,,,,,,,,,,,,,,,,,,,,,,,,c727,MP0176-C727,0.00,,,,,,,,,,,,,,,,,,,,,,,
variant,MP-0176,,,,published,,,,,,,,,,,,,,,,,,,,,,,,c250,MP0176-C250,0.00,,,,,,,,,,,,,,,,,,,,,,,
variant,MP-0176,,,,published,,,,,,,,,,,,,,,,,,,,,,,,c054,MP0176-C054,0.00,,,,,,,,,,,,,,,,,,,,,,,
variant,MP-0176,,,,published,,,,,,,,,,,,,,,,,,,,,,,,c143,MP0176-C143,0.00,,,,,,,,,,,,,,,,,,,,,,,
variant,MP-0176,,,,published,,,,,,,,,,,,,,,,,,,,,,,,c142,MP0176-C142,0.00,,,,,,,,,,,,,,,,,,,,,,,
variant,MP-0176,,,,published,,,,,,,,,,,,,,,,,,,,,,,,c101,MP0176-C101,0.00,,,,,,,,,,,,,,,,,,,,,,,
variant,MP-0176,,,,published,,,,,,,,,,,,,,,,,,,,,,,,c005,MP0176-C005,0.00,,,,,,,,,,,,,,,,,,,,,,,
variant,MP-0176,,,,published,,,,,,,,,,,,,,,,,,,,,,,,c129,MP0176-C129,0.00,,,,,,,,,,,,,,,,,,,,,,,
variant,MP-0176,,,,published,,,,,,,,,,,,,,,,,,,,,,,,c244,MP0176-C244,0.00,,,,,,,,,,,,,,,,,,,,,,,
variant,MP-0176,,,,published,,,,,,,,,,,,,,,,,,,,,,,,c004,MP0176-C004,0.00,,,,,,,,,,,,,,,,,,,,,,,
variant,MP-0176,,,,published,,,,,,,,,,,,,,,,,,,,,,,,c355,MP0176-C355,0.00,,,,,,,,,,,,,,,,,,,,,,,
variant,MP-0176,,,,published,,,,,,,,,,,,,,,,,,,,,,,,c063,MP0176-C063,0.00,,,,,,,,,,,,,,,,,,,,,,,
variant,MP-0176,,,,published,,,,,,,,,,,,,,,,,,,,,,,,c115,MP0176-C115,0.00,,,,,,,,,,,,,,,,,,,,,,,
variant,MP-0176,,,,published,,,,,,,,,,,,,,,,,,,,,,,,c088,MP0176-C088,0.00,,,,,,,,,,,,,,,,,,,,,,,
variant,MP-0176,,,,published,,,,,,,,,,,,,,,,,,,,,,,,c728,MP0176-C728,0.00,,,,,,,,,,,,,,,,,,,,,,,
variant,MP-0176,,,,published,,,,,,,,,,,,,,,,,,,,,,,,c149,MP0176-C149,0.00,,,,,,,,,,,,,,,,,,,,,,,
variant,MP-0176,,,,published,,,,,,,,,,,,,,,,,,,,,,,,c145,MP0176-C145,0.00,,,,,,,,,,,,,,,,,,,,,,,
variant,MP-0176,,,,published,,,,,,,,,,,,,,,,,,,,,,,,c156,MP0176-C156,0.00,,,,,,,,,,,,,,,,,,,,,,,
variant,MP-0176,,,,published,,,,,,,,,,,,,,,,,,,,,,,,c702,MP0176-C702,0.00,,,,,,,,,,,,,,,,,,,,,,,
variant,MP-0176,,,,published,,,,,,,,,,,,,,,,,,,,,,,,c136,MP0176-C136,0.00,,,,,,,,,,,,,,,,,,,,,,,
variant,MP-0176,,,,published,,,,,,,,,,,,,,,,,,,,,,,,c137,MP0176-C137,0.00,,,,,,,,,,,,,,,,,,,,,,,
variant,MP-0176,,,,published,,,,,,,,,,,,,,,,,,,,,,,,c144,MP0176-C144,0.00,,,,,,,,,,,,,,,,,,,,,,,
variant,MP-0176,,,,published,,,,,,,,,,,,,,,,,,,,,,,,c735,MP0176-C735,0.00,,,,,,,,,,,,,,,,,,,,,,,
variant,MP-0176,,,,published,,,,,,,,,,,,,,,,,,,,,,,,c223,MP0176-C223,0.00,,,,,,,,,,,,,,,,,,,,,,,
variant,MP-0176,,,,published,,,,,,,,,,,,,,,,,,,,,,,,c356,MP0176-C356,0.00,,,,,,,,,,,,,,,,,,,,,,,
variant,MP-0176,,,,published,,,,,,,,,,,,,,,,,,,,,,,,c155,MP0176-C155,0.00,,,,,,,,,,,,,,,,,,,,,,,
variant,MP-0176,,,,published,,,,,,,,,,,,,,,,,,,,,,,,c730,MP0176-C730,0.00,,,,,,,,,,,,,,,,,,,,,,,
variant,MP-0176,,,,published,,,,,,,,,,,,,,,,,,,,,,,,c135,MP0176-C135,0.00,,,,,,,,,,,,,,,,,,,,,,,
variant,MP-0176,,,,published,,,,,,,,,,,,,,,,,,,,,,,,c018,MP0176-C018,0.00,,,,,,,,,,,,,,,,,,,,,,,
variant,MP-0176,,,,published,,,,,,,,,,,,,,,,,,,,,,,,c146,MP0176-C146,0.00,,,,,,,,,,,,,,,,,,,,,,,
variant,MP-0176,,,,published,,,,,,,,,,,,,,,,,,,,,,,,c147,MP0176-C147,0.00,,,,,,,,,,,,,,,,,,,,,,,
variant,MP-0176,,,,published,,,,,,,,,,,,,,,,,,,,,,,,c731,MP0176-C731,0.00,,,,,,,,,,,,,,,,,,,,,,,
variant,MP-0176,,,,published,,,,,,,,,,,,,,,,,,,,,,,,c253,MP0176-C253,0.00,,,,,,,,,,,,,,,,,,,,,,,
image,MP-0176,,,,,,,,,,,,,,,,,,,,,,,,,,,,,,,,,"https://res.cloudinary.com/www-stanleystella-com/image/upload/c_lpad,w_1600,f_auto,q_auto/v1/TechnicalNames/SBM5_STTW172_C172.jpg?_i=AB",Stella Muser in Passionate Red,1,,,,,,,,,,,,,,,,,,
image,MP-0176,,,,,,,,,,,,,,,,,,,,,,,,,,,,c173,,,,,"https://res.cloudinary.com/www-stanleystella-com/image/upload/c_lpad,w_1600,f_auto,q_auto/v1/TechnicalNames/SBM5_STTW172_C173.jpg?_i=AB",Stella Muser in Pebble Blue,2,,,,,,,,,,,,,,,,,,
image,MP-0176,,,,,,,,,,,,,,,,,,,,,,,,,,,,c002,,,,,"https://res.cloudinary.com/www-stanleystella-com/image/upload/c_lpad,w_1600,f_auto,q_auto/v1/TechnicalNames/SFC5_STTW172_C002.jpg?_i=AB",Stella Muser in Black,3,,,,,,,,,,,,,,,,,,
image,MP-0176,,,,,,,,,,,,,,,,,,,,,,,,,,,,c001,,,,,"https://res.cloudinary.com/www-stanleystella-com/image/upload/c_lpad,w_1600,f_auto,q_auto/v1/TechnicalNames/SFC5_STTW172_C001.jpg?_i=AB",Stella Muser in White,4,,,,,,,,,,,,,,,,,,
image,MP-0176,,,,,,,,,,,,,,,,,,,,,,,,,,,,c727,,,,,"https://res.cloudinary.com/www-stanleystella-com/image/upload/c_lpad,w_1600,f_auto,q_auto/v1/TechnicalNames/SFC5_STTW172_C727.jpg?_i=AB",Stella Muser in French Navy,5,,,,,,,,,,,,,,,,,,
image,MP-0176,,,,,,,,,,,,,,,,,,,,,,,,,,,,c250,,,,,"https://res.cloudinary.com/www-stanleystella-com/image/upload/c_lpad,w_1600,f_auto,q_auto/v1/TechnicalNames/SFC5_STTW172_C250.jpg?_i=AB",Stella Muser in Heather Grey,6,,,,,,,,,,,,,,,,,,
image,MP-0176,,,,,,,,,,,,,,,,,,,,,,,,,,,,c054,,,,,"https://res.cloudinary.com/www-stanleystella-com/image/upload/c_lpad,w_1600,f_auto,q_auto/v1/TechnicalNames/SFC5_STTW172_C054.jpg?_i=AB",Stella Muser in Natural Raw,7,,,,,,,,,,,,,,,,,,
image,MP-0176,,,,,,,,,,,,,,,,,,,,,,,,,,,,c143,,,,,"https://res.cloudinary.com/www-stanleystella-com/image/upload/c_lpad,w_1600,f_auto,q_auto/v1/TechnicalNames/PFD0_STTW172_C143.jpg?_i=AB",Stella Muser in Fiesta,8,,,,,,,,,,,,,,,,,,
image,MP-0176,,,,,,,,,,,,,,,,,,,,,,,,,,,,c142,,,,,"https://res.cloudinary.com/www-stanleystella-com/image/upload/c_lpad,w_1600,f_auto,q_auto/v1/TechnicalNames/PFD0_STTW172_C142.jpg?_i=AB",Stella Muser in Nispero,9,,,,,,,,,,,,,,,,,,
image,MP-0176,,,,,,,,,,,,,,,,,,,,,,,,,,,,c101,,,,,"https://res.cloudinary.com/www-stanleystella-com/image/upload/c_lpad,w_1600,f_auto,q_auto/v1/TechnicalNames/PFD0_STTW172_C101.jpg?_i=AB",Stella Muser in Fraiche Peche,10,,,,,,,,,,,,,,,,,,
image,MP-0176,,,,,,,,,,,,,,,,,,,,,,,,,,,,c005,,,,,"https://res.cloudinary.com/www-stanleystella-com/image/upload/c_lpad,w_1600,f_auto,q_auto/v1/TechnicalNames/PFD0_STTW172_C005.jpg?_i=AB",Stella Muser in Cotton Pink,11,,,,,,,,,,,,,,,,,,
image,MP-0176,,,,,,,,,,,,,,,,,,,,,,,,,,,,c129,,,,,"https://res.cloudinary.com/www-stanleystella-com/image/upload/c_lpad,w_1600,f_auto,q_auto/v1/TechnicalNames/SFM5_STTW172_C129.jpg?_i=AB",Stella Muser in Bubble Pink,12,,,,,,,,,,,,,,,,,,
image,MP-0176,,,,,,,,,,,,,,,,,,,,,,,,,,,,c244,,,,,"https://res.cloudinary.com/www-stanleystella-com/image/upload/c_lpad,w_1600,f_auto,q_auto/v1/TechnicalNames/SFC5_STTW172_C244.jpg?_i=AB",Stella Muser in Burgundy,13,,,,,,,,,,,,,,,,,,
image,MP-0176,,,,,,,,,,,,,,,,,,,,,,,,,,,,c004,,,,,"https://res.cloudinary.com/www-stanleystella-com/image/upload/c_lpad,w_1600,f_auto,q_auto/v1/TechnicalNames/SFC5_STTW172_C004.jpg?_i=AB",Stella Muser in Red,14,,,,,,,,,,,,,,,,,,
image,MP-0176,,,,,,,,,,,,,,,,,,,,,,,,,,,,c355,,,,,"https://res.cloudinary.com/www-stanleystella-com/image/upload/c_lpad,w_1600,f_auto,q_auto/v1/TechnicalNames/PBM0_STTW172_C355.jpg?_i=AB",Stella Muser in Lilac Dream,15,,,,,,,,,,,,,,,,,,
image,MP-0176,,,,,,,,,,,,,,,,,,,,,,,,,,,,c063,,,,,"https://res.cloudinary.com/www-stanleystella-com/image/upload/c_lpad,w_1600,f_auto,q_auto/v1/TechnicalNames/SBM5_STTW172_C063.jpg?_i=AB",Stella Muser in Lavender,16,,,,,,,,,,,,,,,,,,
image,MP-0176,,,,,,,,,,,,,,,,,,,,,,,,,,,,c115,,,,,"https://res.cloudinary.com/www-stanleystella-com/image/upload/c_lpad,w_1600,f_auto,q_auto/v1/TechnicalNames/PFD0_STTW172_C115.jpg?_i=AB",Stella Muser in Purple Love,17,,,,,,,,,,,,,,,,,,
image,MP-0176,,,,,,,,,,,,,,,,,,,,,,,,,,,,c088,,,,,"https://res.cloudinary.com/www-stanleystella-com/image/upload/c_lpad,w_1600,f_auto,q_auto/v1/TechnicalNames/SFC6_STTW172_C088.jpg?_i=AB",Stella Muser in Worker Blue,18,,,,,,,,,,,,,,,,,,
image,MP-0176,,,,,,,,,,,,,,,,,,,,,,,,,,,,c728,,,,,"https://res.cloudinary.com/www-stanleystella-com/image/upload/c_lpad,w_1600,f_auto,q_auto/v1/TechnicalNames/SBM5_STTW172_C728.jpg?_i=AB",Stella Muser in Blue Ice,19,,,,,,,,,,,,,,,,,,
image,MP-0176,,,,,,,,,,,,,,,,,,,,,,,,,,,,c149,,,,,"https://res.cloudinary.com/www-stanleystella-com/image/upload/c_lpad,w_1600,f_auto,q_auto/v1/TechnicalNames/PFD0_STTW172_C149.jpg?_i=AB",Stella Muser in Blue soul,20,,,,,,,,,,,,,,,,,,
image,MP-0176,,,,,,,,,,,,,,,,,,,,,,,,,,,,c145,,,,,"https://res.cloudinary.com/www-stanleystella-com/image/upload/c_lpad,w_1600,f_auto,q_auto/v1/TechnicalNames/PFD0_STTW172_C145.jpg?_i=AB",Stella Muser in Aqua Blue,21,,,,,,,,,,,,,,,,,,
image,MP-0176,,,,,,,,,,,,,,,,,,,,,,,,,,,,c156,,,,,"https://res.cloudinary.com/www-stanleystella-com/image/upload/c_lpad,w_1600,f_auto,q_auto/v1/TechnicalNames/SBM5_STTW172_C156.jpg?_i=AB",Stella Muser in Blue Grey,22,,,,,,,,,,,,,,,,,,
image,MP-0176,,,,,,,,,,,,,,,,,,,,,,,,,,,,c702,,,,,"https://res.cloudinary.com/www-stanleystella-com/image/upload/c_lpad,w_1600,f_auto,q_auto/v1/TechnicalNames/SFC5_STTW172_C702.jpg?_i=AB",Stella Muser in Stargazer,23,,,,,,,,,,,,,,,,,,
image,MP-0176,,,,,,,,,,,,,,,,,,,,,,,,,,,,c136,,,,,"https://res.cloudinary.com/www-stanleystella-com/image/upload/c_lpad,w_1600,f_auto,q_auto/v1/TechnicalNames/PBM0_STTW172_C136.jpg?_i=AB",Stella Muser in Deep Teal,24,,,,,,,,,,,,,,,,,,
image,MP-0176,,,,,,,,,,,,,,,,,,,,,,,,,,,,c137,,,,,"https://res.cloudinary.com/www-stanleystella-com/image/upload/c_lpad,w_1600,f_auto,q_auto/v1/TechnicalNames/SFM5_STTW172_C137.jpg?_i=AB",Stella Muser in Verdant Green,25,,,,,,,,,,,,,,,,,,
image,MP-0176,,,,,,,,,,,,,,,,,,,,,,,,,,,,c144,,,,,"https://res.cloudinary.com/www-stanleystella-com/image/upload/c_lpad,w_1600,f_auto,q_auto/v1/TechnicalNames/PFD0_STTW172_C144.jpg?_i=AB",Stella Muser in Green Bay,26,,,,,,,,,,,,,,,,,,
image,MP-0176,,,,,,,,,,,,,,,,,,,,,,,,,,,,c735,,,,,"https://res.cloudinary.com/www-stanleystella-com/image/upload/c_lpad,w_1600,f_auto,q_auto/v1/TechnicalNames/SBM5_STTW172_C735.jpg?_i=AB",Stella Muser in Misty Jade,27,,,,,,,,,,,,,,,,,,
image,MP-0176,,,,,,,,,,,,,,,,,,,,,,,,,,,,c223,,,,,"https://res.cloudinary.com/www-stanleystella-com/image/upload/c_lpad,w_1600,f_auto,q_auto/v1/TechnicalNames/SFC5_STTW172_C223.jpg?_i=AB",Stella Muser in Khaki,28,,,,,,,,,,,,,,,,,,
image,MP-0176,,,,,,,,,,,,,,,,,,,,,,,,,,,,c356,,,,,"https://res.cloudinary.com/www-stanleystella-com/image/upload/c_lpad,w_1600,f_auto,q_auto/v1/TechnicalNames/PBM0_STTW172_C356.jpg?_i=AB",Stella Muser in Viva Yellow,29,,,,,,,,,,,,,,,,,,
image,MP-0176,,,,,,,,,,,,,,,,,,,,,,,,,,,,c155,,,,,"https://res.cloudinary.com/www-stanleystella-com/image/upload/c_lpad,w_1600,f_auto,q_auto/v1/TechnicalNames/SBM5_STTW172_C155.jpg?_i=AB",Stella Muser in Honey Paper,30,,,,,,,,,,,,,,,,,,
image,MP-0176,,,,,,,,,,,,,,,,,,,,,,,,,,,,c730,,,,,"https://res.cloudinary.com/www-stanleystella-com/image/upload/c_lpad,w_1600,f_auto,q_auto/v1/TechnicalNames/SBM5_STTW172_C730.jpg?_i=AB",Stella Muser in Heritage Brown,31,,,,,,,,,,,,,,,,,,
image,MP-0176,,,,,,,,,,,,,,,,,,,,,,,,,,,,c135,,,,,"https://res.cloudinary.com/www-stanleystella-com/image/upload/c_lpad,w_1600,f_auto,q_auto/v1/TechnicalNames/PBM0_STTW172_C135.jpg?_i=AB",Stella Muser in Mocha,32,,,,,,,,,,,,,,,,,,
image,MP-0176,,,,,,,,,,,,,,,,,,,,,,,,,,,,c018,,,,,"https://res.cloudinary.com/www-stanleystella-com/image/upload/c_lpad,w_1600,f_auto,q_auto/v1/TechnicalNames/PFD0_STTW172_C018.jpg?_i=AB",Stella Muser in Off White,33,,,,,,,,,,,,,,,,,,
image,MP-0176,,,,,,,,,,,,,,,,,,,,,,,,,,,,c146,,,,,"https://res.cloudinary.com/www-stanleystella-com/image/upload/c_lpad,w_1600,f_auto,q_auto/v1/TechnicalNames/PFD0_STTW172_C146.jpg?_i=AB",Stella Muser in Cool Heather Grey,34,,,,,,,,,,,,,,,,,,
image,MP-0176,,,,,,,,,,,,,,,,,,,,,,,,,,,,c147,,,,,"https://res.cloudinary.com/www-stanleystella-com/image/upload/c_lpad,w_1600,f_auto,q_auto/v1/TechnicalNames/PFD0_STTW172_C147.jpg?_i=AB",Stella Muser in Eco-Heather,35,,,,,,,,,,,,,,,,,,
image,MP-0176,,,,,,,,,,,,,,,,,,,,,,,,,,,,c731,,,,,"https://res.cloudinary.com/www-stanleystella-com/image/upload/c_lpad,w_1600,f_auto,q_auto/v1/TechnicalNames/SBM5_STTW172_C731.jpg?_i=AB",Stella Muser in Heather Haze,36,,,,,,,,,,,,,,,,,,
image,MP-0176,,,,,,,,,,,,,,,,,,,,,,,,,,,,c253,,,,,"https://res.cloudinary.com/www-stanleystella-com/image/upload/c_lpad,w_1600,f_auto,q_auto/v1/TechnicalNames/SFC6_STTW172_C253.jpg?_i=AB",Stella Muser in Anthracite,37,,,,,,,,,,,,,,,,,,
decoration,MP-0176,,,,,,,,,,,,,,,,,,,,,,,,,,,,,,,,,,,,embroidery,front,160,160,6,Vector or DST,Default maximum for the category — confirm per product.,,,,,,,,,,,
decoration,MP-0176,,,,,,,,,,,,,,,,,,,,,,,,,,,,,,,,,,,,embroidery,back,200,200,6,Vector or DST,Default maximum for the category — confirm per product.,,,,,,,,,,,
decoration,MP-0176,,,,,,,,,,,,,,,,,,,,,,,,,,,,,,,,,,,,embroidery,left_chest,90,90,6,Vector or DST,Default maximum for the category — confirm per product.,,,,,,,,,,,
decoration,MP-0176,,,,,,,,,,,,,,,,,,,,,,,,,,,,,,,,,,,,embroidery,sleeve,70,70,6,Vector or DST,Default maximum for the category — confirm per product.,,,,,,,,,,,
decoration,MP-0176,,,,,,,,,,,,,,,,,,,,,,,,,,,,,,,,,,,,screen,front,300,400,4,Vector,Default maximum for the category — confirm per product.,,,,,,,,,,,
decoration,MP-0176,,,,,,,,,,,,,,,,,,,,,,,,,,,,,,,,,,,,screen,back,320,420,4,Vector,Default maximum for the category — confirm per product.,,,,,,,,,,,
decoration,MP-0176,,,,,,,,,,,,,,,,,,,,,,,,,,,,,,,,,,,,screen,left_chest,100,100,4,Vector,Default maximum for the category — confirm per product.,,,,,,,,,,,
decoration,MP-0176,,,,,,,,,,,,,,,,,,,,,,,,,,,,,,,,,,,,screen,sleeve,80,300,4,Vector,Default maximum for the category — confirm per product.,,,,,,,,,,,
decoration,MP-0176,,,,,,,,,,,,,,,,,,,,,,,,,,,,,,,,,,,,dtf,front,300,400,4,Vector,Default maximum for the category — confirm per product.,,,,,,,,,,,
decoration,MP-0176,,,,,,,,,,,,,,,,,,,,,,,,,,,,,,,,,,,,dtf,back,320,420,4,Vector,Default maximum for the category — confirm per product.,,,,,,,,,,,
decoration,MP-0176,,,,,,,,,,,,,,,,,,,,,,,,,,,,,,,,,,,,dtf,left_chest,100,100,4,Vector,Default maximum for the category — confirm per product.,,,,,,,,,,,
decoration,MP-0176,,,,,,,,,,,,,,,,,,,,,,,,,,,,,,,,,,,,dtf,sleeve,80,300,4,Vector,Default maximum for the category — confirm per product.,,,,,,,,,,,
decoration,MP-0176,,,,,,,,,,,,,,,,,,,,,,,,,,,,,,,,,,,,dtg,front,300,400,4,Vector,Default maximum for the category — confirm per product.,,,,,,,,,,,
decoration,MP-0176,,,,,,,,,,,,,,,,,,,,,,,,,,,,,,,,,,,,dtg,back,320,420,4,Vector,Default maximum for the category — confirm per product.,,,,,,,,,,,
decoration,MP-0176,,,,,,,,,,,,,,,,,,,,,,,,,,,,,,,,,,,,dtg,left_chest,100,100,4,Vector,Default maximum for the category — confirm per product.,,,,,,,,,,,
decoration,MP-0176,,,,,,,,,,,,,,,,,,,,,,,,,,,,,,,,,,,,dtg,sleeve,80,300,4,Vector,Default maximum for the category — confirm per product.,,,,,,,,,,,
product,MP-0177,stella-muser-long-sleeve,Stella Muser Long Sleeve,T-shirts,published,25,EUR,29.44,26.28,23.25,20.83,19.69,9.25,3,5,c002|c001|c727|c054|c101|c129|c088|c728|c144|c730|c146,XS|S|M|L|XL|XXL|3XL,embroidery|screen|dtf|dtg,front|back|left_chest|sleeve,yes,"Shell: Single Jersey, 100% Cotton - Organic Ring Spun Combed, Fabric washed","Shell: Single Jersey, 100% Cotton - Organic Ring Spun Combed, Fabric washed",180,,,,Stanley/Stella,STTW219,,,,,,,,,,,,,,,cost 9.25; worst-case decoration 5.86 at 100; market blank 9.66; ours 2.41x market,,,,,,,,,,,
variant,MP-0177,,,,published,,,,,,,,,,,,,,,,,,,,,,,,c002,MP0177-C002,0.00,,,,,,,,,,,,,,,,,,,,,,,
variant,MP-0177,,,,published,,,,,,,,,,,,,,,,,,,,,,,,c001,MP0177-C001,0.00,,,,,,,,,,,,,,,,,,,,,,,
variant,MP-0177,,,,published,,,,,,,,,,,,,,,,,,,,,,,,c727,MP0177-C727,0.00,,,,,,,,,,,,,,,,,,,,,,,
variant,MP-0177,,,,published,,,,,,,,,,,,,,,,,,,,,,,,c054,MP0177-C054,0.00,,,,,,,,,,,,,,,,,,,,,,,
variant,MP-0177,,,,published,,,,,,,,,,,,,,,,,,,,,,,,c101,MP0177-C101,0.00,,,,,,,,,,,,,,,,,,,,,,,
variant,MP-0177,,,,published,,,,,,,,,,,,,,,,,,,,,,,,c129,MP0177-C129,0.00,,,,,,,,,,,,,,,,,,,,,,,
variant,MP-0177,,,,published,,,,,,,,,,,,,,,,,,,,,,,,c088,MP0177-C088,0.00,,,,,,,,,,,,,,,,,,,,,,,
variant,MP-0177,,,,published,,,,,,,,,,,,,,,,,,,,,,,,c728,MP0177-C728,0.00,,,,,,,,,,,,,,,,,,,,,,,
variant,MP-0177,,,,published,,,,,,,,,,,,,,,,,,,,,,,,c144,MP0177-C144,0.00,,,,,,,,,,,,,,,,,,,,,,,
variant,MP-0177,,,,published,,,,,,,,,,,,,,,,,,,,,,,,c730,MP0177-C730,0.00,,,,,,,,,,,,,,,,,,,,,,,
variant,MP-0177,,,,published,,,,,,,,,,,,,,,,,,,,,,,,c146,MP0177-C146,0.00,,,,,,,,,,,,,,,,,,,,,,,
image,MP-0177,,,,,,,,,,,,,,,,,,,,,,,,,,,,,,,,,"https://res.cloudinary.com/www-stanleystella-com/image/upload/c_lpad,w_1600,f_auto,q_auto/v1/TechnicalNames/SFC5_STTW219_C002.jpg?_i=AB",Stella Muser Long Sleeve in Black,1,,,,,,,,,,,,,,,,,,
image,MP-0177,,,,,,,,,,,,,,,,,,,,,,,,,,,,c001,,,,,"https://res.cloudinary.com/www-stanleystella-com/image/upload/c_lpad,w_1600,f_auto,q_auto/v1/TechnicalNames/SFC5_STTW219_C001.jpg?_i=AB",Stella Muser Long Sleeve in White,2,,,,,,,,,,,,,,,,,,
image,MP-0177,,,,,,,,,,,,,,,,,,,,,,,,,,,,c727,,,,,"https://res.cloudinary.com/www-stanleystella-com/image/upload/c_lpad,w_1600,f_auto,q_auto/v1/TechnicalNames/SFC5_STTW219_C727.jpg?_i=AB",Stella Muser Long Sleeve in French Navy,3,,,,,,,,,,,,,,,,,,
image,MP-0177,,,,,,,,,,,,,,,,,,,,,,,,,,,,c054,,,,,"https://res.cloudinary.com/www-stanleystella-com/image/upload/c_lpad,w_1600,f_auto,q_auto/v1/TechnicalNames/SFC5_STTW219_C054.jpg?_i=AB",Stella Muser Long Sleeve in Natural Raw,4,,,,,,,,,,,,,,,,,,
image,MP-0177,,,,,,,,,,,,,,,,,,,,,,,,,,,,c101,,,,,"https://res.cloudinary.com/www-stanleystella-com/image/upload/c_lpad,w_1600,f_auto,q_auto/v1/TechnicalNames/SBM5_STTW219_C101.jpg?_i=AB",Stella Muser Long Sleeve in Fraiche Peche,5,,,,,,,,,,,,,,,,,,
image,MP-0177,,,,,,,,,,,,,,,,,,,,,,,,,,,,c129,,,,,"https://res.cloudinary.com/www-stanleystella-com/image/upload/c_lpad,w_1600,f_auto,q_auto/v1/TechnicalNames/SBM5_STTW219_C129.jpg?_i=AB",Stella Muser Long Sleeve in Bubble Pink,6,,,,,,,,,,,,,,,,,,
image,MP-0177,,,,,,,,,,,,,,,,,,,,,,,,,,,,c088,,,,,"https://res.cloudinary.com/www-stanleystella-com/image/upload/c_lpad,w_1600,f_auto,q_auto/v1/TechnicalNames/SFM5_STTW219_C088.jpg?_i=AB",Stella Muser Long Sleeve in Worker Blue,7,,,,,,,,,,,,,,,,,,
image,MP-0177,,,,,,,,,,,,,,,,,,,,,,,,,,,,c728,,,,,"https://res.cloudinary.com/www-stanleystella-com/image/upload/c_lpad,w_1600,f_auto,q_auto/v1/TechnicalNames/SBM5_STTW219_C728.jpg?_i=AB",Stella Muser Long Sleeve in Blue Ice,8,,,,,,,,,,,,,,,,,,
image,MP-0177,,,,,,,,,,,,,,,,,,,,,,,,,,,,c144,,,,,"https://res.cloudinary.com/www-stanleystella-com/image/upload/c_lpad,w_1600,f_auto,q_auto/v1/TechnicalNames/SBM5_STTW219_C144.jpg?_i=AB",Stella Muser Long Sleeve in Green Bay,9,,,,,,,,,,,,,,,,,,
image,MP-0177,,,,,,,,,,,,,,,,,,,,,,,,,,,,c730,,,,,"https://res.cloudinary.com/www-stanleystella-com/image/upload/c_lpad,w_1600,f_auto,q_auto/v1/TechnicalNames/SBM5_STTW219_C730.jpg?_i=AB",Stella Muser Long Sleeve in Heritage Brown,10,,,,,,,,,,,,,,,,,,
image,MP-0177,,,,,,,,,,,,,,,,,,,,,,,,,,,,c146,,,,,"https://res.cloudinary.com/www-stanleystella-com/image/upload/c_lpad,w_1600,f_auto,q_auto/v1/TechnicalNames/SBM5_STTW219_C146.jpg?_i=AB",Stella Muser Long Sleeve in Cool Heather Grey,11,,,,,,,,,,,,,,,,,,
decoration,MP-0177,,,,,,,,,,,,,,,,,,,,,,,,,,,,,,,,,,,,embroidery,front,160,160,6,Vector or DST,Default maximum for the category — confirm per product.,,,,,,,,,,,
decoration,MP-0177,,,,,,,,,,,,,,,,,,,,,,,,,,,,,,,,,,,,embroidery,back,200,200,6,Vector or DST,Default maximum for the category — confirm per product.,,,,,,,,,,,
decoration,MP-0177,,,,,,,,,,,,,,,,,,,,,,,,,,,,,,,,,,,,embroidery,left_chest,90,90,6,Vector or DST,Default maximum for the category — confirm per product.,,,,,,,,,,,
decoration,MP-0177,,,,,,,,,,,,,,,,,,,,,,,,,,,,,,,,,,,,embroidery,sleeve,70,70,6,Vector or DST,Default maximum for the category — confirm per product.,,,,,,,,,,,
decoration,MP-0177,,,,,,,,,,,,,,,,,,,,,,,,,,,,,,,,,,,,screen,front,300,400,4,Vector,Default maximum for the category — confirm per product.,,,,,,,,,,,
decoration,MP-0177,,,,,,,,,,,,,,,,,,,,,,,,,,,,,,,,,,,,screen,back,320,420,4,Vector,Default maximum for the category — confirm per product.,,,,,,,,,,,
decoration,MP-0177,,,,,,,,,,,,,,,,,,,,,,,,,,,,,,,,,,,,screen,left_chest,100,100,4,Vector,Default maximum for the category — confirm per product.,,,,,,,,,,,
decoration,MP-0177,,,,,,,,,,,,,,,,,,,,,,,,,,,,,,,,,,,,screen,sleeve,80,300,4,Vector,Default maximum for the category — confirm per product.,,,,,,,,,,,
decoration,MP-0177,,,,,,,,,,,,,,,,,,,,,,,,,,,,,,,,,,,,dtf,front,300,400,4,Vector,Default maximum for the category — confirm per product.,,,,,,,,,,,
decoration,MP-0177,,,,,,,,,,,,,,,,,,,,,,,,,,,,,,,,,,,,dtf,back,320,420,4,Vector,Default maximum for the category — confirm per product.,,,,,,,,,,,
decoration,MP-0177,,,,,,,,,,,,,,,,,,,,,,,,,,,,,,,,,,,,dtf,left_chest,100,100,4,Vector,Default maximum for the category — confirm per product.,,,,,,,,,,,
decoration,MP-0177,,,,,,,,,,,,,,,,,,,,,,,,,,,,,,,,,,,,dtf,sleeve,80,300,4,Vector,Default maximum for the category — confirm per product.,,,,,,,,,,,
decoration,MP-0177,,,,,,,,,,,,,,,,,,,,,,,,,,,,,,,,,,,,dtg,front,300,400,4,Vector,Default maximum for the category — confirm per product.,,,,,,,,,,,
decoration,MP-0177,,,,,,,,,,,,,,,,,,,,,,,,,,,,,,,,,,,,dtg,back,320,420,4,Vector,Default maximum for the category — confirm per product.,,,,,,,,,,,
decoration,MP-0177,,,,,,,,,,,,,,,,,,,,,,,,,,,,,,,,,,,,dtg,left_chest,100,100,4,Vector,Default maximum for the category — confirm per product.,,,,,,,,,,,
decoration,MP-0177,,,,,,,,,,,,,,,,,,,,,,,,,,,,,,,,,,,,dtg,sleeve,80,300,4,Vector,Default maximum for the category — confirm per product.,,,,,,,,,,,
product,MP-0178,stella-nova,Stella Nova,T-shirts,published,25,EUR,25.67,22.51,19.48,17.06,15.92,6.80,3,5,c002|c001|c727|c054|c142|c129|c115|c145|c144|c146,XS|S|M|L|XL|XXL,embroidery|screen|dtf|dtg,front|back|left_chest|sleeve,yes,"Shell: Single Jersey, 100% Cotton - Organic Ring Spun Combed, Fabric washed","Shell: Single Jersey, 100% Cotton - Organic Ring Spun Combed, Fabric washed",155,,,,Stanley/Stella,STTW175,,,,,,,,,,,,,,,cost 6.80; worst-case decoration 5.86 at 100; market blank 7.55; ours 2.58x market,,,,,,,,,,,
variant,MP-0178,,,,published,,,,,,,,,,,,,,,,,,,,,,,,c002,MP0178-C002,0.00,,,,,,,,,,,,,,,,,,,,,,,
variant,MP-0178,,,,published,,,,,,,,,,,,,,,,,,,,,,,,c001,MP0178-C001,0.00,,,,,,,,,,,,,,,,,,,,,,,
variant,MP-0178,,,,published,,,,,,,,,,,,,,,,,,,,,,,,c727,MP0178-C727,0.00,,,,,,,,,,,,,,,,,,,,,,,
variant,MP-0178,,,,published,,,,,,,,,,,,,,,,,,,,,,,,c054,MP0178-C054,0.00,,,,,,,,,,,,,,,,,,,,,,,
variant,MP-0178,,,,published,,,,,,,,,,,,,,,,,,,,,,,,c142,MP0178-C142,0.00,,,,,,,,,,,,,,,,,,,,,,,
variant,MP-0178,,,,published,,,,,,,,,,,,,,,,,,,,,,,,c129,MP0178-C129,0.00,,,,,,,,,,,,,,,,,,,,,,,
variant,MP-0178,,,,published,,,,,,,,,,,,,,,,,,,,,,,,c115,MP0178-C115,0.00,,,,,,,,,,,,,,,,,,,,,,,
variant,MP-0178,,,,published,,,,,,,,,,,,,,,,,,,,,,,,c145,MP0178-C145,0.00,,,,,,,,,,,,,,,,,,,,,,,
variant,MP-0178,,,,published,,,,,,,,,,,,,,,,,,,,,,,,c144,MP0178-C144,0.00,,,,,,,,,,,,,,,,,,,,,,,
variant,MP-0178,,,,published,,,,,,,,,,,,,,,,,,,,,,,,c146,MP0178-C146,0.00,,,,,,,,,,,,,,,,,,,,,,,
image,MP-0178,,,,,,,,,,,,,,,,,,,,,,,,,,,,,,,,,"https://res.cloudinary.com/www-stanleystella-com/image/upload/c_lpad,w_1600,f_auto,q_auto/v1/TechnicalNames/PFD0_STTW175_C002.jpg?_i=AB",Stella Nova in Black,1,,,,,,,,,,,,,,,,,,
image,MP-0178,,,,,,,,,,,,,,,,,,,,,,,,,,,,c001,,,,,"https://res.cloudinary.com/www-stanleystella-com/image/upload/c_lpad,w_1600,f_auto,q_auto/v1/TechnicalNames/PFD0_STTW175_C001.jpg?_i=AB",Stella Nova in White,2,,,,,,,,,,,,,,,,,,
image,MP-0178,,,,,,,,,,,,,,,,,,,,,,,,,,,,c727,,,,,"https://res.cloudinary.com/www-stanleystella-com/image/upload/c_lpad,w_1600,f_auto,q_auto/v1/TechnicalNames/PFD0_STTW175_C727.jpg?_i=AB",Stella Nova in French Navy,3,,,,,,,,,,,,,,,,,,
image,MP-0178,,,,,,,,,,,,,,,,,,,,,,,,,,,,c054,,,,,"https://res.cloudinary.com/www-stanleystella-com/image/upload/c_lpad,w_1600,f_auto,q_auto/v1/TechnicalNames/PFD0_STTW175_C054.jpg?_i=AB",Stella Nova in Natural Raw,4,,,,,,,,,,,,,,,,,,
image,MP-0178,,,,,,,,,,,,,,,,,,,,,,,,,,,,c142,,,,,"https://res.cloudinary.com/www-stanleystella-com/image/upload/c_lpad,w_1600,f_auto,q_auto/v1/TechnicalNames/PFD0_STTW175_C142.jpg?_i=AB",Stella Nova in Nispero,5,,,,,,,,,,,,,,,,,,
image,MP-0178,,,,,,,,,,,,,,,,,,,,,,,,,,,,c129,,,,,"https://res.cloudinary.com/www-stanleystella-com/image/upload/c_lpad,w_1600,f_auto,q_auto/v1/TechnicalNames/PFD0_STTW175_C129.jpg?_i=AB",Stella Nova in Bubble Pink,6,,,,,,,,,,,,,,,,,,
image,MP-0178,,,,,,,,,,,,,,,,,,,,,,,,,,,,c115,,,,,"https://res.cloudinary.com/www-stanleystella-com/image/upload/c_lpad,w_1600,f_auto,q_auto/v1/TechnicalNames/SFM5_STTW175_C115.jpg?_i=AB",Stella Nova in Purple Love,7,,,,,,,,,,,,,,,,,,
image,MP-0178,,,,,,,,,,,,,,,,,,,,,,,,,,,,c145,,,,,"https://res.cloudinary.com/www-stanleystella-com/image/upload/c_lpad,w_1600,f_auto,q_auto/v1/TechnicalNames/PFD0_STTW175_C145.jpg?_i=AB",Stella Nova in Aqua Blue,8,,,,,,,,,,,,,,,,,,
image,MP-0178,,,,,,,,,,,,,,,,,,,,,,,,,,,,c144,,,,,"https://res.cloudinary.com/www-stanleystella-com/image/upload/c_lpad,w_1600,f_auto,q_auto/v1/TechnicalNames/PFD0_STTW175_C144.jpg?_i=AB",Stella Nova in Green Bay,9,,,,,,,,,,,,,,,,,,
image,MP-0178,,,,,,,,,,,,,,,,,,,,,,,,,,,,c146,,,,,"https://res.cloudinary.com/www-stanleystella-com/image/upload/c_lpad,w_1600,f_auto,q_auto/v1/TechnicalNames/PFD0_STTW175_C146.jpg?_i=AB",Stella Nova in Cool Heather Grey,10,,,,,,,,,,,,,,,,,,
decoration,MP-0178,,,,,,,,,,,,,,,,,,,,,,,,,,,,,,,,,,,,embroidery,front,160,160,6,Vector or DST,Default maximum for the category — confirm per product.,,,,,,,,,,,
decoration,MP-0178,,,,,,,,,,,,,,,,,,,,,,,,,,,,,,,,,,,,embroidery,back,200,200,6,Vector or DST,Default maximum for the category — confirm per product.,,,,,,,,,,,
decoration,MP-0178,,,,,,,,,,,,,,,,,,,,,,,,,,,,,,,,,,,,embroidery,left_chest,90,90,6,Vector or DST,Default maximum for the category — confirm per product.,,,,,,,,,,,
decoration,MP-0178,,,,,,,,,,,,,,,,,,,,,,,,,,,,,,,,,,,,embroidery,sleeve,70,70,6,Vector or DST,Default maximum for the category — confirm per product.,,,,,,,,,,,
decoration,MP-0178,,,,,,,,,,,,,,,,,,,,,,,,,,,,,,,,,,,,screen,front,300,400,4,Vector,Default maximum for the category — confirm per product.,,,,,,,,,,,
decoration,MP-0178,,,,,,,,,,,,,,,,,,,,,,,,,,,,,,,,,,,,screen,back,320,420,4,Vector,Default maximum for the category — confirm per product.,,,,,,,,,,,
decoration,MP-0178,,,,,,,,,,,,,,,,,,,,,,,,,,,,,,,,,,,,screen,left_chest,100,100,4,Vector,Default maximum for the category — confirm per product.,,,,,,,,,,,
decoration,MP-0178,,,,,,,,,,,,,,,,,,,,,,,,,,,,,,,,,,,,screen,sleeve,80,300,4,Vector,Default maximum for the category — confirm per product.,,,,,,,,,,,
decoration,MP-0178,,,,,,,,,,,,,,,,,,,,,,,,,,,,,,,,,,,,dtf,front,300,400,4,Vector,Default maximum for the category — confirm per product.,,,,,,,,,,,
decoration,MP-0178,,,,,,,,,,,,,,,,,,,,,,,,,,,,,,,,,,,,dtf,back,320,420,4,Vector,Default maximum for the category — confirm per product.,,,,,,,,,,,
decoration,MP-0178,,,,,,,,,,,,,,,,,,,,,,,,,,,,,,,,,,,,dtf,left_chest,100,100,4,Vector,Default maximum for the category — confirm per product.,,,,,,,,,,,
decoration,MP-0178,,,,,,,,,,,,,,,,,,,,,,,,,,,,,,,,,,,,dtf,sleeve,80,300,4,Vector,Default maximum for the category — confirm per product.,,,,,,,,,,,
decoration,MP-0178,,,,,,,,,,,,,,,,,,,,,,,,,,,,,,,,,,,,dtg,front,300,400,4,Vector,Default maximum for the category — confirm per product.,,,,,,,,,,,
decoration,MP-0178,,,,,,,,,,,,,,,,,,,,,,,,,,,,,,,,,,,,dtg,back,320,420,4,Vector,Default maximum for the category — confirm per product.,,,,,,,,,,,
decoration,MP-0178,,,,,,,,,,,,,,,,,,,,,,,,,,,,,,,,,,,,dtg,left_chest,100,100,4,Vector,Default maximum for the category — confirm per product.,,,,,,,,,,,
decoration,MP-0178,,,,,,,,,,,,,,,,,,,,,,,,,,,,,,,,,,,,dtg,sleeve,80,300,4,Vector,Default maximum for the category — confirm per product.,,,,,,,,,,,
product,MP-0179,stella-nova-vintage,Stella Nova Vintage,T-shirts,published,25,EUR,,,,,,,3,5,c175|c732|c158|c140,XS|S|M|L|XL|XXL,embroidery|screen|dtf|dtg,front|back|left_chest|sleeve,yes,"Shell: Single Jersey, 100% Cotton - Organic Ring Spun Combed, Garment dyed","Shell: Single Jersey, 100% Cotton - Organic Ring Spun Combed, Garment dyed",155,,,,Stanley/Stella,STTW283,,,,,,,,,,,,,,,No supplier cost on file — quote on inquiry.,,,,,,,,,,,
variant,MP-0179,,,,published,,,,,,,,,,,,,,,,,,,,,,,,c175,MP0179-C175,0.00,,,,,,,,,,,,,,,,,,,,,,,
variant,MP-0179,,,,published,,,,,,,,,,,,,,,,,,,,,,,,c732,MP0179-C732,0.00,,,,,,,,,,,,,,,,,,,,,,,
variant,MP-0179,,,,published,,,,,,,,,,,,,,,,,,,,,,,,c158,MP0179-C158,0.00,,,,,,,,,,,,,,,,,,,,,,,
variant,MP-0179,,,,published,,,,,,,,,,,,,,,,,,,,,,,,c140,MP0179-C140,0.00,,,,,,,,,,,,,,,,,,,,,,,
image,MP-0179,,,,,,,,,,,,,,,,,,,,,,,,,,,,,,,,,"https://res.cloudinary.com/www-stanleystella-com/image/upload/c_lpad,w_1600,f_auto,q_auto/v1/TechnicalNames/SFM5_STTW283_C175.jpg?_i=AB",Stella Nova Vintage in G.Dyed Blush,1,,,,,,,,,,,,,,,,,,
image,MP-0179,,,,,,,,,,,,,,,,,,,,,,,,,,,,c732,,,,,"https://res.cloudinary.com/www-stanleystella-com/image/upload/c_lpad,w_1600,f_auto,q_auto/v1/TechnicalNames/SBM5_STTW283_C732.jpg?_i=AB",Stella Nova Vintage in G. Dyed Blue Stone,2,,,,,,,,,,,,,,,,,,
image,MP-0179,,,,,,,,,,,,,,,,,,,,,,,,,,,,c158,,,,,"https://res.cloudinary.com/www-stanleystella-com/image/upload/c_lpad,w_1600,f_auto,q_auto/v1/TechnicalNames/SBM5_STTW283_C158.jpg?_i=AB",Stella Nova Vintage in G. Dyed Blue Grey,3,,,,,,,,,,,,,,,,,,
image,MP-0179,,,,,,,,,,,,,,,,,,,,,,,,,,,,c140,,,,,"https://res.cloudinary.com/www-stanleystella-com/image/upload/c_lpad,w_1600,f_auto,q_auto/v1/TechnicalNames/SBM5_STTW283_C140.jpg?_i=AB",Stella Nova Vintage in G. Dyed Black Rock,4,,,,,,,,,,,,,,,,,,
decoration,MP-0179,,,,,,,,,,,,,,,,,,,,,,,,,,,,,,,,,,,,embroidery,front,160,160,6,Vector or DST,Default maximum for the category — confirm per product.,,,,,,,,,,,
decoration,MP-0179,,,,,,,,,,,,,,,,,,,,,,,,,,,,,,,,,,,,embroidery,back,200,200,6,Vector or DST,Default maximum for the category — confirm per product.,,,,,,,,,,,
decoration,MP-0179,,,,,,,,,,,,,,,,,,,,,,,,,,,,,,,,,,,,embroidery,left_chest,90,90,6,Vector or DST,Default maximum for the category — confirm per product.,,,,,,,,,,,
decoration,MP-0179,,,,,,,,,,,,,,,,,,,,,,,,,,,,,,,,,,,,embroidery,sleeve,70,70,6,Vector or DST,Default maximum for the category — confirm per product.,,,,,,,,,,,
decoration,MP-0179,,,,,,,,,,,,,,,,,,,,,,,,,,,,,,,,,,,,screen,front,300,400,4,Vector,Default maximum for the category — confirm per product.,,,,,,,,,,,
decoration,MP-0179,,,,,,,,,,,,,,,,,,,,,,,,,,,,,,,,,,,,screen,back,320,420,4,Vector,Default maximum for the category — confirm per product.,,,,,,,,,,,
decoration,MP-0179,,,,,,,,,,,,,,,,,,,,,,,,,,,,,,,,,,,,screen,left_chest,100,100,4,Vector,Default maximum for the category — confirm per product.,,,,,,,,,,,
decoration,MP-0179,,,,,,,,,,,,,,,,,,,,,,,,,,,,,,,,,,,,screen,sleeve,80,300,4,Vector,Default maximum for the category — confirm per product.,,,,,,,,,,,
decoration,MP-0179,,,,,,,,,,,,,,,,,,,,,,,,,,,,,,,,,,,,dtf,front,300,400,4,Vector,Default maximum for the category — confirm per product.,,,,,,,,,,,
decoration,MP-0179,,,,,,,,,,,,,,,,,,,,,,,,,,,,,,,,,,,,dtf,back,320,420,4,Vector,Default maximum for the category — confirm per product.,,,,,,,,,,,
decoration,MP-0179,,,,,,,,,,,,,,,,,,,,,,,,,,,,,,,,,,,,dtf,left_chest,100,100,4,Vector,Default maximum for the category — confirm per product.,,,,,,,,,,,
decoration,MP-0179,,,,,,,,,,,,,,,,,,,,,,,,,,,,,,,,,,,,dtf,sleeve,80,300,4,Vector,Default maximum for the category — confirm per product.,,,,,,,,,,,
decoration,MP-0179,,,,,,,,,,,,,,,,,,,,,,,,,,,,,,,,,,,,dtg,front,300,400,4,Vector,Default maximum for the category — confirm per product.,,,,,,,,,,,
decoration,MP-0179,,,,,,,,,,,,,,,,,,,,,,,,,,,,,,,,,,,,dtg,back,320,420,4,Vector,Default maximum for the category — confirm per product.,,,,,,,,,,,
decoration,MP-0179,,,,,,,,,,,,,,,,,,,,,,,,,,,,,,,,,,,,dtg,left_chest,100,100,4,Vector,Default maximum for the category — confirm per product.,,,,,,,,,,,
decoration,MP-0179,,,,,,,,,,,,,,,,,,,,,,,,,,,,,,,,,,,,dtg,sleeve,80,300,4,Vector,Default maximum for the category — confirm per product.,,,,,,,,,,,
product,MP-0180,stella-raya,Stella Raya,T-shirts,published,25,EUR,25.98,22.82,19.79,17.37,16.23,7.00,3,5,c002|c001|c727|c054|c156,XS|S|M|L|XL|XXL,embroidery|screen|dtf|dtg,front|back|left_chest|sleeve,yes,"Shell: Single Jersey, 50% Cotton - Recycled Ring Spun Carded,50% Cotton - Organic Ring Spun Carded, Fabric washed","Shell: Single Jersey, 50% Cotton - Recycled Ring Spun Carded,50% Cotton - Organic Ring Spun Carded, Fabric washed",200,,,,Stanley/Stella,STTW259,,,,,,,,,,,,,,,cost 7.00; worst-case decoration 5.86 at 100; market blank 8.91; ours 2.22x market,,,,,,,,,,,
variant,MP-0180,,,,published,,,,,,,,,,,,,,,,,,,,,,,,c002,MP0180-C002,0.00,,,,,,,,,,,,,,,,,,,,,,,
variant,MP-0180,,,,published,,,,,,,,,,,,,,,,,,,,,,,,c001,MP0180-C001,0.00,,,,,,,,,,,,,,,,,,,,,,,
variant,MP-0180,,,,published,,,,,,,,,,,,,,,,,,,,,,,,c727,MP0180-C727,0.00,,,,,,,,,,,,,,,,,,,,,,,
variant,MP-0180,,,,published,,,,,,,,,,,,,,,,,,,,,,,,c054,MP0180-C054,0.00,,,,,,,,,,,,,,,,,,,,,,,
variant,MP-0180,,,,published,,,,,,,,,,,,,,,,,,,,,,,,c156,MP0180-C156,0.00,,,,,,,,,,,,,,,,,,,,,,,
image,MP-0180,,,,,,,,,,,,,,,,,,,,,,,,,,,,,,,,,"https://res.cloudinary.com/www-stanleystella-com/image/upload/c_lpad,w_1600,f_auto,q_auto/v1/TechnicalNames/SBM5_STTW259_C002.jpg?_i=AB",Stella Raya in Black,1,,,,,,,,,,,,,,,,,,
image,MP-0180,,,,,,,,,,,,,,,,,,,,,,,,,,,,c001,,,,,"https://res.cloudinary.com/www-stanleystella-com/image/upload/c_lpad,w_1600,f_auto,q_auto/v1/TechnicalNames/SBM5_STTW259_C001.jpg?_i=AB",Stella Raya in White,2,,,,,,,,,,,,,,,,,,
image,MP-0180,,,,,,,,,,,,,,,,,,,,,,,,,,,,c727,,,,,"https://res.cloudinary.com/www-stanleystella-com/image/upload/c_lpad,w_1600,f_auto,q_auto/v1/TechnicalNames/SBM5_STTW259_C727.jpg?_i=AB",Stella Raya in French Navy,3,,,,,,,,,,,,,,,,,,
image,MP-0180,,,,,,,,,,,,,,,,,,,,,,,,,,,,c054,,,,,"https://res.cloudinary.com/www-stanleystella-com/image/upload/c_lpad,w_1600,f_auto,q_auto/v1/TechnicalNames/SBM5_STTW259_C054.jpg?_i=AB",Stella Raya in Natural Raw,4,,,,,,,,,,,,,,,,,,
image,MP-0180,,,,,,,,,,,,,,,,,,,,,,,,,,,,c156,,,,,"https://res.cloudinary.com/www-stanleystella-com/image/upload/c_lpad,w_1600,f_auto,q_auto/v1/TechnicalNames/SFM5_STTW259_C156.jpg?_i=AB",Stella Raya in Blue Grey,5,,,,,,,,,,,,,,,,,,
decoration,MP-0180,,,,,,,,,,,,,,,,,,,,,,,,,,,,,,,,,,,,embroidery,front,160,160,6,Vector or DST,Default maximum for the category — confirm per product.,,,,,,,,,,,
decoration,MP-0180,,,,,,,,,,,,,,,,,,,,,,,,,,,,,,,,,,,,embroidery,back,200,200,6,Vector or DST,Default maximum for the category — confirm per product.,,,,,,,,,,,
decoration,MP-0180,,,,,,,,,,,,,,,,,,,,,,,,,,,,,,,,,,,,embroidery,left_chest,90,90,6,Vector or DST,Default maximum for the category — confirm per product.,,,,,,,,,,,
decoration,MP-0180,,,,,,,,,,,,,,,,,,,,,,,,,,,,,,,,,,,,embroidery,sleeve,70,70,6,Vector or DST,Default maximum for the category — confirm per product.,,,,,,,,,,,
decoration,MP-0180,,,,,,,,,,,,,,,,,,,,,,,,,,,,,,,,,,,,screen,front,300,400,4,Vector,Default maximum for the category — confirm per product.,,,,,,,,,,,
decoration,MP-0180,,,,,,,,,,,,,,,,,,,,,,,,,,,,,,,,,,,,screen,back,320,420,4,Vector,Default maximum for the category — confirm per product.,,,,,,,,,,,
decoration,MP-0180,,,,,,,,,,,,,,,,,,,,,,,,,,,,,,,,,,,,screen,left_chest,100,100,4,Vector,Default maximum for the category — confirm per product.,,,,,,,,,,,
decoration,MP-0180,,,,,,,,,,,,,,,,,,,,,,,,,,,,,,,,,,,,screen,sleeve,80,300,4,Vector,Default maximum for the category — confirm per product.,,,,,,,,,,,
decoration,MP-0180,,,,,,,,,,,,,,,,,,,,,,,,,,,,,,,,,,,,dtf,front,300,400,4,Vector,Default maximum for the category — confirm per product.,,,,,,,,,,,
decoration,MP-0180,,,,,,,,,,,,,,,,,,,,,,,,,,,,,,,,,,,,dtf,back,320,420,4,Vector,Default maximum for the category — confirm per product.,,,,,,,,,,,
decoration,MP-0180,,,,,,,,,,,,,,,,,,,,,,,,,,,,,,,,,,,,dtf,left_chest,100,100,4,Vector,Default maximum for the category — confirm per product.,,,,,,,,,,,
decoration,MP-0180,,,,,,,,,,,,,,,,,,,,,,,,,,,,,,,,,,,,dtf,sleeve,80,300,4,Vector,Default maximum for the category — confirm per product.,,,,,,,,,,,
decoration,MP-0180,,,,,,,,,,,,,,,,,,,,,,,,,,,,,,,,,,,,dtg,front,300,400,4,Vector,Default maximum for the category — confirm per product.,,,,,,,,,,,
decoration,MP-0180,,,,,,,,,,,,,,,,,,,,,,,,,,,,,,,,,,,,dtg,back,320,420,4,Vector,Default maximum for the category — confirm per product.,,,,,,,,,,,
decoration,MP-0180,,,,,,,,,,,,,,,,,,,,,,,,,,,,,,,,,,,,dtg,left_chest,100,100,4,Vector,Default maximum for the category — confirm per product.,,,,,,,,,,,
decoration,MP-0180,,,,,,,,,,,,,,,,,,,,,,,,,,,,,,,,,,,,dtg,sleeve,80,300,4,Vector,Default maximum for the category — confirm per product.,,,,,,,,,,,
product,MP-0181,stella-rounder-slub,Stella Rounder Slub,T-shirts,published,25,EUR,,,,,,,3,5,c001|c002|c078|c063|c727,XS|S|M|L|XL,embroidery|screen|dtf|dtg,front|back|left_chest|sleeve,yes,"Shell: Slub Single Jersey, 100% Cotton - Organic Ring Spun Combed, Panel washed","Shell: Slub Single Jersey, 100% Cotton - Organic Ring Spun Combed, Panel washed",130,,,,Stanley/Stella,STTW112,,,,,,,,,,,,,,,No supplier cost on file — quote on inquiry.,,,,,,,,,,,
variant,MP-0181,,,,published,,,,,,,,,,,,,,,,,,,,,,,,c001,MP0181-C001,0.00,,,,,,,,,,,,,,,,,,,,,,,
variant,MP-0181,,,,published,,,,,,,,,,,,,,,,,,,,,,,,c002,MP0181-C002,0.00,,,,,,,,,,,,,,,,,,,,,,,
variant,MP-0181,,,,published,,,,,,,,,,,,,,,,,,,,,,,,c078,MP0181-C078,0.00,,,,,,,,,,,,,,,,,,,,,,,
variant,MP-0181,,,,published,,,,,,,,,,,,,,,,,,,,,,,,c063,MP0181-C063,0.00,,,,,,,,,,,,,,,,,,,,,,,
variant,MP-0181,,,,published,,,,,,,,,,,,,,,,,,,,,,,,c727,MP0181-C727,0.00,,,,,,,,,,,,,,,,,,,,,,,
image,MP-0181,,,,,,,,,,,,,,,,,,,,,,,,,,,,,,,,,"https://res.cloudinary.com/www-stanleystella-com/image/upload/c_lpad,w_1600,f_auto,q_auto/v1/TechnicalNames/SFM5_STTW112_C063.jpg?_i=AB",Stella Rounder Slub in Lavender,1,,,,,,,,,,,,,,,,,,
decoration,MP-0181,,,,,,,,,,,,,,,,,,,,,,,,,,,,,,,,,,,,embroidery,front,160,160,6,Vector or DST,Default maximum for the category — confirm per product.,,,,,,,,,,,
decoration,MP-0181,,,,,,,,,,,,,,,,,,,,,,,,,,,,,,,,,,,,embroidery,back,200,200,6,Vector or DST,Default maximum for the category — confirm per product.,,,,,,,,,,,
decoration,MP-0181,,,,,,,,,,,,,,,,,,,,,,,,,,,,,,,,,,,,embroidery,left_chest,90,90,6,Vector or DST,Default maximum for the category — confirm per product.,,,,,,,,,,,
decoration,MP-0181,,,,,,,,,,,,,,,,,,,,,,,,,,,,,,,,,,,,embroidery,sleeve,70,70,6,Vector or DST,Default maximum for the category — confirm per product.,,,,,,,,,,,
decoration,MP-0181,,,,,,,,,,,,,,,,,,,,,,,,,,,,,,,,,,,,screen,front,300,400,4,Vector,Default maximum for the category — confirm per product.,,,,,,,,,,,
decoration,MP-0181,,,,,,,,,,,,,,,,,,,,,,,,,,,,,,,,,,,,screen,back,320,420,4,Vector,Default maximum for the category — confirm per product.,,,,,,,,,,,
decoration,MP-0181,,,,,,,,,,,,,,,,,,,,,,,,,,,,,,,,,,,,screen,left_chest,100,100,4,Vector,Default maximum for the category — confirm per product.,,,,,,,,,,,
decoration,MP-0181,,,,,,,,,,,,,,,,,,,,,,,,,,,,,,,,,,,,screen,sleeve,80,300,4,Vector,Default maximum for the category — confirm per product.,,,,,,,,,,,
decoration,MP-0181,,,,,,,,,,,,,,,,,,,,,,,,,,,,,,,,,,,,dtf,front,300,400,4,Vector,Default maximum for the category — confirm per product.,,,,,,,,,,,
decoration,MP-0181,,,,,,,,,,,,,,,,,,,,,,,,,,,,,,,,,,,,dtf,back,320,420,4,Vector,Default maximum for the category — confirm per product.,,,,,,,,,,,
decoration,MP-0181,,,,,,,,,,,,,,,,,,,,,,,,,,,,,,,,,,,,dtf,left_chest,100,100,4,Vector,Default maximum for the category — confirm per product.,,,,,,,,,,,
decoration,MP-0181,,,,,,,,,,,,,,,,,,,,,,,,,,,,,,,,,,,,dtf,sleeve,80,300,4,Vector,Default maximum for the category — confirm per product.,,,,,,,,,,,
decoration,MP-0181,,,,,,,,,,,,,,,,,,,,,,,,,,,,,,,,,,,,dtg,front,300,400,4,Vector,Default maximum for the category — confirm per product.,,,,,,,,,,,
decoration,MP-0181,,,,,,,,,,,,,,,,,,,,,,,,,,,,,,,,,,,,dtg,back,320,420,4,Vector,Default maximum for the category — confirm per product.,,,,,,,,,,,
decoration,MP-0181,,,,,,,,,,,,,,,,,,,,,,,,,,,,,,,,,,,,dtg,left_chest,100,100,4,Vector,Default maximum for the category — confirm per product.,,,,,,,,,,,
decoration,MP-0181,,,,,,,,,,,,,,,,,,,,,,,,,,,,,,,,,,,,dtg,sleeve,80,300,4,Vector,Default maximum for the category — confirm per product.,,,,,,,,,,,
product,MP-0182,stella-serena,Stella Serena,T-shirts,published,25,EUR,23.75,20.59,17.56,15.14,13.99,5.55,3,5,c002|c001|c727|c250|c054|c143|c005|c360|c244|c004|c063|c359|c728|c149|c702|c724|c223|c078|c730|c147|c253,XS|S|M|L|XL|XXL,embroidery|screen|dtf|dtg,front|back|left_chest|sleeve,yes,"Shell: Single Jersey, 100% Cotton - Organic Ring Spun Combed, Fabric washed","Shell: Single Jersey, 100% Cotton - Organic Ring Spun Combed, Fabric washed",155,,,,Stanley/Stella,STTW173,,,,,,,,,,,,,,,cost 5.55; worst-case decoration 5.86 at 100; market blank 5.70; ours 3.08x market,,,,,,,,,,,
variant,MP-0182,,,,published,,,,,,,,,,,,,,,,,,,,,,,,c002,MP0182-C002,0.00,,,,,,,,,,,,,,,,,,,,,,,
variant,MP-0182,,,,published,,,,,,,,,,,,,,,,,,,,,,,,c001,MP0182-C001,0.00,,,,,,,,,,,,,,,,,,,,,,,
variant,MP-0182,,,,published,,,,,,,,,,,,,,,,,,,,,,,,c727,MP0182-C727,0.00,,,,,,,,,,,,,,,,,,,,,,,
variant,MP-0182,,,,published,,,,,,,,,,,,,,,,,,,,,,,,c250,MP0182-C250,0.00,,,,,,,,,,,,,,,,,,,,,,,
variant,MP-0182,,,,published,,,,,,,,,,,,,,,,,,,,,,,,c054,MP0182-C054,0.00,,,,,,,,,,,,,,,,,,,,,,,
variant,MP-0182,,,,published,,,,,,,,,,,,,,,,,,,,,,,,c143,MP0182-C143,0.00,,,,,,,,,,,,,,,,,,,,,,,
variant,MP-0182,,,,published,,,,,,,,,,,,,,,,,,,,,,,,c005,MP0182-C005,0.00,,,,,,,,,,,,,,,,,,,,,,,
variant,MP-0182,,,,published,,,,,,,,,,,,,,,,,,,,,,,,c360,MP0182-C360,0.00,,,,,,,,,,,,,,,,,,,,,,,
variant,MP-0182,,,,published,,,,,,,,,,,,,,,,,,,,,,,,c244,MP0182-C244,0.00,,,,,,,,,,,,,,,,,,,,,,,
variant,MP-0182,,,,published,,,,,,,,,,,,,,,,,,,,,,,,c004,MP0182-C004,0.00,,,,,,,,,,,,,,,,,,,,,,,
variant,MP-0182,,,,published,,,,,,,,,,,,,,,,,,,,,,,,c063,MP0182-C063,0.00,,,,,,,,,,,,,,,,,,,,,,,
variant,MP-0182,,,,published,,,,,,,,,,,,,,,,,,,,,,,,c359,MP0182-C359,0.00,,,,,,,,,,,,,,,,,,,,,,,
variant,MP-0182,,,,published,,,,,,,,,,,,,,,,,,,,,,,,c728,MP0182-C728,0.00,,,,,,,,,,,,,,,,,,,,,,,
variant,MP-0182,,,,published,,,,,,,,,,,,,,,,,,,,,,,,c149,MP0182-C149,0.00,,,,,,,,,,,,,,,,,,,,,,,
variant,MP-0182,,,,published,,,,,,,,,,,,,,,,,,,,,,,,c702,MP0182-C702,0.00,,,,,,,,,,,,,,,,,,,,,,,
variant,MP-0182,,,,published,,,,,,,,,,,,,,,,,,,,,,,,c724,MP0182-C724,0.00,,,,,,,,,,,,,,,,,,,,,,,
variant,MP-0182,,,,published,,,,,,,,,,,,,,,,,,,,,,,,c223,MP0182-C223,0.00,,,,,,,,,,,,,,,,,,,,,,,
variant,MP-0182,,,,published,,,,,,,,,,,,,,,,,,,,,,,,c078,MP0182-C078,0.00,,,,,,,,,,,,,,,,,,,,,,,
variant,MP-0182,,,,published,,,,,,,,,,,,,,,,,,,,,,,,c730,MP0182-C730,0.00,,,,,,,,,,,,,,,,,,,,,,,
variant,MP-0182,,,,published,,,,,,,,,,,,,,,,,,,,,,,,c147,MP0182-C147,0.00,,,,,,,,,,,,,,,,,,,,,,,
variant,MP-0182,,,,published,,,,,,,,,,,,,,,,,,,,,,,,c253,MP0182-C253,0.00,,,,,,,,,,,,,,,,,,,,,,,
image,MP-0182,,,,,,,,,,,,,,,,,,,,,,,,,,,,,,,,,"https://res.cloudinary.com/www-stanleystella-com/image/upload/c_lpad,w_1600,f_auto,q_auto/v1/TechnicalNames/PFD0_STTW173_C002.jpg?_i=AB",Stella Serena in Black,1,,,,,,,,,,,,,,,,,,
image,MP-0182,,,,,,,,,,,,,,,,,,,,,,,,,,,,c001,,,,,"https://res.cloudinary.com/www-stanleystella-com/image/upload/c_lpad,w_1600,f_auto,q_auto/v1/TechnicalNames/PFD0_STTW173_C001.jpg?_i=AB",Stella Serena in White,2,,,,,,,,,,,,,,,,,,
image,MP-0182,,,,,,,,,,,,,,,,,,,,,,,,,,,,c727,,,,,"https://res.cloudinary.com/www-stanleystella-com/image/upload/c_lpad,w_1600,f_auto,q_auto/v1/TechnicalNames/PFD0_STTW173_C727.jpg?_i=AB",Stella Serena in French Navy,3,,,,,,,,,,,,,,,,,,
image,MP-0182,,,,,,,,,,,,,,,,,,,,,,,,,,,,c250,,,,,"https://res.cloudinary.com/www-stanleystella-com/image/upload/c_lpad,w_1600,f_auto,q_auto/v1/TechnicalNames/PFD0_STTW173_C250.jpg?_i=AB",Stella Serena in Heather Grey,4,,,,,,,,,,,,,,,,,,
image,MP-0182,,,,,,,,,,,,,,,,,,,,,,,,,,,,c054,,,,,"https://res.cloudinary.com/www-stanleystella-com/image/upload/c_lpad,w_1600,f_auto,q_auto/v1/TechnicalNames/PFD0_STTW173_C054.jpg?_i=AB",Stella Serena in Natural Raw,5,,,,,,,,,,,,,,,,,,
image,MP-0182,,,,,,,,,,,,,,,,,,,,,,,,,,,,c143,,,,,"https://res.cloudinary.com/www-stanleystella-com/image/upload/c_lpad,w_1600,f_auto,q_auto/v1/TechnicalNames/PFD0_STTW173_C143.jpg?_i=AB",Stella Serena in Fiesta,6,,,,,,,,,,,,,,,,,,
image,MP-0182,,,,,,,,,,,,,,,,,,,,,,,,,,,,c005,,,,,"https://res.cloudinary.com/www-stanleystella-com/image/upload/c_lpad,w_1600,f_auto,q_auto/v1/TechnicalNames/PFD0_STTW173_C005.jpg?_i=AB",Stella Serena in Cotton Pink,7,,,,,,,,,,,,,,,,,,
image,MP-0182,,,,,,,,,,,,,,,,,,,,,,,,,,,,c360,,,,,"https://res.cloudinary.com/www-stanleystella-com/image/upload/c_lpad,w_1600,f_auto,q_auto/v1/TechnicalNames/PBM0_STTW173_C360.jpg?_i=AB",Stella Serena in Pink Joy,8,,,,,,,,,,,,,,,,,,
image,MP-0182,,,,,,,,,,,,,,,,,,,,,,,,,,,,c244,,,,,"https://res.cloudinary.com/www-stanleystella-com/image/upload/c_lpad,w_1600,f_auto,q_auto/v1/TechnicalNames/PFD0_STTW173_C244.jpg?_i=AB",Stella Serena in Burgundy,9,,,,,,,,,,,,,,,,,,
image,MP-0182,,,,,,,,,,,,,,,,,,,,,,,,,,,,c004,,,,,"https://res.cloudinary.com/www-stanleystella-com/image/upload/c_lpad,w_1600,f_auto,q_auto/v1/TechnicalNames/PFD0_STTW173_C004.jpg?_i=AB",Stella Serena in Red,10,,,,,,,,,,,,,,,,,,
image,MP-0182,,,,,,,,,,,,,,,,,,,,,,,,,,,,c063,,,,,"https://res.cloudinary.com/www-stanleystella-com/image/upload/c_lpad,w_1600,f_auto,q_auto/v1/TechnicalNames/PFD0_STTW173_C063.jpg?_i=AB",Stella Serena in Lavender,11,,,,,,,,,,,,,,,,,,
image,MP-0182,,,,,,,,,,,,,,,,,,,,,,,,,,,,c359,,,,,"https://res.cloudinary.com/www-stanleystella-com/image/upload/c_lpad,w_1600,f_auto,q_auto/v1/TechnicalNames/SFM5_STTW173_C359.jpg?_i=AB",Stella Serena in Dusk,12,,,,,,,,,,,,,,,,,,
image,MP-0182,,,,,,,,,,,,,,,,,,,,,,,,,,,,c728,,,,,"https://res.cloudinary.com/www-stanleystella-com/image/upload/c_lpad,w_1600,f_auto,q_auto/v1/TechnicalNames/SBM5_STTW173_C728.jpg?_i=AB",Stella Serena in Blue Ice,13,,,,,,,,,,,,,,,,,,
image,MP-0182,,,,,,,,,,,,,,,,,,,,,,,,,,,,c149,,,,,"https://res.cloudinary.com/www-stanleystella-com/image/upload/c_lpad,w_1600,f_auto,q_auto/v1/TechnicalNames/PFD0_STTW173_C149.jpg?_i=AB",Stella Serena in Blue soul,14,,,,,,,,,,,,,,,,,,
image,MP-0182,,,,,,,,,,,,,,,,,,,,,,,,,,,,c702,,,,,"https://res.cloudinary.com/www-stanleystella-com/image/upload/c_lpad,w_1600,f_auto,q_auto/v1/TechnicalNames/PFD0_STTW173_C702.jpg?_i=AB",Stella Serena in Stargazer,15,,,,,,,,,,,,,,,,,,
image,MP-0182,,,,,,,,,,,,,,,,,,,,,,,,,,,,c724,,,,,"https://res.cloudinary.com/www-stanleystella-com/image/upload/c_lpad,w_1600,f_auto,q_auto/v1/TechnicalNames/PFD0_STTW173_C724.jpg?_i=AB",Stella Serena in Caribbean Blue,16,,,,,,,,,,,,,,,,,,
image,MP-0182,,,,,,,,,,,,,,,,,,,,,,,,,,,,c223,,,,,"https://res.cloudinary.com/www-stanleystella-com/image/upload/c_lpad,w_1600,f_auto,q_auto/v1/TechnicalNames/PFD0_STTW173_C223.jpg?_i=AB",Stella Serena in Khaki,17,,,,,,,,,,,,,,,,,,
image,MP-0182,,,,,,,,,,,,,,,,,,,,,,,,,,,,c078,,,,,"https://res.cloudinary.com/www-stanleystella-com/image/upload/c_lpad,w_1600,f_auto,q_auto/v1/TechnicalNames/PFD0_STTW173_C078.jpg?_i=AB",Stella Serena in Butter,18,,,,,,,,,,,,,,,,,,
image,MP-0182,,,,,,,,,,,,,,,,,,,,,,,,,,,,c730,,,,,"https://res.cloudinary.com/www-stanleystella-com/image/upload/c_lpad,w_1600,f_auto,q_auto/v1/TechnicalNames/SBM5_STTW173_C730.jpg?_i=AB",Stella Serena in Heritage Brown,19,,,,,,,,,,,,,,,,,,
image,MP-0182,,,,,,,,,,,,,,,,,,,,,,,,,,,,c147,,,,,"https://res.cloudinary.com/www-stanleystella-com/image/upload/c_lpad,w_1600,f_auto,q_auto/v1/TechnicalNames/PFD0_STTW173_C147.jpg?_i=AB",Stella Serena in Eco-Heather,20,,,,,,,,,,,,,,,,,,
image,MP-0182,,,,,,,,,,,,,,,,,,,,,,,,,,,,c253,,,,,"https://res.cloudinary.com/www-stanleystella-com/image/upload/c_lpad,w_1600,f_auto,q_auto/v1/TechnicalNames/SBM5_STTW173_C253.jpg?_i=AB",Stella Serena in Anthracite,21,,,,,,,,,,,,,,,,,,
decoration,MP-0182,,,,,,,,,,,,,,,,,,,,,,,,,,,,,,,,,,,,embroidery,front,160,160,6,Vector or DST,Default maximum for the category — confirm per product.,,,,,,,,,,,
decoration,MP-0182,,,,,,,,,,,,,,,,,,,,,,,,,,,,,,,,,,,,embroidery,back,200,200,6,Vector or DST,Default maximum for the category — confirm per product.,,,,,,,,,,,
decoration,MP-0182,,,,,,,,,,,,,,,,,,,,,,,,,,,,,,,,,,,,embroidery,left_chest,90,90,6,Vector or DST,Default maximum for the category — confirm per product.,,,,,,,,,,,
decoration,MP-0182,,,,,,,,,,,,,,,,,,,,,,,,,,,,,,,,,,,,embroidery,sleeve,70,70,6,Vector or DST,Default maximum for the category — confirm per product.,,,,,,,,,,,
decoration,MP-0182,,,,,,,,,,,,,,,,,,,,,,,,,,,,,,,,,,,,screen,front,300,400,4,Vector,Default maximum for the category — confirm per product.,,,,,,,,,,,
decoration,MP-0182,,,,,,,,,,,,,,,,,,,,,,,,,,,,,,,,,,,,screen,back,320,420,4,Vector,Default maximum for the category — confirm per product.,,,,,,,,,,,
decoration,MP-0182,,,,,,,,,,,,,,,,,,,,,,,,,,,,,,,,,,,,screen,left_chest,100,100,4,Vector,Default maximum for the category — confirm per product.,,,,,,,,,,,
decoration,MP-0182,,,,,,,,,,,,,,,,,,,,,,,,,,,,,,,,,,,,screen,sleeve,80,300,4,Vector,Default maximum for the category — confirm per product.,,,,,,,,,,,
decoration,MP-0182,,,,,,,,,,,,,,,,,,,,,,,,,,,,,,,,,,,,dtf,front,300,400,4,Vector,Default maximum for the category — confirm per product.,,,,,,,,,,,
decoration,MP-0182,,,,,,,,,,,,,,,,,,,,,,,,,,,,,,,,,,,,dtf,back,320,420,4,Vector,Default maximum for the category — confirm per product.,,,,,,,,,,,
decoration,MP-0182,,,,,,,,,,,,,,,,,,,,,,,,,,,,,,,,,,,,dtf,left_chest,100,100,4,Vector,Default maximum for the category — confirm per product.,,,,,,,,,,,
decoration,MP-0182,,,,,,,,,,,,,,,,,,,,,,,,,,,,,,,,,,,,dtf,sleeve,80,300,4,Vector,Default maximum for the category — confirm per product.,,,,,,,,,,,
decoration,MP-0182,,,,,,,,,,,,,,,,,,,,,,,,,,,,,,,,,,,,dtg,front,300,400,4,Vector,Default maximum for the category — confirm per product.,,,,,,,,,,,
decoration,MP-0182,,,,,,,,,,,,,,,,,,,,,,,,,,,,,,,,,,,,dtg,back,320,420,4,Vector,Default maximum for the category — confirm per product.,,,,,,,,,,,
decoration,MP-0182,,,,,,,,,,,,,,,,,,,,,,,,,,,,,,,,,,,,dtg,left_chest,100,100,4,Vector,Default maximum for the category — confirm per product.,,,,,,,,,,,
decoration,MP-0182,,,,,,,,,,,,,,,,,,,,,,,,,,,,,,,,,,,,dtg,sleeve,80,300,4,Vector,Default maximum for the category — confirm per product.,,,,,,,,,,,
product,MP-0183,stella-singer,Stella Singer,T-shirts,published,25,EUR,,,,,,,3,5,c001|c002|c727,XS|S|M|L|XL,embroidery|screen|dtf|dtg,front|back|left_chest|sleeve,yes,"Shell: Single Jersey, 100% Cotton - Organic Ring Spun Combed, Fabric washed","Shell: Single Jersey, 100% Cotton - Organic Ring Spun Combed, Fabric washed",120,,,,Stanley/Stella,STTW021,,,,,,,,,,,,,,,No supplier cost on file — quote on inquiry.,,,,,,,,,,,
variant,MP-0183,,,,published,,,,,,,,,,,,,,,,,,,,,,,,c001,MP0183-C001,0.00,,,,,,,,,,,,,,,,,,,,,,,
variant,MP-0183,,,,published,,,,,,,,,,,,,,,,,,,,,,,,c002,MP0183-C002,0.00,,,,,,,,,,,,,,,,,,,,,,,
variant,MP-0183,,,,published,,,,,,,,,,,,,,,,,,,,,,,,c727,MP0183-C727,0.00,,,,,,,,,,,,,,,,,,,,,,,
image,MP-0183,,,,,,,,,,,,,,,,,,,,,,,,,,,,,,,,,"https://res.cloudinary.com/www-stanleystella-com/image/upload/c_lpad,w_1600,f_auto,q_auto/v1/TechnicalNames/SFM5_STTW021_C727.jpg?_i=AB",Stella Singer in French Navy,1,,,,,,,,,,,,,,,,,,
decoration,MP-0183,,,,,,,,,,,,,,,,,,,,,,,,,,,,,,,,,,,,embroidery,front,160,160,6,Vector or DST,Default maximum for the category — confirm per product.,,,,,,,,,,,
decoration,MP-0183,,,,,,,,,,,,,,,,,,,,,,,,,,,,,,,,,,,,embroidery,back,200,200,6,Vector or DST,Default maximum for the category — confirm per product.,,,,,,,,,,,
decoration,MP-0183,,,,,,,,,,,,,,,,,,,,,,,,,,,,,,,,,,,,embroidery,left_chest,90,90,6,Vector or DST,Default maximum for the category — confirm per product.,,,,,,,,,,,
decoration,MP-0183,,,,,,,,,,,,,,,,,,,,,,,,,,,,,,,,,,,,embroidery,sleeve,70,70,6,Vector or DST,Default maximum for the category — confirm per product.,,,,,,,,,,,
decoration,MP-0183,,,,,,,,,,,,,,,,,,,,,,,,,,,,,,,,,,,,screen,front,300,400,4,Vector,Default maximum for the category — confirm per product.,,,,,,,,,,,
decoration,MP-0183,,,,,,,,,,,,,,,,,,,,,,,,,,,,,,,,,,,,screen,back,320,420,4,Vector,Default maximum for the category — confirm per product.,,,,,,,,,,,
decoration,MP-0183,,,,,,,,,,,,,,,,,,,,,,,,,,,,,,,,,,,,screen,left_chest,100,100,4,Vector,Default maximum for the category — confirm per product.,,,,,,,,,,,
decoration,MP-0183,,,,,,,,,,,,,,,,,,,,,,,,,,,,,,,,,,,,screen,sleeve,80,300,4,Vector,Default maximum for the category — confirm per product.,,,,,,,,,,,
decoration,MP-0183,,,,,,,,,,,,,,,,,,,,,,,,,,,,,,,,,,,,dtf,front,300,400,4,Vector,Default maximum for the category — confirm per product.,,,,,,,,,,,
decoration,MP-0183,,,,,,,,,,,,,,,,,,,,,,,,,,,,,,,,,,,,dtf,back,320,420,4,Vector,Default maximum for the category — confirm per product.,,,,,,,,,,,
decoration,MP-0183,,,,,,,,,,,,,,,,,,,,,,,,,,,,,,,,,,,,dtf,left_chest,100,100,4,Vector,Default maximum for the category — confirm per product.,,,,,,,,,,,
decoration,MP-0183,,,,,,,,,,,,,,,,,,,,,,,,,,,,,,,,,,,,dtf,sleeve,80,300,4,Vector,Default maximum for the category — confirm per product.,,,,,,,,,,,
decoration,MP-0183,,,,,,,,,,,,,,,,,,,,,,,,,,,,,,,,,,,,dtg,front,300,400,4,Vector,Default maximum for the category — confirm per product.,,,,,,,,,,,
decoration,MP-0183,,,,,,,,,,,,,,,,,,,,,,,,,,,,,,,,,,,,dtg,back,320,420,4,Vector,Default maximum for the category — confirm per product.,,,,,,,,,,,
decoration,MP-0183,,,,,,,,,,,,,,,,,,,,,,,,,,,,,,,,,,,,dtg,left_chest,100,100,4,Vector,Default maximum for the category — confirm per product.,,,,,,,,,,,
decoration,MP-0183,,,,,,,,,,,,,,,,,,,,,,,,,,,,,,,,,,,,dtg,sleeve,80,300,4,Vector,Default maximum for the category — confirm per product.,,,,,,,,,,,
product,MP-0184,stella-spinner,Stella Spinner,T-shirts,published,25,EUR,,,,,,,3,5,c001|c002|c063|c727|c038,XS|S|M|L|XL|XXL,embroidery|screen|dtf|dtg,front|back|left_chest|sleeve,yes,"Shell: Single Jersey, 100% Cotton - Organic Ring Spun Combed, Fabric washed","Shell: Single Jersey, 100% Cotton - Organic Ring Spun Combed, Fabric washed",180,,,,Stanley/Stella,STDW144,,,,,,,,,,,,,,,No supplier cost on file — quote on inquiry.,,,,,,,,,,,
variant,MP-0184,,,,published,,,,,,,,,,,,,,,,,,,,,,,,c001,MP0184-C001,0.00,,,,,,,,,,,,,,,,,,,,,,,
variant,MP-0184,,,,published,,,,,,,,,,,,,,,,,,,,,,,,c002,MP0184-C002,0.00,,,,,,,,,,,,,,,,,,,,,,,
variant,MP-0184,,,,published,,,,,,,,,,,,,,,,,,,,,,,,c063,MP0184-C063,0.00,,,,,,,,,,,,,,,,,,,,,,,
variant,MP-0184,,,,published,,,,,,,,,,,,,,,,,,,,,,,,c727,MP0184-C727,0.00,,,,,,,,,,,,,,,,,,,,,,,
variant,MP-0184,,,,published,,,,,,,,,,,,,,,,,,,,,,,,c038,MP0184-C038,0.00,,,,,,,,,,,,,,,,,,,,,,,
image,MP-0184,,,,,,,,,,,,,,,,,,,,,,,,,,,,,,,,,"https://res.cloudinary.com/www-stanleystella-com/image/upload/c_lpad,w_1600,f_auto,q_auto/v1/TechnicalNames/SFM5_STDW144_C063.jpg?_i=AB",Stella Spinner in Lavender,1,,,,,,,,,,,,,,,,,,
decoration,MP-0184,,,,,,,,,,,,,,,,,,,,,,,,,,,,,,,,,,,,embroidery,front,160,160,6,Vector or DST,Default maximum for the category — confirm per product.,,,,,,,,,,,
decoration,MP-0184,,,,,,,,,,,,,,,,,,,,,,,,,,,,,,,,,,,,embroidery,back,200,200,6,Vector or DST,Default maximum for the category — confirm per product.,,,,,,,,,,,
decoration,MP-0184,,,,,,,,,,,,,,,,,,,,,,,,,,,,,,,,,,,,embroidery,left_chest,90,90,6,Vector or DST,Default maximum for the category — confirm per product.,,,,,,,,,,,
decoration,MP-0184,,,,,,,,,,,,,,,,,,,,,,,,,,,,,,,,,,,,embroidery,sleeve,70,70,6,Vector or DST,Default maximum for the category — confirm per product.,,,,,,,,,,,
decoration,MP-0184,,,,,,,,,,,,,,,,,,,,,,,,,,,,,,,,,,,,screen,front,300,400,4,Vector,Default maximum for the category — confirm per product.,,,,,,,,,,,
decoration,MP-0184,,,,,,,,,,,,,,,,,,,,,,,,,,,,,,,,,,,,screen,back,320,420,4,Vector,Default maximum for the category — confirm per product.,,,,,,,,,,,
decoration,MP-0184,,,,,,,,,,,,,,,,,,,,,,,,,,,,,,,,,,,,screen,left_chest,100,100,4,Vector,Default maximum for the category — confirm per product.,,,,,,,,,,,
decoration,MP-0184,,,,,,,,,,,,,,,,,,,,,,,,,,,,,,,,,,,,screen,sleeve,80,300,4,Vector,Default maximum for the category — confirm per product.,,,,,,,,,,,
decoration,MP-0184,,,,,,,,,,,,,,,,,,,,,,,,,,,,,,,,,,,,dtf,front,300,400,4,Vector,Default maximum for the category — confirm per product.,,,,,,,,,,,
decoration,MP-0184,,,,,,,,,,,,,,,,,,,,,,,,,,,,,,,,,,,,dtf,back,320,420,4,Vector,Default maximum for the category — confirm per product.,,,,,,,,,,,
decoration,MP-0184,,,,,,,,,,,,,,,,,,,,,,,,,,,,,,,,,,,,dtf,left_chest,100,100,4,Vector,Default maximum for the category — confirm per product.,,,,,,,,,,,
decoration,MP-0184,,,,,,,,,,,,,,,,,,,,,,,,,,,,,,,,,,,,dtf,sleeve,80,300,4,Vector,Default maximum for the category — confirm per product.,,,,,,,,,,,
decoration,MP-0184,,,,,,,,,,,,,,,,,,,,,,,,,,,,,,,,,,,,dtg,front,300,400,4,Vector,Default maximum for the category — confirm per product.,,,,,,,,,,,
decoration,MP-0184,,,,,,,,,,,,,,,,,,,,,,,,,,,,,,,,,,,,dtg,back,320,420,4,Vector,Default maximum for the category — confirm per product.,,,,,,,,,,,
decoration,MP-0184,,,,,,,,,,,,,,,,,,,,,,,,,,,,,,,,,,,,dtg,left_chest,100,100,4,Vector,Default maximum for the category — confirm per product.,,,,,,,,,,,
decoration,MP-0184,,,,,,,,,,,,,,,,,,,,,,,,,,,,,,,,,,,,dtg,sleeve,80,300,4,Vector,Default maximum for the category — confirm per product.,,,,,,,,,,,
